2026-05-16 10:37:46,039 INFO live_engine Log file: C:\Users\micha\Desktop\github\NHL-BOT\baseball\logs\real-logs\2026-05-16.log
2026-05-16 10:37:46,051 INFO daily_refresh Startup refresh plan: active_date=2026-05-16 max_refresh_date=2026-05-15 steps=49 strict=False
2026-05-16 10:37:46,052 INFO daily_refresh Startup refresh step started: preflight_env_secrets
2026-05-16 10:37:46,059 INFO daily_refresh Startup refresh step ok: preflight_env_secrets (0.0s)
2026-05-16 10:37:46,059 DEBUG daily_refresh Startup refresh output tail for preflight_env_secrets:
env_path=C:\Users\micha\Desktop\github\NHL-BOT\baseball\.env
POLY_PRIVATE_KEY present (length=66)
2026-05-16 10:37:46,060 INFO daily_refresh Startup refresh step started: scrape_recent_games
2026-05-16 10:37:46,422 INFO daily_refresh Startup refresh step ok: scrape_recent_games (0.4s)
2026-05-16 10:37:46,422 DEBUG daily_refresh Startup refresh output tail for scrape_recent_games:
========================================================================
MLB Historical Scrape
========================================================================
Date range:      2026-05-09 -> 2026-05-15
Game types:      R
Sport ID:        1
Max workers:     8
Overwrite:       False
Dry run:         False
Output root:     C:\Users\micha\Desktop\github\NHL-BOT\baseball\data
========================================================================

[2026-05] Fetching schedule 2026-05-09 -> 2026-05-15 ...
  games=92 — downloading feeds ...
  complete: downloaded=0 skipped=92 failed=0

========================================================================
SCRAPE SUMMARY
========================================================================
Months processed:   1
Games discovered:   92
Downloaded:         0
Skipped existing:   92
Failed:             0
Run manifest:       C:\Users\micha\Desktop\github\NHL-BOT\baseball\data\manifests\runs\run_20260516T143746Z.json
========================================================================
2026-05-16 10:37:46,422 INFO daily_refresh Startup refresh step started: stage1_ou_cache
2026-05-16 10:43:54,818 INFO daily_refresh Startup refresh step ok: stage1_ou_cache (366.2s)
2026-05-16 10:43:54,819 DEBUG daily_refresh Startup refresh output tail for stage1_ou_cache:
Found 12400 files under C:\Users\micha\Desktop\github\NHL-BOT\baseball\data\games\regular (from 23587 total after history filters). Parsing pass 1...
  pass1 0/12400 files ...
  pass1 1000/12400 files ...
  pass1 2000/12400 files ...
  pass1 3000/12400 files ...
  pass1 4000/12400 files ...
  pass1 5000/12400 files ...
  pass1 6000/12400 files ...
  pass1 7000/12400 files ...
  pass1 8000/12400 files ...
  pass1 9000/12400 files ...
  pass1 10000/12400 files ...
  pass1 11000/12400 files ...
  pass1 12000/12400 files ...
Parsing pass 2 for fallback calibration ...
  pass2 0/12400 files ...
  pass2 1000/12400 files ...
  pass2 2000/12400 files ...
  pass2 3000/12400 files ...
  pass2 4000/12400 files ...
  pass2 5000/12400 files ...
  pass2 6000/12400 files ...
  pass2 7000/12400 files ...
  pass2 8000/12400 files ...
  pass2 9000/12400 files ...
  pass2 10000/12400 files ...
  pass2 11000/12400 files ...
  pass2 12000/12400 files ...
Building cache cells ...

Cache build complete:
  Games loaded: 12148
  Seasons: 2021, 2022, 2023, 2024, 2025
  History window: 2021-04-01 -> 2025-09-28
  Duplicate game files skipped: 250
  Samples recorded: 915426
  Valid cells: 4298
  Skipped low games: 36343
  Skipped high score cells: 1871
  Calibration keys: 3179 (prior_n=80, min_n=20, samples=245100)

Sample cells:
  0_0_1_T_0_0        n=12148 n_samples= 12148 lam=8.92 label=Top1  0 out  bases=---
  0_0_1_B_0_0        n=8910 n_samples=  8910 lam=8.46 label=Bot1  0 out  bases=---
  1_0_5_T_1_3        n=  76 n_samples=    76 lam=5.41 label=Top5  1 out  bases=12-

Saved cache -> C:\Users\micha\Desktop\github\NHL-BOT\baseball\cache\mlb_ou_cache.staging.json
2026-05-16 10:43:54,819 INFO daily_refresh Startup refresh step started: stage1_cache_promote
2026-05-16 10:43:54,862 INFO daily_refresh Startup refresh step ok: stage1_cache_promote (0.0s)
2026-05-16 10:43:54,862 DEBUG daily_refresh Startup refresh output tail for stage1_cache_promote:
ok Stage-1 promoted: mlb_ou_cache.staging.json -> mlb_ou_cache.json. sanity guard passed: staging 12148 games >= 99% of production 12148.
2026-05-16 10:43:54,862 INFO daily_refresh Startup refresh step started: scrape_active_schedule
2026-05-16 10:43:55,300 INFO daily_refresh Startup refresh step ok: scrape_active_schedule (0.4s)
2026-05-16 10:43:55,300 DEBUG daily_refresh Startup refresh output tail for scrape_active_schedule:
========================================================================
MLB Historical Scrape
========================================================================
Date range:      2026-05-01 -> 2026-05-31
Game types:      R
Sport ID:        1
Max workers:     8
Overwrite:       False
Dry run:         True
Output root:     C:\Users\micha\Desktop\github\NHL-BOT\baseball\data
========================================================================

[2026-05] Fetching schedule 2026-05-01 -> 2026-05-31 ...
  games=424 (dry-run, no game feed downloads)

========================================================================
SCRAPE SUMMARY
========================================================================
Months processed:   1
Games discovered:   424
Downloaded:         0
Skipped existing:   0
Failed:             0
Run manifest:       C:\Users\micha\Desktop\github\NHL-BOT\baseball\data\manifests\runs\run_20260516T144355Z.json
========================================================================
2026-05-16 10:43:55,300 INFO daily_refresh Startup refresh step started: game_weather_cache
2026-05-16 10:43:57,747 INFO daily_refresh Startup refresh step ok: game_weather_cache (2.5s)
2026-05-16 10:43:57,747 DEBUG daily_refresh Startup refresh output tail for game_weather_cache:
2026-05-16 10:43:57,733 INFO refresh_game_weather Weather cache refreshed: date=2026-05-16 provider=open-meteo games=15 provider_ok=15 output=C:\Users\micha\Desktop\github\NHL-BOT\baseball\cache\weather\game_weather_2026-05-16.json
{
  "coverage": {
    "fixed_roof_default": 1,
    "metadata_matched": 15,
    "missing_metadata": 0,
    "provider_disabled": 0,
    "provider_missing": 0,
    "provider_ok": 15,
    "retractable_roof_default": 2,
    "scheduled_games": 15
  },
  "date": "2026-05-16",
  "output_path": "C:\\Users\\micha\\Desktop\\github\\NHL-BOT\\baseball\\cache\\weather\\game_weather_2026-05-16.json",
  "warnings": []
}
2026-05-16 10:43:57,747 INFO daily_refresh Startup refresh step started: pitcher_cache
2026-05-16 10:43:58,068 INFO daily_refresh Startup refresh step ok: pitcher_cache (0.3s)
2026-05-16 10:43:58,068 DEBUG daily_refresh Startup refresh output tail for pitcher_cache:
2026-05-16 10:43:57,878 INFO Fetching pitching stats offset=0 limit=500 ...
2026-05-16 10:43:58,052 INFO Total pitcher splits fetched: 75
2026-05-16 10:43:58,052 INFO Pitchers in cache: 75  (skipped low_ip=0  no_era=0)
2026-05-16 10:43:58,053 INFO Computed avg ERA across 75 pitchers: 3.48 (MLB_AVG constant: 4.20)
2026-05-16 10:43:58,054 INFO Pitcher cache written to C:\Users\micha\Desktop\github\NHL-BOT\baseball\cache\pitcher_cache.json  (75 pitchers)
2026-05-16 10:43:58,068 INFO daily_refresh Startup refresh step started: team_game_log
2026-05-16 10:45:46,452 INFO daily_refresh Startup refresh step ok: team_game_log (108.4s)
2026-05-16 10:45:46,452 DEBUG daily_refresh Startup refresh output tail for team_game_log:
2026-05-16 10:43:58,117 INFO Scanning game feeds under C:\Users\micha\Desktop\github\NHL-BOT\baseball\data for seasons ['2021', '2022', '2023', '2024', '2025', '2026'] ...
2026-05-16 10:43:58,137 INFO   Year 2021: 2512 files
2026-05-16 10:44:19,211 INFO     -> 2511 valid final games
2026-05-16 10:44:19,230 INFO   Year 2022: 2479 files
2026-05-16 10:44:39,715 INFO     -> 2479 valid final games
2026-05-16 10:44:39,734 INFO   Year 2023: 2476 files
2026-05-16 10:45:00,016 INFO     -> 2476 valid final games
2026-05-16 10:45:00,037 INFO   Year 2024: 2469 files
2026-05-16 10:45:20,351 INFO     -> 2468 valid final games
2026-05-16 10:45:20,371 INFO   Year 2025: 2464 files
2026-05-16 10:45:41,047 INFO     -> 2464 valid final games
2026-05-16 10:45:41,053 INFO   Year 2026: 330 files
2026-05-16 10:45:46,387 INFO     -> 297 valid final games
2026-05-16 10:45:46,389 INFO Total: 12695 games loaded, 2 files skipped
2026-05-16 10:45:46,442 INFO Wrote 12695 games to C:\Users\micha\Desktop\github\NHL-BOT\baseball\cache\team_game_log.json (108.3s)  MLB avg RPG=4.444  avg total=8.888
2026-05-16 10:45:46,452 INFO daily_refresh Startup refresh step started: park_hr_factors
2026-05-16 10:47:29,648 INFO daily_refresh Startup refresh step ok: park_hr_factors (103.2s)
2026-05-16 10:47:29,648 DEBUG daily_refresh Startup refresh output tail for park_hr_factors:
2026-05-16 10:45:46,533 INFO build_park_hr_factors Year 2021: 2512 files
2026-05-16 10:46:06,884 INFO build_park_hr_factors Year 2022: 2479 files
2026-05-16 10:46:26,700 INFO build_park_hr_factors Year 2023: 2476 files
2026-05-16 10:46:46,815 INFO build_park_hr_factors Year 2024: 2469 files
2026-05-16 10:47:06,832 INFO build_park_hr_factors Year 2025: 2464 files
2026-05-16 10:47:27,067 INFO build_park_hr_factors Year 2026: 330 files
2026-05-16 10:47:29,639 INFO build_park_hr_factors Scanned 12730 files (12697 Final games used, 33 skipped).
2026-05-16 10:47:29,642 INFO build_park_hr_factors League HR/game by year: {'2021': 2.4347, '2022': 2.1444, '2023': 2.4148, '2024': 2.2414, '2025': 2.3312, '2026': 2.0269}
2026-05-16 10:47:29,642 INFO build_park_hr_factors Wrote 47 parks x up to 6 years -> C:\Users\micha\Desktop\github\NHL-BOT\baseball\cache\park_hr_factors.json
2026-05-16 10:47:29,642 INFO build_park_hr_factors Top 5 HR-friendly (2026, shrunk_factor):
2026-05-16 10:47:29,642 INFO build_park_hr_factors   Citizens Bank Park              1.114  (n=12 games)
2026-05-16 10:47:29,642 INFO build_park_hr_factors   Great American Ball Park        1.105  (n=11 games)
2026-05-16 10:47:29,642 INFO build_park_hr_factors   Sutter Health Park              1.104  (n=7 games)
2026-05-16 10:47:29,642 INFO build_park_hr_factors   Daikin Park                     1.097  (n=14 games)
2026-05-16 10:47:29,642 INFO build_park_hr_factors   Yankee Stadium                  1.075  (n=8 games)
2026-05-16 10:47:29,642 INFO build_park_hr_factors Bottom 5 HR-friendly (2026, shrunk_factor):
2026-05-16 10:47:29,642 INFO build_park_hr_factors   loanDepot park                  0.920  (n=16 games)
2026-05-16 10:47:29,642 INFO build_park_hr_factors   Comerica Park                   0.919  (n=8 games)
2026-05-16 10:47:29,642 INFO build_park_hr_factors   Tropicana Field                 0.917  (n=7 games)
2026-05-16 10:47:29,642 INFO build_park_hr_factors   Petco Park                      0.904  (n=13 games)
2026-05-16 10:47:29,642 INFO build_park_hr_factors   Busch Stadium                   0.902  (n=12 games)
2026-05-16 10:47:29,648 INFO daily_refresh Startup refresh step started: preflight_artifacts
2026-05-16 10:47:29,710 INFO daily_refresh Startup refresh step ok: preflight_artifacts (0.1s)
2026-05-16 10:47:29,710 DEBUG daily_refresh Startup refresh output tail for preflight_artifacts:
ok Stage-1 (mlb_ou_cache.json) loaded
ok Stage-1 production coverage: seasons 2021-2025, total_games=12148, history=2021-04-01->2025-09-28, duplicate_files_skipped=250
ok Stage-2 (mlb_stage2_run_env.json) loaded
ok Stage-3: team_game_log: 31 teams, 30 with 2026 games (avg 20/team)
ok Pitcher cache (75 entries)
ok Park HR factors: 47 parks, 30 with 2026 entries
2026-05-16 10:47:29,710 INFO daily_refresh Startup refresh step started: analysis_safe_trade_table
2026-05-16 10:47:30,057 INFO daily_refresh Startup refresh step ok: analysis_safe_trade_table (0.3s)
2026-05-16 10:47:30,057 DEBUG daily_refresh Startup refresh output tail for analysis_safe_trade_table:
analysis-safe trades: rows=107 filled=79 live_filled=75 paper_fallback_filled=4 excluded={'order_status_error': 62, 'ledger_only_bet_id': 3}
P&L: live=$-121.88 paper_fallback=$-20.44 all_filled=$-142.32
wrote C:\Users\micha\Desktop\github\NHL-BOT\baseball\data\analysis_output\analysis_safe_trades\analysis_safe_trades.jsonl
wrote C:\Users\micha\Desktop\github\NHL-BOT\baseball\data\analysis_output\analysis_safe_trades\analysis_safe_trades.csv
wrote C:\Users\micha\Desktop\github\NHL-BOT\baseball\data\analysis_output\analysis_safe_trades\analysis_safe_trades_summary.json
2026-05-16 10:47:30,057 INFO daily_refresh Startup refresh step started: candidate_universe_table
2026-05-16 10:48:21,011 INFO daily_refresh Startup refresh step ok: candidate_universe_table (51.0s)
2026-05-16 10:48:21,012 DEBUG daily_refresh Startup refresh output tail for candidate_universe_table:
2026-05-16 10:48:19,018 INFO     build_candidate_universe_table Wrote C:\Users\micha\Desktop\github\NHL-BOT\baseball\data\analysis_output\candidate_universe\candidates_master.jsonl
2026-05-16 10:48:19,020 INFO     build_candidate_universe_table Wrote C:\Users\micha\Desktop\github\NHL-BOT\baseball\data\analysis_output\candidate_universe\candidates_master.csv
2026-05-16 10:48:19,020 INFO     build_candidate_universe_table Wrote C:\Users\micha\Desktop\github\NHL-BOT\baseball\data\analysis_output\candidate_universe\build_manifest.json
2026-05-16 10:48:19,110 INFO     build_candidate_universe_table Rows: source=358921 output=358921 labels=0
2026-05-16 10:48:21,012 INFO daily_refresh Startup refresh step started: calibration_opportunity_training
2026-05-16 10:48:22,387 INFO daily_refresh Startup refresh step ok: calibration_opportunity_training (1.4s)
2026-05-16 10:48:22,387 DEBUG daily_refresh Startup refresh output tail for calibration_opportunity_training:
2026-05-16 10:48:22,345 INFO     build_calibration_opportunity_training_table Wrote C:\Users\micha\Desktop\github\NHL-BOT\baseball\data\analysis_output\calibration_opportunity_training\calibration_opportunity_training_table.jsonl
2026-05-16 10:48:22,345 INFO     build_calibration_opportunity_training_table Wrote C:\Users\micha\Desktop\github\NHL-BOT\baseball\data\analysis_output\calibration_opportunity_training\calibration_opportunity_training_table.csv
2026-05-16 10:48:22,345 INFO     build_calibration_opportunity_training_table Wrote C:\Users\micha\Desktop\github\NHL-BOT\baseball\data\analysis_output\calibration_opportunity_training\calibration_opportunity_training_table_manifest.json
2026-05-16 10:48:22,346 INFO     build_calibration_opportunity_training_table Rows: source=3703 output=1042 final_labels=1041 score_confirmations=546 selected_inferred_rows=1561 current_support_backfill_rows=2059 score_event_repeat_policy=dedupe collapsed=2661
2026-05-16 10:48:22,387 INFO daily_refresh Startup refresh step started: calibrate_signal_probabilities
2026-05-16 10:48:24,660 INFO daily_refresh Startup refresh step ok: calibrate_signal_probabilities (2.3s)
2026-05-16 10:48:24,660 DEBUG daily_refresh Startup refresh output tail for calibrate_signal_probabilities:
2026-05-16 10:48:23,518 WARNING  calibrate_signal_probabilities Calibration stability gate fired for no_score_drift: today's pick was 'platt' but trailing 7-day modal is 'isotonic' (history=['isotonic', 'isotonic', 'isotonic', 'isotonic', 'platt', 'isotonic', 'platt']). Overriding to 'isotonic' to avoid daily flip-flop on small validation samples.
2026-05-16 10:48:24,644 INFO     calibrate_signal_probabilities Wrote C:\Users\micha\Desktop\github\NHL-BOT\baseball\data\analysis_output\calibration\signal_win_calibration.json
2026-05-16 10:48:24,644 INFO     calibrate_signal_probabilities Wrote C:\Users\micha\Desktop\github\NHL-BOT\baseball\data\analysis_output\calibration\signal_win_calibration_report.json
2026-05-16 10:48:24,644 INFO     calibrate_signal_probabilities Wrote C:\Users\micha\Desktop\github\NHL-BOT\baseball\data\analysis_output\calibration\signal_win_calibration_predictions.jsonl
2026-05-16 10:48:24,644 INFO     calibrate_signal_probabilities Calibration rows: total=1041 family_mode=separate families={'no_score_drift': 495, 'score_event_transition': 546} selected=platt
2026-05-16 10:48:24,660 INFO daily_refresh Startup refresh step started: model_maturity_report
2026-05-16 10:48:24,853 INFO daily_refresh Startup refresh step ok: model_maturity_report (0.2s)
2026-05-16 10:48:24,853 DEBUG daily_refresh Startup refresh output tail for model_maturity_report:
Wrote C:\Users\micha\Desktop\github\NHL-BOT\baseball\data\analysis_output\model_maturity\model_maturity_report.json
Wrote C:\Users\micha\Desktop\github\NHL-BOT\baseball\data\analysis_output\model_maturity\model_maturity_report.md
2026-05-16 10:48:24,853 INFO daily_refresh Startup refresh step started: fair_value_stage_ablation
2026-05-16 10:48:25,353 INFO daily_refresh Startup refresh step ok: fair_value_stage_ablation (0.5s)
2026-05-16 10:48:25,353 DEBUG daily_refresh Startup refresh output tail for fair_value_stage_ablation:
{
  "paths": {
    "dated_json": "C:\\Users\\micha\\Desktop\\github\\NHL-BOT\\baseball\\data\\analysis_output\\fair_value_stage_ablation\\2026-05-15_fair_value_stage_ablation_report.json",
    "dated_markdown": "C:\\Users\\micha\\Desktop\\github\\NHL-BOT\\baseball\\data\\analysis_output\\fair_value_stage_ablation\\2026-05-15_fair_value_stage_ablation_report.md",
    "json": "C:\\Users\\micha\\Desktop\\github\\NHL-BOT\\baseball\\data\\analysis_output\\fair_value_stage_ablation\\fair_value_stage_ablation_report.json",
    "markdown": "C:\\Users\\micha\\Desktop\\github\\NHL-BOT\\baseball\\data\\analysis_output\\fair_value_stage_ablation\\fair_value_stage_ablation_report.md"
  },
  "row_counts": {
    "families": {
      "__all__": 1041,
      "no_score_drift": 495,
      "score_event_transition": 546
    },
    "filtered_rows": 1042,
    "input_rows": 1042,
    "labeled_rows": 1041
  }
}
2026-05-16 10:48:25,353 INFO daily_refresh Startup refresh step started: fv_gap_decomposition
2026-05-16 10:48:25,661 INFO daily_refresh Startup refresh step ok: fv_gap_decomposition (0.3s)
2026-05-16 10:48:25,661 DEBUG daily_refresh Startup refresh output tail for fv_gap_decomposition:
Wrote C:\Users\micha\Desktop\github\NHL-BOT\baseball\data\analysis_output\fv_gap_decomposition\fv_gap_decomposition_report.json
Wrote C:\Users\micha\Desktop\github\NHL-BOT\baseball\data\analysis_output\fv_gap_decomposition\fv_gap_decomposition_report.md
2026-05-16 10:48:25,662 INFO daily_refresh Startup refresh step started: fv_trust_shrinkage
2026-05-16 10:48:26,706 INFO daily_refresh Startup refresh step ok: fv_trust_shrinkage (1.0s)
2026-05-16 10:48:26,706 DEBUG daily_refresh Startup refresh output tail for fv_trust_shrinkage:
Wrote C:\Users\micha\Desktop\github\NHL-BOT\baseball\data\analysis_output\fv_trust_shrinkage\fv_trust_shrinkage_report.json
Wrote C:\Users\micha\Desktop\github\NHL-BOT\baseball\data\analysis_output\fv_trust_shrinkage\fv_trust_shrinkage_report.md
Wrote C:\Users\micha\Desktop\github\NHL-BOT\baseball\data\analysis_output\fv_trust_shrinkage\fv_trust_shrinkage_predictions.jsonl
2026-05-16 10:48:26,706 INFO daily_refresh Startup refresh step started: calibration_market_anchored_alpha
2026-05-16 10:48:28,963 INFO daily_refresh Startup refresh step ok: calibration_market_anchored_alpha (2.2s)
2026-05-16 10:48:28,963 DEBUG daily_refresh Startup refresh output tail for calibration_market_anchored_alpha:
2026-05-16 10:48:28,947 INFO     train_calibration_market_anchored_alpha Wrote C:\Users\micha\Desktop\github\NHL-BOT\baseball\data\analysis_output\calibration_market_anchored_alpha\calibration_market_anchored_alpha_report.json
2026-05-16 10:48:28,947 INFO     train_calibration_market_anchored_alpha Wrote C:\Users\micha\Desktop\github\NHL-BOT\baseball\data\analysis_output\calibration_market_anchored_alpha\calibration_market_anchored_alpha_report.md
2026-05-16 10:48:28,947 INFO     train_calibration_market_anchored_alpha Wrote C:\Users\micha\Desktop\github\NHL-BOT\baseball\data\analysis_output\calibration_market_anchored_alpha\calibration_market_anchored_alpha_predictions.jsonl
2026-05-16 10:48:28,963 INFO daily_refresh Startup refresh step started: stage1_inferred_empirical_audit
2026-05-16 10:48:32,784 INFO daily_refresh Startup refresh step ok: stage1_inferred_empirical_audit (3.8s)
2026-05-16 10:48:32,784 DEBUG daily_refresh Startup refresh output tail for stage1_inferred_empirical_audit:
Wrote C:\Users\micha\Desktop\github\NHL-BOT\baseball\data\analysis_output\stage1_inferred_empirical_audit\stage1_inferred_empirical_audit.json
Wrote C:\Users\micha\Desktop\github\NHL-BOT\baseball\data\analysis_output\stage1_inferred_empirical_audit\stage1_inferred_empirical_audit.md
Wrote C:\Users\micha\Desktop\github\NHL-BOT\baseball\data\analysis_output\stage1_inferred_empirical_audit\stage1_inferred_empirical_audit_rows.jsonl
2026-05-16 10:48:32,784 INFO daily_refresh Startup refresh step started: unified_signals
2026-05-16 10:48:36,962 INFO daily_refresh Startup refresh step ok: unified_signals (4.2s)
2026-05-16 10:48:36,962 DEBUG daily_refresh Startup refresh output tail for unified_signals:
2026-05-16 10:48:32,935 INFO     build_unified_signal_table Building mode=live
2026-05-16 10:48:36,851 INFO     build_unified_signal_table mode=live rows: master=172 events=450 snapshots=10444
2026-05-16 10:48:36,940 INFO     build_unified_signal_table Wrote C:\Users\micha\Desktop\github\NHL-BOT\baseball\data\analysis_output\unified_signals\signals_master.jsonl
2026-05-16 10:48:36,940 INFO     build_unified_signal_table Wrote C:\Users\micha\Desktop\github\NHL-BOT\baseball\data\analysis_output\unified_signals\signals_master.csv
2026-05-16 10:48:36,940 INFO     build_unified_signal_table Wrote C:\Users\micha\Desktop\github\NHL-BOT\baseball\data\analysis_output\unified_signals\signal_order_events.jsonl
2026-05-16 10:48:36,940 INFO     build_unified_signal_table Wrote C:\Users\micha\Desktop\github\NHL-BOT\baseball\data\analysis_output\unified_signals\signal_book_snapshots.jsonl
2026-05-16 10:48:36,941 INFO     build_unified_signal_table Wrote C:\Users\micha\Desktop\github\NHL-BOT\baseball\data\analysis_output\unified_signals\build_manifest.json
2026-05-16 10:48:36,941 INFO     build_unified_signal_table Warnings: 0  Hard errors: 0
2026-05-16 10:48:36,963 INFO daily_refresh Startup refresh step started: concept_drift_report
2026-05-16 10:48:37,050 INFO daily_refresh Startup refresh step ok: concept_drift_report (0.1s)
2026-05-16 10:48:37,050 DEBUG daily_refresh Startup refresh output tail for concept_drift_report:
Wrote C:\Users\micha\Desktop\github\NHL-BOT\baseball\data\analysis_output\concept_drift\concept_drift_report.json
Wrote C:\Users\micha\Desktop\github\NHL-BOT\baseball\data\analysis_output\concept_drift\concept_drift_report.md
Alerts: 3
2026-05-16 10:48:37,050 INFO daily_refresh Startup refresh step started: drift_in_drift_report
2026-05-16 10:48:37,108 INFO daily_refresh Startup refresh step ok: drift_in_drift_report (0.0s)
2026-05-16 10:48:37,108 DEBUG daily_refresh Startup refresh output tail for drift_in_drift_report:
Wrote C:\Users\micha\Desktop\github\NHL-BOT\baseball\data\analysis_output\concept_drift\drift_in_drift_report.json
Wrote C:\Users\micha\Desktop\github\NHL-BOT\baseball\data\analysis_output\concept_drift\drift_in_drift_report.md
Alerts: 0, features evaluated: 3
2026-05-16 10:48:37,108 INFO daily_refresh Startup refresh step started: signal_training_table
2026-05-16 10:48:37,314 INFO daily_refresh Startup refresh step ok: signal_training_table (0.2s)
2026-05-16 10:48:37,315 DEBUG daily_refresh Startup refresh output tail for signal_training_table:
2026-05-16 10:48:37,299 INFO     build_signal_training_table Wrote C:\Users\micha\Desktop\github\NHL-BOT\baseball\data\analysis_output\training_tables\signal_training_table.jsonl
2026-05-16 10:48:37,299 INFO     build_signal_training_table Wrote C:\Users\micha\Desktop\github\NHL-BOT\baseball\data\analysis_output\training_tables\signal_training_table.csv
2026-05-16 10:48:37,299 INFO     build_signal_training_table Wrote C:\Users\micha\Desktop\github\NHL-BOT\baseball\data\analysis_output\training_tables\signal_training_table_manifest.json
2026-05-16 10:48:37,299 INFO     build_signal_training_table Rows: source=172 filtered=172 training=172
2026-05-16 10:48:37,315 INFO daily_refresh Startup refresh step started: clv_report
2026-05-16 10:48:37,596 INFO daily_refresh Startup refresh step ok: clv_report (0.3s)
2026-05-16 10:48:37,596 DEBUG daily_refresh Startup refresh output tail for clv_report:
Wrote C:\Users\micha\Desktop\github\NHL-BOT\baseball\data\analysis_output\clv\clv_summary.json
Wrote C:\Users\micha\Desktop\github\NHL-BOT\baseball\data\analysis_output\clv\clv_rows.jsonl
2026-05-16 10:48:37,596 INFO daily_refresh Startup refresh step started: fv_disagreement_quality
2026-05-16 10:48:37,964 INFO daily_refresh Startup refresh step ok: fv_disagreement_quality (0.4s)
2026-05-16 10:48:37,964 DEBUG daily_refresh Startup refresh output tail for fv_disagreement_quality:
Wrote C:\Users\micha\Desktop\github\NHL-BOT\baseball\data\analysis_output\fv_disagreement_quality\fv_disagreement_quality_summary.json
Wrote C:\Users\micha\Desktop\github\NHL-BOT\baseball\data\analysis_output\fv_disagreement_quality\fv_disagreement_quality_rows.jsonl
2026-05-16 10:48:37,964 INFO daily_refresh Startup refresh step started: train_baseline_models
2026-05-16 10:49:09,214 INFO daily_refresh Startup refresh step ok: train_baseline_models (31.2s)
2026-05-16 10:49:09,214 DEBUG daily_refresh Startup refresh output tail for train_baseline_models:
2026-05-16 10:48:53,107 INFO     train_baseline_models Wrote C:\Users\micha\Desktop\github\NHL-BOT\baseball\data\analysis_output\model_baselines\signal_win_model.json
2026-05-16 10:48:53,108 INFO     train_baseline_models Wrote C:\Users\micha\Desktop\github\NHL-BOT\baseball\data\analysis_output\model_baselines\signal_win_predictions.jsonl
2026-05-16 10:49:09,205 INFO     train_baseline_models Wrote C:\Users\micha\Desktop\github\NHL-BOT\baseball\data\analysis_output\model_baselines\execution_fill_model.json
2026-05-16 10:49:09,205 INFO     train_baseline_models Wrote C:\Users\micha\Desktop\github\NHL-BOT\baseball\data\analysis_output\model_baselines\execution_fill_predictions.jsonl
2026-05-16 10:49:09,206 INFO     train_baseline_models Wrote C:\Users\micha\Desktop\github\NHL-BOT\baseball\data\analysis_output\model_baselines\baseline_model_report.json
2026-05-16 10:49:09,214 INFO daily_refresh Startup refresh step started: ev_policy_backtest
2026-05-16 10:49:57,525 INFO daily_refresh Startup refresh step ok: ev_policy_backtest (48.3s)
2026-05-16 10:49:57,525 DEBUG daily_refresh Startup refresh output tail for ev_policy_backtest:
2026-05-16 10:49:57,517 INFO     backtest_ev_policy Wrote C:\Users\micha\Desktop\github\NHL-BOT\baseball\data\analysis_output\ev_policy\ev_policy_report.json
2026-05-16 10:49:57,517 INFO     backtest_ev_policy Wrote C:\Users\micha\Desktop\github\NHL-BOT\baseball\data\analysis_output\ev_policy\ev_scored_rows.jsonl
2026-05-16 10:49:57,517 INFO     backtest_ev_policy Wrote C:\Users\micha\Desktop\github\NHL-BOT\baseball\data\analysis_output\ev_policy\ev_policy_validation_trades.jsonl
2026-05-16 10:49:57,517 INFO     backtest_ev_policy Wrote C:\Users\micha\Desktop\github\NHL-BOT\baseball\data\analysis_output\ev_policy\ev_policy_test_trades.jsonl
2026-05-16 10:49:57,517 INFO     backtest_ev_policy Wrote C:\Users\micha\Desktop\github\NHL-BOT\baseball\data\analysis_output\ev_policy\ev_signal_win_if_filled_model.json
2026-05-16 10:49:57,517 INFO     backtest_ev_policy Wrote C:\Users\micha\Desktop\github\NHL-BOT\baseball\data\analysis_output\ev_policy\ev_execution_fill_runtime_model.json
2026-05-16 10:49:57,517 INFO     backtest_ev_policy Wrote C:\Users\micha\Desktop\github\NHL-BOT\baseball\data\analysis_output\ev_policy\ev_execution_fill_strict_model.json
2026-05-16 10:49:57,525 INFO daily_refresh Startup refresh step started: stage2_run_env_retrain_staging
2026-05-16 11:04:26,510 INFO daily_refresh Startup refresh step ok: stage2_run_env_retrain_staging (868.1s)
2026-05-16 11:04:26,510 DEBUG daily_refresh Startup refresh output tail for stage2_run_env_retrain_staging:
Lines: 6.5, 7.5, 8.5, 9.5, 10.5, 11.5
Train <= 2024, validation >= 2025
  parsing 0/23587 files ...
  parsing 1000/23587 files ...
  parsing 2000/23587 files ...
  parsing 3000/23587 files ...
  parsing 4000/23587 files ...
  parsing 5000/23587 files ...
  parsing 6000/23587 files ...
  parsing 7000/23587 files ...
  parsing 8000/23587 files ...
  parsing 9000/23587 files ...
  parsing 10000/23587 files ...
  parsing 11000/23587 files ...
  parsing 12000/23587 files ...
  parsing 13000/23587 files ...
  parsing 14000/23587 files ...
  parsing 15000/23587 files ...
  parsing 16000/23587 files ...
  parsing 17000/23587 files ...
  parsing 18000/23587 files ...
  parsing 19000/23587 files ...
  parsing 20000/23587 files ...
  parsing 21000/23587 files ...
  parsing 22000/23587 files ...
  parsing 23000/23587 files ...
Loaded games=23542, samples=1782371, with_stage1=1287289, val_rows=152611

Validation summary:
  O6.5: brier 0.169572 -> 0.169105 (gain=0.000468, 0.2758%) weights={'park': 0.5, 'temp': 0.0, 'wind': 0.0, 'park_wind': 0.0, 'density_alt': 0.5, 'hr_factor': 0.5}
  O7.5: brier 0.181579 -> 0.181026 (gain=0.000553, 0.3044%) weights={'park': 0.5, 'temp': 0.0, 'wind': 0.0, 'park_wind': 0.2, 'density_alt': 0.5, 'hr_factor': 0.25}
  O8.5: brier 0.179128 -> 0.178524 (gain=0.000604, 0.3374%) weights={'park': 0.5, 'temp': 0.0, 'wind': 0.0, 'park_wind': 0.2, 'density_alt': 0.5, 'hr_factor': 0.0}
  O9.5: brier 0.167492 -> 0.166657 (gain=0.000835, 0.4985%) weights={'park': 0.5, 'temp': 0.25, 'wind': 0.0, 'park_wind': 0.2, 'density_alt': 0.5, 'hr_factor': 0.0}
  O10.5: brier 0.154586 -> 0.15402 (gain=0.000565, 0.3657%) weights={'park': 0.5, 'temp': 0.25, 'wind': 0.25, 'park_wind': 0.2, 'density_alt': 0.5, 'hr_factor': 0.0}
  O11.5: brier 0.128434 -> 0.128115 (gain=0.00032, 0.249%) weights={'park': 0.5, 'temp': 0.25, 'wind': 0.0, 'park_wind': 0.0, 'density_alt': 0.25, 'hr_factor': 0.0}

Saved Stage-2 model -> C:\Users\micha\Desktop\github\NHL-BOT\baseball\cache\mlb_stage2_run_env.staging.json
2026-05-16 11:04:26,510 INFO daily_refresh Startup refresh step started: stage3_team_offense_features
2026-05-16 11:04:28,818 INFO daily_refresh Startup refresh step ok: stage3_team_offense_features (2.3s)
2026-05-16 11:04:28,818 DEBUG daily_refresh Startup refresh output tail for stage3_team_offense_features:
2026-05-16 11:04:26,578 INFO build_team_offense_features Loading history from C:\Users\micha\Desktop\github\NHL-BOT\baseball\cache\team_game_log.json
2026-05-16 11:04:26,590 INFO build_team_offense_features   31 teams, mlb_avg_rpg=4.444
2026-05-16 11:04:28,810 INFO build_team_offense_features Wrote 24446 rows in 2.2s
2026-05-16 11:04:28,810 INFO build_team_offense_features Feature coverage:
2026-05-16 11:04:28,810 INFO build_team_offense_features   n_games_in_season      100.00%
2026-05-16 11:04:28,810 INFO build_team_offense_features   season_rpg_to_date     96.37%
2026-05-16 11:04:28,810 INFO build_team_offense_features   prior_season_rpg       79.95%
2026-05-16 11:04:28,810 INFO build_team_offense_features   momentum_rpg_5         99.63%
2026-05-16 11:04:28,810 INFO build_team_offense_features   momentum_rpg_10        99.38%
2026-05-16 11:04:28,810 INFO build_team_offense_features   momentum_rpg_20        98.77%
2026-05-16 11:04:28,810 INFO build_team_offense_features   rolling_rpg_50         98.77%
2026-05-16 11:04:28,810 INFO build_team_offense_features   decay_weighted_rpg     98.77%
2026-05-16 11:04:28,810 INFO build_team_offense_features   home_rpg_30            98.00%
2026-05-16 11:04:28,810 INFO build_team_offense_features   road_rpg_30            98.00%
2026-05-16 11:04:28,810 INFO build_team_offense_features   momentum_minus_season  96.37%
2026-05-16 11:04:28,810 INFO build_team_offense_features   season_minus_prior     76.93%
2026-05-16 11:04:28,810 INFO build_team_offense_features Manifest: C:\Users\micha\Desktop\github\NHL-BOT\baseball\data\analysis_output\team_offense_calibration\team_features_manifest.json
2026-05-16 11:04:28,818 INFO daily_refresh Startup refresh step started: stage3_team_offense_calibration_table
2026-05-16 11:06:26,655 INFO daily_refresh Startup refresh step ok: stage3_team_offense_calibration_table (117.8s)
2026-05-16 11:06:26,656 DEBUG daily_refresh Startup refresh output tail for stage3_team_offense_calibration_table:
2026-05-16 11:04:28,887 INFO build_team_offense_calibration_table Loading Stage-1 cache from C:\Users\micha\Desktop\github\NHL-BOT\baseball\cache\mlb_ou_cache.json
2026-05-16 11:04:28,903 INFO build_team_offense_calibration_table   4298 cells, extras_bucket=10
2026-05-16 11:04:28,903 INFO build_team_offense_calibration_table Loading Stage-2 model from C:\Users\micha\Desktop\github\NHL-BOT\baseball\cache\mlb_stage2_run_env.json
2026-05-16 11:04:28,906 INFO build_team_offense_calibration_table Writing rows to C:\Users\micha\Desktop\github\NHL-BOT\baseball\data\analysis_output\team_offense_calibration\training_table.jsonl
2026-05-16 11:04:38,167 INFO build_team_offense_calibration_table   progress: 1000 games seen, 1000 used, 89694 rows, 9s
2026-05-16 11:04:47,382 INFO build_team_offense_calibration_table   progress: 2000 games seen, 2000 used, 178493 rows, 18s
2026-05-16 11:04:56,554 INFO build_team_offense_calibration_table   progress: 3000 games seen, 2999 used, 269392 rows, 28s
2026-05-16 11:05:05,793 INFO build_team_offense_calibration_table   progress: 4000 games seen, 3999 used, 360375 rows, 37s
2026-05-16 11:05:15,021 INFO build_team_offense_calibration_table   progress: 5000 games seen, 4999 used, 453616 rows, 46s
2026-05-16 11:05:24,151 INFO build_team_offense_calibration_table   progress: 6000 games seen, 5999 used, 542966 rows, 55s
2026-05-16 11:05:33,416 INFO build_team_offense_calibration_table   progress: 7000 games seen, 6999 used, 631923 rows, 65s
2026-05-16 11:05:42,770 INFO build_team_offense_calibration_table   progress: 8000 games seen, 7999 used, 722715 rows, 74s
2026-05-16 11:05:51,934 INFO build_team_offense_calibration_table   progress: 9000 games seen, 8999 used, 814440 rows, 83s
2026-05-16 11:06:01,176 INFO build_team_offense_calibration_table   progress: 10000 games seen, 9998 used, 905343 rows, 92s
2026-05-16 11:06:10,578 INFO build_team_offense_calibration_table   progress: 11000 games seen, 10998 used, 997058 rows, 102s
2026-05-16 11:06:20,002 INFO build_team_offense_calibration_table   progress: 12000 games seen, 11998 used, 1086457 rows, 111s
2026-05-16 11:06:26,646 INFO build_team_offense_calibration_table Done: 1150605 rows written in 117.7s (9773 rows/s)
2026-05-16 11:06:26,646 INFO build_team_offense_calibration_table Manifest: C:\Users\micha\Desktop\github\NHL-BOT\baseball\data\analysis_output\team_offense_calibration\manifest.json
2026-05-16 11:06:26,656 INFO daily_refresh Startup refresh step started: stage3_team_offense_v2_fit
2026-05-16 11:07:14,038 INFO daily_refresh Startup refresh step ok: stage3_team_offense_v2_fit (47.4s)
2026-05-16 11:07:14,038 DEBUG daily_refresh Startup refresh output tail for stage3_team_offense_v2_fit:
O calibrate_team_offense_v2   scan: 400000 rows seen, 168751 kept
2026-05-16 11:06:31,093 INFO calibrate_team_offense_v2   scan: 600000 rows seen, 362106 kept
2026-05-16 11:06:32,504 INFO calibrate_team_offense_v2   scan: 800000 rows seen, 554572 kept
2026-05-16 11:06:34,901 INFO calibrate_team_offense_v2 Joined: 877070 kept of 1150605 total (76.2%)
2026-05-16 11:06:35,269 INFO calibrate_team_offense_v2   joined rows: 877070
2026-05-16 11:06:35,270 INFO calibrate_team_offense_v2 Estimating sigma_within^2 (single-game variance) on training years
2026-05-16 11:06:35,288 INFO calibrate_team_offense_v2   sigma_within^2 = 10.000 (sigma = 3.162)
2026-05-16 11:06:35,288 INFO calibrate_team_offense_v2 Estimating tau^2 per window on training years
2026-05-16 11:06:35,294 INFO calibrate_team_offense_v2   rolling_rpg_50         tau^2=0.176  shrinkage_k(equivalent prior games)=56.7
2026-05-16 11:06:35,299 INFO calibrate_team_offense_v2   season_rpg_to_date     tau^2=0.238  shrinkage_k(equivalent prior games)=41.9
2026-05-16 11:06:35,304 INFO calibrate_team_offense_v2   prior_season_rpg       tau^2=0.169  shrinkage_k(equivalent prior games)=59.2
2026-05-16 11:06:35,309 INFO calibrate_team_offense_v2   momentum_rpg_10        tau^2=0.202  shrinkage_k(equivalent prior games)=49.4
2026-05-16 11:06:35,445 INFO calibrate_team_offense_v2 Splits: train=653987 val=202646 test=20437
2026-05-16 11:06:35,445 INFO calibrate_team_offense_v2 Fitting Model 1 (refit constant on v1 shape)
2026-05-16 11:06:35,729 INFO calibrate_team_offense_v2   beta_diff = 0.1127 (vs v1 = 0.2000)
2026-05-16 11:06:35,729 INFO calibrate_team_offense_v2 Fitting Model 2 (EB-shrunk rolling_50, no clamp)
2026-05-16 11:06:36,015 INFO calibrate_team_offense_v2   beta_diff = 0.2404
2026-05-16 11:06:36,015 INFO calibrate_team_offense_v2 Fitting Model 3 (blend prior/season/momentum, EB-shrunk)
2026-05-16 11:06:36,531 INFO calibrate_team_offense_v2   beta_prior=-0.1579 beta_season=0.1409 beta_momentum=0.1544
2026-05-16 11:06:36,531 INFO calibrate_team_offense_v2 Fitting Model 4 (Model 3 + per-inning weights)
2026-05-16 11:07:13,897 INFO calibrate_team_offense_v2   betas: prior=-0.1524 season=0.1300 momentum=0.1389
2026-05-16 11:07:13,897 INFO calibrate_team_offense_v2   inning weights: [1.0, 0.903, 0.781, 0.799, 0.593, 0.509, 0.334, 0.133, 0.25, 0.671]
2026-05-16 11:07:13,958 INFO calibrate_team_offense_v2 Brier on VAL  (baseline_A=0.171487, baseline_B=0.171546)
2026-05-16 11:07:13,959 INFO calibrate_team_offense_v2 Brier on TEST (baseline_A=0.163094, baseline_B=0.163758)
2026-05-16 11:07:13,970 INFO calibrate_team_offense_v2 Wrote C:\Users\micha\Desktop\github\NHL-BOT\baseball\data\analysis_output\team_offense_calibration\phase4_models.json

=== MODEL FITS (training years 2021-2024) ===
  baseline B (v1):                 logit_delta_per_run = 0.2000
  model 1 (refit constant):        beta_diff = +0.1127  (ratio to v1: 0.56x)
  model 2 (EB-shrunk rolling_50):  beta_diff = +0.2404
  model 3 (blend):                 b_prior=-0.1579  b_season=+0.1409  b_momentum=+0.1544
  model 4 (blend + per-inn):       b_prior=-0.1524  b_season=+0.1300  b_momentum=+0.1389
      inning weights: [1.0, 0.903, 0.781, 0.799, 0.593, 0.509, 0.334, 0.133, 0.25, 0.671]

=== SCORES (Brier  /  log-loss) ===
  model                       VAL_brier VAL_logloss    TEST_brier TEST_logloss    TEST vs A  TEST vs B
  baseline_A_no_stage3         0.171487    0.510732      0.163094     0.488470      +0.000%    +0.405%
  baseline_B_v1                0.171546    0.510801      0.163758     0.489972      -0.407%    +0.000%
  model_1_refit_const          0.171381    0.510448      0.163405     0.489175      -0.191%    +0.216%
  model_2_eb_shrunk            0.171381    0.510448      0.163405     0.489174      -0.191%    +0.216%
  model_3_blend                0.171350    0.510348      0.163027     0.488459      +0.041%    +0.446%
  model_4_blend_per_inn        0.171344    0.510321      0.162995     0.488394      +0.061%    +0.466%
2026-05-16 11:07:14,038 INFO daily_refresh Startup refresh step started: model_freshness_health
2026-05-16 11:07:14,059 INFO daily_refresh Startup refresh step ok: model_freshness_health (0.0s)
2026-05-16 11:07:14,059 DEBUG daily_refresh Startup refresh output tail for model_freshness_health:
ok Stage-2 staging matches production within tolerance (staging Brier 0.1629 vs prod 0.1625).
ok Stage-2 promotion stability gate: building history (0/5 distinct prior dates).
ok Stage-2 production cache: 7.6d old
ok Stage-1 OU cache: 0.0d old
ok EV-policy report: 0.0d old
ok EV-policy win model: 0.0d old
ok EV-policy fill model: 0.0d old
ok Calibration artifact: 0.0d old
ok Learned execution policy report: 0.8d old
ok Stage-3 v2 fit (phase4_models.json): 0.0d old
2026-05-16 11:07:14,059 INFO daily_refresh Startup refresh step started: stage3_v2_promotion_check
2026-05-16 11:07:14,068 INFO daily_refresh Startup refresh step ok: stage3_v2_promotion_check (0.0s)
2026-05-16 11:07:14,069 DEBUG daily_refresh Startup refresh output tail for stage3_v2_promotion_check:
Stage-3 v2: research vs compiled_defaults max|delta|=0.0065 (prior -0.1579 vs -0.1514, season +0.1409 vs +0.1407, momentum +0.1544 vs +0.1503).
ok Stage-3 v2 promotion stability gate: building history (0/5 distinct prior dates).
note Stage-3 v2 production weights file missing -- runtime is using compiled-in defaults. Drift is measured against those defaults until promote_team_offense_v2.py runs at least once.
2026-05-16 11:07:14,069 INFO daily_refresh Startup refresh step started: execution_diagnostics
2026-05-16 11:07:14,225 INFO daily_refresh Startup refresh step ok: execution_diagnostics (0.2s)
2026-05-16 11:07:14,225 DEBUG daily_refresh Startup refresh output tail for execution_diagnostics:
2026-05-16 11:07:14,212 INFO     build_execution_diagnostics_report Wrote C:\Users\micha\Desktop\github\NHL-BOT\baseball\data\analysis_output\execution_diagnostics\execution_diagnostics_master.jsonl
2026-05-16 11:07:14,212 INFO     build_execution_diagnostics_report Wrote C:\Users\micha\Desktop\github\NHL-BOT\baseball\data\analysis_output\execution_diagnostics\execution_diagnostics_master.csv
2026-05-16 11:07:14,212 INFO     build_execution_diagnostics_report Wrote C:\Users\micha\Desktop\github\NHL-BOT\baseball\data\analysis_output\execution_diagnostics\execution_diagnostics_summary.json
2026-05-16 11:07:14,212 INFO     build_execution_diagnostics_report rows=172  warnings=0  hard_errors=0
2026-05-16 11:07:14,225 INFO daily_refresh Startup refresh step started: queue_aware_execution_replay
2026-05-16 11:07:14,416 INFO daily_refresh Startup refresh step ok: queue_aware_execution_replay (0.2s)
2026-05-16 11:07:14,416 DEBUG daily_refresh Startup refresh output tail for queue_aware_execution_replay:
Wrote C:\Users\micha\Desktop\github\NHL-BOT\baseball\data\analysis_output\execution_replay\queue_aware_execution_replay_summary.json
Wrote C:\Users\micha\Desktop\github\NHL-BOT\baseball\data\analysis_output\execution_replay\queue_aware_execution_replay_rows.jsonl
Wrote C:\Users\micha\Desktop\github\NHL-BOT\baseball\data\analysis_output\execution_replay\queue_aware_execution_replay_rows.csv

Queue-aware execution replay
Policy                Fill model       Filled  Fill%    Profit     ROI    dProfit
current_limit         touch               68  40.5%    +10.12    1.1%     +0.00
current_limit         queue_adjusted      62  36.9%    -28.71   -3.3%     +0.00
limit_p1c             touch              108  64.3%    -40.59   -2.8%    -50.71
limit_p1c             queue_adjusted     102  60.7%    -73.67   -5.5%    -44.97
limit_p2c             touch              137  81.5%    +24.58    1.4%    +14.45
limit_p2c             queue_adjusted     133  79.2%     -3.47   -0.2%    +25.24
taker_like            touch              168 100.0%     +8.67    0.4%     -1.45
taker_like            queue_adjusted     168 100.0%     +8.67    0.4%    +37.38
2026-05-16 11:07:14,416 INFO daily_refresh Startup refresh step started: learn_execution_policy
2026-05-16 11:07:14,567 INFO daily_refresh Startup refresh step ok: learn_execution_policy (0.2s)
2026-05-16 11:07:14,567 DEBUG daily_refresh Startup refresh output tail for learn_execution_policy:
Wrote C:\Users\micha\Desktop\github\NHL-BOT\baseball\data\analysis_output\execution_policy_prototype\learned_execution_policy_report.json
Wrote C:\Users\micha\Desktop\github\NHL-BOT\baseball\data\analysis_output\execution_policy_prototype\learned_execution_policy_report.md
2026-05-16 11:07:14,567 INFO daily_refresh Startup refresh step started: state_value_transition_report
2026-05-16 11:07:19,496 INFO daily_refresh Startup refresh step ok: state_value_transition_report (4.9s)
2026-05-16 11:07:19,497 DEBUG daily_refresh Startup refresh output tail for state_value_transition_report:
Wrote C:\Users\micha\Desktop\github\NHL-BOT\baseball\data\analysis_output\state_value_transition\state_value_transition_report.json
2026-05-16 11:07:19,497 INFO daily_refresh Startup refresh step started: no_score_drift_policy
2026-05-16 11:07:24,113 INFO daily_refresh Startup refresh step ok: no_score_drift_policy (4.6s)
2026-05-16 11:07:24,113 DEBUG daily_refresh Startup refresh output tail for no_score_drift_policy:
Wrote C:\Users\micha\Desktop\github\NHL-BOT\baseball\data\analysis_output\no_score_drift_policy\no_score_drift_policy_summary.json
Wrote C:\Users\micha\Desktop\github\NHL-BOT\baseball\data\analysis_output\no_score_drift_policy\no_score_drift_policy_rows.jsonl
Wrote C:\Users\micha\Desktop\github\NHL-BOT\baseball\data\analysis_output\no_score_drift_policy\no_score_drift_policy_rows.csv
No-score drift policy rows: 606 (collapsed 0 duplicate candidate rows)
  empirical_only_support: rows=77 win_rate=0.473684 profit_units=3.202329
  poisson_and_empirical_support: rows=93 win_rate=0.537634 profit_units=-0.748136
  poisson_only_support: rows=436 win_rate=0.549884 profit_units=-66.279203
2026-05-16 11:07:24,113 INFO daily_refresh Startup refresh step started: no_score_drift_paper_ledger
2026-05-16 11:07:29,320 INFO daily_refresh Startup refresh step ok: no_score_drift_paper_ledger (5.2s)
2026-05-16 11:07:29,320 DEBUG daily_refresh Startup refresh output tail for no_score_drift_paper_ledger:
Wrote C:\Users\micha\Desktop\github\NHL-BOT\baseball\data\analysis_output\no_score_drift_paper_ledger\no_score_drift_paper_ledger_summary.json
Wrote C:\Users\micha\Desktop\github\NHL-BOT\baseball\data\analysis_output\no_score_drift_paper_ledger\no_score_drift_paper_ledger_rows.jsonl
Wrote C:\Users\micha\Desktop\github\NHL-BOT\baseball\data\analysis_output\no_score_drift_paper_ledger\no_score_drift_paper_ledger_rows.csv
No-score drift paper ledger: rows=606 submitted=148 filled=148 skipped=458 profit=$-182.69 roi=-0.123439
2026-05-16 11:07:29,320 INFO daily_refresh Startup refresh step started: walk_forward_score_event
2026-05-16 11:10:57,778 INFO daily_refresh Startup refresh step ok: walk_forward_score_event (208.5s)
2026-05-16 11:10:57,778 DEBUG daily_refresh Startup refresh output tail for walk_forward_score_event:
-05-06..2026-05-06  train=2026-04-19..2026-05-02  val=2026-05-03..2026-05-05
2026-05-16 11:08:29,769 INFO     walk_forward_runner   completed: n_train=44 n_test=3 placed=3 filled=3 won=2 baseline_profit=-2.94 model_selected=0 model_profit=0.00 signal_win.test_brier=0.22623089669996074
2026-05-16 11:08:29,769 INFO     walk_forward_runner [5/13] test=2026-05-07..2026-05-07  train=2026-04-20..2026-05-03  val=2026-05-04..2026-05-06
2026-05-16 11:08:48,806 INFO     walk_forward_runner   completed: n_train=43 n_test=2 placed=2 filled=2 won=2 baseline_profit=10.46 model_selected=0 model_profit=0.00 signal_win.test_brier=0.343239141472236
2026-05-16 11:08:48,806 INFO     walk_forward_runner [6/13] test=2026-05-08..2026-05-08  train=2026-04-21..2026-05-04  val=2026-05-05..2026-05-07
2026-05-16 11:09:06,089 INFO     walk_forward_runner   completed: n_train=41 n_test=3 placed=3 filled=2 won=2 baseline_profit=6.33 model_selected=0 model_profit=0.00 signal_win.test_brier=0.16460925945679727
2026-05-16 11:09:06,089 INFO     walk_forward_runner [7/13] test=2026-05-09..2026-05-09  train=2026-04-22..2026-05-05  val=2026-05-06..2026-05-08
2026-05-16 11:09:06,089 INFO     walk_forward_runner   skipped: no_test_data
2026-05-16 11:09:06,089 INFO     walk_forward_runner [8/13] test=2026-05-10..2026-05-10  train=2026-04-23..2026-05-06  val=2026-05-07..2026-05-09
2026-05-16 11:09:22,879 INFO     walk_forward_runner   completed: n_train=36 n_test=1 placed=1 filled=0 won=0 baseline_profit=0.00 model_selected=0 model_profit=0.00 signal_win.test_brier=0.5889525648104944
2026-05-16 11:09:22,879 INFO     walk_forward_runner [9/13] test=2026-05-11..2026-05-11  train=2026-04-24..2026-05-07  val=2026-05-08..2026-05-10
2026-05-16 11:09:41,524 INFO     walk_forward_runner   completed: n_train=37 n_test=1 placed=1 filled=1 won=1 baseline_profit=6.66 model_selected=0 model_profit=0.00 signal_win.test_brier=0.29896175936978175
2026-05-16 11:09:41,524 INFO     walk_forward_runner [10/13] test=2026-05-12..2026-05-12  train=2026-04-25..2026-05-08  val=2026-05-09..2026-05-11
2026-05-16 11:10:02,876 INFO     walk_forward_runner   completed: n_train=39 n_test=70 placed=70 filled=8 won=6 baseline_profit=3.22 model_selected=3 model_profit=11.03 signal_win.test_brier=0.3516840490646324
2026-05-16 11:10:02,876 INFO     walk_forward_runner [11/13] test=2026-05-13..2026-05-13  train=2026-04-26..2026-05-09  val=2026-05-10..2026-05-12
2026-05-16 11:10:20,741 INFO     walk_forward_runner   completed: n_train=34 n_test=10 placed=10 filled=10 won=6 baseline_profit=-11.16 model_selected=3 model_profit=-12.40 signal_win.test_brier=0.2902799037885015
2026-05-16 11:10:20,741 INFO     walk_forward_runner [12/13] test=2026-05-14..2026-05-14  train=2026-04-27..2026-05-10  val=2026-05-11..2026-05-13
2026-05-16 11:10:38,644 INFO     walk_forward_runner   completed: n_train=35 n_test=7 placed=7 filled=6 won=4 baseline_profit=-2.72 model_selected=1 model_profit=-7.99 signal_win.test_brier=0.3558712948139597
2026-05-16 11:10:38,644 INFO     walk_forward_runner [13/13] test=2026-05-15..2026-05-15  train=2026-04-28..2026-05-11  val=2026-05-12..2026-05-14
2026-05-16 11:10:57,755 INFO     walk_forward_runner   completed: n_train=36 n_test=9 placed=9 filled=9 won=6 baseline_profit=-5.90 model_selected=5 model_profit=7.93 signal_win.test_brier=0.2371793115878306
2026-05-16 11:10:57,760 INFO     walk_forward_runner Wrote C:\Users\micha\Desktop\github\NHL-BOT\baseball\data\analysis_output\walk_forward\summary.json
2026-05-16 11:10:57,760 INFO     walk_forward_runner Wrote C:\Users\micha\Desktop\github\NHL-BOT\baseball\data\analysis_output\walk_forward\per_window_results.jsonl
2026-05-16 11:10:57,760 INFO     walk_forward_runner Wrote C:\Users\micha\Desktop\github\NHL-BOT\baseball\data\analysis_output\walk_forward\calibration_drift.csv (24 rows)
2026-05-16 11:10:57,760 INFO     walk_forward_runner Walk-forward complete: 12/13 windows completed, baseline_cumulative_profit=-35.58, baseline_max_dd=-42.47
2026-05-16 11:10:57,778 INFO daily_refresh Startup refresh step started: walk_forward_no_score_drift
2026-05-16 11:11:02,561 INFO daily_refresh Startup refresh step ok: walk_forward_no_score_drift (4.8s)
2026-05-16 11:11:02,561 DEBUG daily_refresh Startup refresh output tail for walk_forward_no_score_drift:
2026-05-16 11:10:57,935 INFO     no_score_drift_walk_forward Loading no-score drift source rows
2026-05-16 11:11:02,055 INFO     no_score_drift_walk_forward Wrote C:\Users\micha\Desktop\github\NHL-BOT\baseball\data\analysis_output\no_score_drift_walk_forward\no_score_drift_training_rows.jsonl
2026-05-16 11:11:02,055 INFO     no_score_drift_walk_forward Wrote C:\Users\micha\Desktop\github\NHL-BOT\baseball\data\analysis_output\no_score_drift_walk_forward\summary.json
Wrote C:\Users\micha\Desktop\github\NHL-BOT\baseball\data\analysis_output\no_score_drift_walk_forward\summary.json
Wrote C:\Users\micha\Desktop\github\NHL-BOT\baseball\data\analysis_output\no_score_drift_walk_forward\no_score_drift_training_rows.jsonl
2026-05-16 11:11:02,561 INFO daily_refresh Startup refresh step started: walk_forward_market_anchored_alpha
2026-05-16 11:11:04,595 INFO daily_refresh Startup refresh step ok: walk_forward_market_anchored_alpha (2.0s)
2026-05-16 11:11:04,595 DEBUG daily_refresh Startup refresh output tail for walk_forward_market_anchored_alpha:
2026-05-16 11:11:02,951 INFO     calibration_market_anchored_alpha_walk_forward Window family=score_event_transition anchor=ask test=2026-05-14 completed=True error=None
2026-05-16 11:11:03,656 INFO     calibration_market_anchored_alpha_walk_forward Window family=score_event_transition anchor=ask test=2026-05-15 completed=True error=None
2026-05-16 11:11:03,932 INFO     calibration_market_anchored_alpha_walk_forward Window family=no_score_drift anchor=ask test=2026-05-14 completed=True error=None
2026-05-16 11:11:04,420 INFO     calibration_market_anchored_alpha_walk_forward Window family=no_score_drift anchor=ask test=2026-05-15 completed=True error=None
2026-05-16 11:11:04,578 INFO     calibration_market_anchored_alpha_walk_forward Wrote C:\Users\micha\Desktop\github\NHL-BOT\baseball\data\analysis_output\calibration_market_anchored_alpha_walk_forward\summary.json
2026-05-16 11:11:04,578 INFO     calibration_market_anchored_alpha_walk_forward Wrote C:\Users\micha\Desktop\github\NHL-BOT\baseball\data\analysis_output\calibration_market_anchored_alpha_walk_forward\summary.md
2026-05-16 11:11:04,578 INFO     calibration_market_anchored_alpha_walk_forward Wrote C:\Users\micha\Desktop\github\NHL-BOT\baseball\data\analysis_output\calibration_market_anchored_alpha_walk_forward\per_window_results.jsonl
2026-05-16 11:11:04,578 INFO     calibration_market_anchored_alpha_walk_forward Wrote C:\Users\micha\Desktop\github\NHL-BOT\baseball\data\analysis_output\calibration_market_anchored_alpha_walk_forward\predictions.jsonl
Wrote C:\Users\micha\Desktop\github\NHL-BOT\baseball\data\analysis_output\calibration_market_anchored_alpha_walk_forward\summary.json
2026-05-16 11:11:04,595 INFO daily_refresh Startup refresh step started: stake_scaling_promotion_analyzer
2026-05-16 11:11:04,831 INFO daily_refresh Startup refresh step ok: stake_scaling_promotion_analyzer (0.2s)
2026-05-16 11:11:04,831 DEBUG daily_refresh Startup refresh output tail for stake_scaling_promotion_analyzer:
Wrote C:\Users\micha\Desktop\github\NHL-BOT\baseball\data\analysis_output\stake_scaling_analysis\stake_scaling_analysis.json
Wrote C:\Users\micha\Desktop\github\NHL-BOT\baseball\data\analysis_output\stake_scaling_analysis\stake_scaling_analysis.md
Verdict: need_more_data -- Have 4/30 sessions of shadow data (n_filled_bets=33, low=19, mid=3, high=11).
2026-05-16 11:11:04,831 INFO daily_refresh Startup refresh step started: walk_forward_certification
2026-05-16 11:11:04,930 INFO daily_refresh Startup refresh step ok: walk_forward_certification (0.1s)
2026-05-16 11:11:04,931 DEBUG daily_refresh Startup refresh output tail for walk_forward_certification:
Wrote C:\Users\micha\Desktop\github\NHL-BOT\baseball\data\analysis_output\walk_forward_certification\walk_forward_certification.json
Wrote C:\Users\micha\Desktop\github\NHL-BOT\baseball\data\analysis_output\walk_forward_certification\walk_forward_certification.md
Readiness: PRELIMINARY -- 78 filled bets across 26 sessions.
2026-05-16 11:11:04,931 INFO daily_refresh Startup refresh step started: weekly_drift_rollup
2026-05-16 11:11:05,073 INFO daily_refresh Startup refresh step ok: weekly_drift_rollup (0.1s)
2026-05-16 11:11:05,073 DEBUG daily_refresh Startup refresh output tail for weekly_drift_rollup:
Wrote C:\Users\micha\Desktop\github\NHL-BOT\baseball\data\analysis_output\weekly_rollup\2026-05-15_weekly_rollup.html
Wrote C:\Users\micha\Desktop\github\NHL-BOT\baseball\data\analysis_output\weekly_rollup\weekly_rollup.html
2026-05-16 11:11:05,073 INFO daily_refresh Startup refresh step started: auto_promote_demote_daemon
2026-05-16 11:11:05,163 INFO daily_refresh Startup refresh step ok: auto_promote_demote_daemon (0.1s)
2026-05-16 11:11:05,163 DEBUG daily_refresh Startup refresh output tail for auto_promote_demote_daemon:
auto_daemon mode=preview cooldown_days=14 active_date=2026-05-16
decisions: no_action=2, skipped_cli_flag_lever=2
  ok    [stage2] no_action  (verdict=promote=insufficient_history, demote=no_promotion_to_demote)  -- neither promote nor demote verdict actionable
  ok    [stage3-v2] no_action  (verdict=promote=insufficient_history, demote=no_promotion_to_demote)  -- neither promote nor demote verdict actionable
  ok    [stake-scaling] skipped_cli_flag_lever  (verdict=need_more_data)  -- verdict=need_more_data; daemon does not auto-act on CLI-flag levers (stake-scaling / gate-threshold need a runtime-overrides config layer the system doesn't have yet -- operator runs the promote.py subcommand manually).
  ok    [gate-threshold] skipped_cli_flag_lever  (verdict=hold)  -- verdict=hold; daemon does not auto-act on CLI-flag levers (stake-scaling / gate-threshold need a runtime-overrides config layer the system doesn't have yet -- operator runs the promote.py subcommand manually).
2026-05-16 11:11:05,163 INFO daily_refresh Startup refresh step started: artifact_lineage_freshness
2026-05-16 11:11:11,589 INFO daily_refresh Startup refresh step ok: artifact_lineage_freshness (6.4s)
2026-05-16 11:11:11,589 DEBUG daily_refresh Startup refresh output tail for artifact_lineage_freshness:
Wrote C:\Users\micha\Desktop\github\NHL-BOT\baseball\data\analysis_output\artifact_lineage_freshness\artifact_lineage_freshness_report.json
Wrote C:\Users\micha\Desktop\github\NHL-BOT\baseball\data\analysis_output\artifact_lineage_freshness\artifact_lineage_freshness_report.md
Wrote C:\Users\micha\Desktop\github\NHL-BOT\baseball\data\analysis_output\artifact_lineage_freshness\artifact_lineage_freshness_report.csv
2026-05-16 11:11:11,589 INFO daily_refresh Startup refresh step started: refresh_health_rollup
2026-05-16 11:11:11,599 INFO daily_refresh Startup refresh step ok: refresh_health_rollup (0.0s)
2026-05-16 11:11:11,599 DEBUG daily_refresh Startup refresh output tail for refresh_health_rollup:
Step roll-up: 48/48 ok
Latest daily review (2026-05-15): 0 active drift alerts (calibration=0, fill_rate=0, signal_qual=0, regime_mix=0, reconciler=0)
Walk-forward: 12/13 windows, baseline cumulative profit $-35.58, max DD $-42.47
Model freshness: no alerts.
Stage-3 v2 promotion: no alerts.
Auto-daemon: auto_daemon mode=preview cooldown_days=14 active_date=2026-05-16
Stake scaling: verdict=need_more_data (4/30 sessions, 33 filled bets)
Walk-forward certification: PRELIMINARY (78 filled / 26 dates); gates: 5 KEEP, 0 RETUNE, 0 RETIRE
WARNING Artifact lineage freshness: status=warning, 33 ok / 13 warning / 0 error, stale_mtime=2, stale_max_date=0
  - stage2_run_env_cache: output_older_than_newest_input_mtime
  - model_baseline_signal_win: generated_at_utc_missing
  - model_baseline_execution_fill: generated_at_utc_missing
  - ev_signal_win_if_filled_model: generated_at_utc_missing, max_date_missing_or_uninferable
  - ev_execution_fill_runtime_model: generated_at_utc_missing, max_date_missing_or_uninferable
2026-05-16 11:11:11,599 INFO daily_refresh Startup refresh health summary:
Step roll-up: 48/48 ok
Latest daily review (2026-05-15): 0 active drift alerts (calibration=0, fill_rate=0, signal_qual=0, regime_mix=0, reconciler=0)
Walk-forward: 12/13 windows, baseline cumulative profit $-35.58, max DD $-42.47
Model freshness: no alerts.
Stage-3 v2 promotion: no alerts.
Auto-daemon: auto_daemon mode=preview cooldown_days=14 active_date=2026-05-16
Stake scaling: verdict=need_more_data (4/30 sessions, 33 filled bets)
Walk-forward certification: PRELIMINARY (78 filled / 26 dates); gates: 5 KEEP, 0 RETUNE, 0 RETIRE
WARNING Artifact lineage freshness: status=warning, 33 ok / 13 warning / 0 error, stale_mtime=2, stale_max_date=0
  - stage2_run_env_cache: output_older_than_newest_input_mtime
  - model_baseline_signal_win: generated_at_utc_missing
  - model_baseline_execution_fill: generated_at_utc_missing
  - ev_signal_win_if_filled_model: generated_at_utc_missing, max_date_missing_or_uninferable
  - ev_execution_fill_runtime_model: generated_at_utc_missing, max_date_missing_or_uninferable
2026-05-16 11:11:11,605 INFO live_engine Startup artifact refresh complete: max_refresh_date=2026-05-15 steps_ok=49 steps_failed=0 manifest=C:\Users\micha\Desktop\github\NHL-BOT\baseball\data\analysis_output\startup_refresh\2026-05-16_startup_refresh.json
2026-05-16 11:11:11,608 INFO mlb_poly_monitor Pitcher cache loaded: 75 pitchers from C:\Users\micha\Desktop\github\NHL-BOT\baseball\cache\pitcher_cache.json
2026-05-16 11:11:11,612 INFO signal_engine Weather v2 cache loaded: games=15 path=C:\Users\micha\Desktop\github\NHL-BOT\baseball\cache\weather\game_weather_2026-05-16.json
2026-05-16 11:11:11,638 INFO signal_engine Cache loaded: 4298 cells
2026-05-16 11:11:11,641 INFO signal_engine Stage-2 run-env model loaded: lines=['6.5', '7.5', '8.5', '9.5', '10.5', '11.5']  max_delta=1.10
2026-05-16 11:11:11,656 INFO team_offense_model TeamOffenseModel loaded (TR20 Model 3, compiled_defaults): 31 teams, mlb_avg_rpg=4.444  betas=(prior=-0.1514 season=+0.1407 mom10=+0.1503)
2026-05-16 11:11:11,657 INFO signal_engine Team offense model loaded: mlb_avg_rpg=4.444  mlb_avg_total=8.888  window=10 games
2026-05-16 11:11:11,658 INFO signal_engine Probability calibrator loaded: mode=shadow method=platt path=C:\Users\micha\Desktop\github\NHL-BOT\baseball\data\analysis_output\calibration\signal_win_calibration.json
2026-05-16 11:11:11,659 INFO signal_engine Ledger: C:\Users\micha\Desktop\github\NHL-BOT\baseball\data\live_trading\master_ledger.jsonl
2026-05-16 11:11:11,659 INFO signal_engine Session: C:\Users\micha\Desktop\github\NHL-BOT\baseball\data\live_trading\sessions\2026-05-16_session.json
2026-05-16 11:11:11,659 INFO signal_engine TR10 params: min_ask=0.55(std)/0.60(hi)  min_edge=0.15(std)/0.16(hi)  runs_needed_max=3.5  close_game_rn=4.0(lead<2)  inn5_rn_max=2.5  inn6_rn_max=2.5  min_total=4  min_total_relax=shadow(i=4,t=3,ask>=0.60,lead<=4,rn<=4.50)  blowout_relax=enforce(inn<=7,ask>=0.74,rn<=2.50)  ask_edge_ramp=on(start=0.75,end=0.90,max=0.050)  prob_calibration=shadow  min_inning_high_line=5(>=8.5)  confirm=3  dedup=60s  inning_dedup=2(per-line)  capture=120s  stage2=loaded  stage3=loaded
2026-05-16 11:11:11,661 INFO live_engine EV policy runtime loaded (mode=shadow): min_ev_per_stake=-0.020  min_p_fill=0.000
2026-05-16 11:11:11,669 INFO polymarket_client Loaded .env from C:\Users\micha\Desktop\github\NHL-BOT\baseball\.env
2026-05-16 11:11:12,380 DEBUG rlp.codec Consider installing rusty-rlp to improve pyrlp performance with a rust basedbackend. Not currently functional for Python 3.11
2026-05-16 11:11:12,688 INFO polymarket_client CLOB init: EOA=0x69062fB5f98aFF1bB7f79322f650eCbd61f67dAa  funder=0xD53b2Cd1f1b681dE5160F43D02A6df508906fc94  sig_type=2  maker_address=0xD53b2Cd1f1b681dE5160F43D02A6df508906fc94  dry_run=False (set POLY_USE_DEPOSIT_WALLET=1 + POLY_DEPOSIT_WALLET=0x... to migrate)
2026-05-16 11:11:12,893 INFO polymarket_client API key derived: d194305c...
2026-05-16 11:11:12,896 INFO polymarket_client CLOBOrderClient initialized OK
2026-05-16 11:11:13,048 INFO live_engine CLOB health check passed -- ready to trade.
2026-05-16 11:11:13,049 INFO live_engine LiveTradingEngine initialized | stake=flat $10 | budget=$100 | ev_policy=shadow | fv_cancel_min_edge=0.03 | fv_decay_min_age=90s
2026-05-16 11:11:13,050 INFO mlb_poly_monitor Monitor date=2026-05-16 tz=America/Toronto output=C:\Users\micha\Desktop\github\NHL-BOT\baseball\data\polymarket\mlb_ou
2026-05-16 11:11:13,078 INFO mlb_poly_monitor Sleep prevention active (SetThreadExecutionState). Screen may still dim.
2026-05-16 11:11:13,109 INFO mlb_poly_monitor Auto-detected i7-12700K: pinning to P-cores (logical CPUs 0-15)
2026-05-16 11:11:13,110 INFO mlb_poly_monitor CPU affinity set to logical CPUs: [0, 1, 2, 3, 4, 5, 6, 7, 8, 9, 10, 11, 12, 13, 14, 15]
2026-05-16 11:11:13,110 INFO mlb_poly_monitor Windows process priority set to HIGH_PRIORITY_CLASS
2026-05-16 11:11:13,292 INFO mlb_poly_monitor Schedule refreshed for 2026-05-16: 15 games (0 live, 0 final)
2026-05-16 11:11:13,899 INFO mlb_poly_monitor Mapped BAL@WSH (game 822737) -> mlb-bal-wsh-2026-05-16 (7 O/U lines)
2026-05-16 11:11:14,560 INFO mlb_poly_monitor Mapped MIA@TB (game 822981) -> mlb-mia-tb-2026-05-16 (7 O/U lines)
2026-05-16 11:11:15,115 INFO mlb_poly_monitor Mapped KC@STL (game 823060) -> mlb-kc-stl-2026-05-16 (7 O/U lines)
2026-05-16 11:11:15,672 INFO mlb_poly_monitor Mapped SD@SEA (game 823139) -> mlb-sd-sea-2026-05-16 (7 O/U lines)
2026-05-16 11:11:16,175 INFO mlb_poly_monitor Mapped PHI@PIT (game 823382) -> mlb-phi-pit-2026-05-16 (7 O/U lines)
2026-05-16 11:11:16,727 INFO mlb_poly_monitor Mapped NYY@NYM (game 823627) -> mlb-nyy-nym-2026-05-16 (7 O/U lines)
2026-05-16 11:11:17,237 INFO mlb_poly_monitor Mapped MIL@MIN (game 823706) -> mlb-mil-min-2026-05-16 (7 O/U lines)
2026-05-16 11:11:18,400 INFO mlb_poly_monitor Mapped TEX@HOU (game 824193) -> mlb-tex-hou-2026-05-16 (7 O/U lines)
2026-05-16 11:11:18,915 INFO mlb_poly_monitor Mapped TOR@DET (game 824278) -> mlb-tor-det-2026-05-16 (7 O/U lines)
2026-05-16 11:11:19,985 INFO mlb_poly_monitor Mapped CIN@CLE (game 824435) -> mlb-cin-cle-2026-05-16 (7 O/U lines)
2026-05-16 11:11:20,556 INFO mlb_poly_monitor Mapped CHC@CWS (game 824600) -> mlb-chc-cws-2026-05-16 (7 O/U lines)
2026-05-16 11:11:21,077 INFO mlb_poly_monitor Mapped BOS@ATL (game 824924) -> mlb-bos-atl-2026-05-16 (7 O/U lines)
2026-05-16 11:11:21,586 DEBUG signal_engine tick_buffer health: 0 line_states
2026-05-16 11:13:14,077 INFO mlb_poly_monitor Market discovery no-new-mapping rollup: cycles_since_last=1 games_attempted_since_last=3 total_cycles=1 total_games_attempted=3
2026-05-16 11:15:14,130 DEBUG mlb_poly_monitor Market discovery attempted on 3 games; no new mappings this cycle.
2026-05-16 11:17:15,394 DEBUG mlb_poly_monitor Market discovery attempted on 3 games; no new mappings this cycle.
2026-05-16 11:19:14,306 DEBUG mlb_poly_monitor Market discovery attempted on 3 games; no new mappings this cycle.
2026-05-16 11:21:14,275 DEBUG mlb_poly_monitor Market discovery attempted on 3 games; no new mappings this cycle.
2026-05-16 11:23:16,023 DEBUG mlb_poly_monitor Market discovery attempted on 3 games; no new mappings this cycle.
2026-05-16 11:25:14,883 DEBUG mlb_poly_monitor Market discovery attempted on 3 games; no new mappings this cycle.
2026-05-16 11:27:15,130 DEBUG mlb_poly_monitor Market discovery attempted on 3 games; no new mappings this cycle.
2026-05-16 11:29:16,793 DEBUG mlb_poly_monitor Market discovery attempted on 3 games; no new mappings this cycle.
2026-05-16 11:31:15,544 DEBUG mlb_poly_monitor Market discovery attempted on 3 games; no new mappings this cycle.
2026-05-16 11:33:15,920 DEBUG mlb_poly_monitor Market discovery attempted on 3 games; no new mappings this cycle.
2026-05-16 11:35:17,624 DEBUG mlb_poly_monitor Market discovery attempted on 3 games; no new mappings this cycle.
2026-05-16 11:37:16,443 DEBUG mlb_poly_monitor Market discovery attempted on 3 games; no new mappings this cycle.
2026-05-16 11:39:16,789 DEBUG mlb_poly_monitor Market discovery attempted on 3 games; no new mappings this cycle.
2026-05-16 11:41:18,407 DEBUG mlb_poly_monitor Market discovery attempted on 3 games; no new mappings this cycle.
2026-05-16 11:41:21,667 DEBUG signal_engine tick_buffer health: 0 line_states
2026-05-16 11:43:17,200 INFO mlb_poly_monitor Market discovery no-new-mapping rollup: cycles_since_last=15 games_attempted_since_last=45 total_cycles=16 total_games_attempted=48
2026-05-16 11:44:21,361 DEBUG mlb_poly_monitor Schedule state-change rollup for 2026-05-16: changes_total=1 changes_since_last_log=1 games=15 live=0 final=0 states=live=0|final=0:1
2026-05-16 11:45:17,542 DEBUG mlb_poly_monitor Market discovery attempted on 3 games; no new mappings this cycle.
2026-05-16 11:47:19,159 DEBUG mlb_poly_monitor Market discovery attempted on 3 games; no new mappings this cycle.
2026-05-16 11:49:17,863 DEBUG mlb_poly_monitor Market discovery attempted on 3 games; no new mappings this cycle.
2026-05-16 11:51:18,197 DEBUG mlb_poly_monitor Market discovery attempted on 3 games; no new mappings this cycle.
2026-05-16 11:53:19,747 DEBUG mlb_poly_monitor Market discovery attempted on 3 games; no new mappings this cycle.
2026-05-16 11:55:18,770 DEBUG mlb_poly_monitor Market discovery attempted on 3 games; no new mappings this cycle.
2026-05-16 11:57:19,161 DEBUG mlb_poly_monitor Market discovery attempted on 3 games; no new mappings this cycle.
2026-05-16 11:59:20,747 DEBUG mlb_poly_monitor Market discovery attempted on 3 games; no new mappings this cycle.
2026-05-16 12:00:54,215 DEBUG mlb_poly_monitor Schedule refreshed for 2026-05-16: 15 games (0 live, 0 final; unchanged)
2026-05-16 12:01:19,928 DEBUG mlb_poly_monitor Market discovery attempted on 3 games; no new mappings this cycle.
2026-05-16 12:03:20,286 DEBUG mlb_poly_monitor Market discovery attempted on 3 games; no new mappings this cycle.
2026-05-16 12:05:21,845 DEBUG mlb_poly_monitor Market discovery attempted on 3 games; no new mappings this cycle.
2026-05-16 12:07:21,008 DEBUG mlb_poly_monitor Market discovery attempted on 3 games; no new mappings this cycle.
2026-05-16 12:09:21,282 DEBUG mlb_poly_monitor Market discovery attempted on 3 games; no new mappings this cycle.
2026-05-16 12:11:22,943 DEBUG mlb_poly_monitor Market discovery attempted on 3 games; no new mappings this cycle.
2026-05-16 12:11:23,344 DEBUG signal_engine tick_buffer health: 0 line_states
2026-05-16 12:13:21,710 INFO mlb_poly_monitor Market discovery no-new-mapping rollup: cycles_since_last=15 games_attempted_since_last=45 total_cycles=31 total_games_attempted=93
2026-05-16 12:15:21,997 DEBUG mlb_poly_monitor Market discovery attempted on 3 games; no new mappings this cycle.
2026-05-16 12:17:23,836 DEBUG mlb_poly_monitor Market discovery attempted on 3 games; no new mappings this cycle.
2026-05-16 12:19:22,556 DEBUG mlb_poly_monitor Market discovery attempted on 3 games; no new mappings this cycle.
2026-05-16 12:21:22,827 DEBUG mlb_poly_monitor Market discovery attempted on 3 games; no new mappings this cycle.
2026-05-16 12:23:24,686 DEBUG mlb_poly_monitor Market discovery attempted on 3 games; no new mappings this cycle.
2026-05-16 12:25:23,370 DEBUG mlb_poly_monitor Market discovery attempted on 3 games; no new mappings this cycle.
2026-05-16 12:27:23,784 DEBUG mlb_poly_monitor Market discovery attempted on 3 games; no new mappings this cycle.
2026-05-16 12:29:25,408 DEBUG mlb_poly_monitor Market discovery attempted on 3 games; no new mappings this cycle.
2026-05-16 12:31:24,046 DEBUG mlb_poly_monitor Market discovery attempted on 3 games; no new mappings this cycle.
2026-05-16 12:33:24,451 DEBUG mlb_poly_monitor Market discovery attempted on 3 games; no new mappings this cycle.
2026-05-16 12:35:25,559 DEBUG mlb_poly_monitor Market discovery attempted on 3 games; no new mappings this cycle.
2026-05-16 12:37:24,637 DEBUG mlb_poly_monitor Market discovery attempted on 3 games; no new mappings this cycle.
2026-05-16 12:39:24,956 DEBUG mlb_poly_monitor Market discovery attempted on 3 games; no new mappings this cycle.
2026-05-16 12:41:26,502 DEBUG mlb_poly_monitor Market discovery attempted on 3 games; no new mappings this cycle.
2026-05-16 12:41:26,906 DEBUG signal_engine tick_buffer health: 0 line_states
2026-05-16 12:43:25,728 INFO mlb_poly_monitor Market discovery no-new-mapping rollup: cycles_since_last=15 games_attempted_since_last=45 total_cycles=46 total_games_attempted=138
2026-05-16 12:45:25,608 DEBUG mlb_poly_monitor Market discovery attempted on 3 games; no new mappings this cycle.
2026-05-16 12:47:27,294 DEBUG mlb_poly_monitor Market discovery attempted on 3 games; no new mappings this cycle.
2026-05-16 12:48:32,286 INFO mlb_poly_monitor START monitoring game 824278 (TOR@DET, state=Live) — 7 lines ready, 0 deploying
2026-05-16 12:49:27,031 DEBUG mlb_poly_monitor Market discovery attempted on 3 games; no new mappings this cycle.
2026-05-16 12:49:50,279 DEBUG mlb_poly_monitor Polling 14 token books (1 active games)
2026-05-16 12:49:51,180 DEBUG mlb_poly_monitor Wrote 14 tick snapshots
2026-05-16 12:51:03,830 DEBUG mlb_poly_monitor Schedule refreshed for 2026-05-16: 15 games (1 live, 0 final; unchanged)
2026-05-16 12:51:27,397 DEBUG mlb_poly_monitor Market discovery attempted on 3 games; no new mappings this cycle.
2026-05-16 12:53:29,090 DEBUG mlb_poly_monitor Market discovery attempted on 3 games; no new mappings this cycle.
2026-05-16 12:55:27,793 DEBUG mlb_poly_monitor Market discovery attempted on 3 games; no new mappings this cycle.
2026-05-16 12:57:28,842 DEBUG mlb_poly_monitor Market discovery attempted on 3 games; no new mappings this cycle.
2026-05-16 12:59:30,477 DEBUG mlb_poly_monitor Market discovery attempted on 3 games; no new mappings this cycle.
2026-05-16 13:01:28,949 DEBUG mlb_poly_monitor Market discovery attempted on 3 games; no new mappings this cycle.
2026-05-16 13:03:18,398 DEBUG mlb_poly_monitor Polling 14 token books (1 active games)
2026-05-16 13:03:19,286 DEBUG mlb_poly_monitor Wrote 14 tick snapshots
2026-05-16 13:03:29,370 DEBUG mlb_poly_monitor Market discovery attempted on 3 games; no new mappings this cycle.
2026-05-16 13:05:34,602 WARNING mlb_poly_monitor Market discovery cycle failed: HTTPSConnectionPool(host='gamma-api.polymarket.com', port=443): Read timed out. (read timeout=4.0)
2026-05-16 13:07:31,128 DEBUG mlb_poly_monitor Market discovery attempted on 3 games; no new mappings this cycle.
2026-05-16 13:09:31,394 DEBUG mlb_poly_monitor Market discovery attempted on 3 games; no new mappings this cycle.
2026-05-16 13:11:28,012 DEBUG signal_engine tick_buffer health: 7 line_states, 7 nonempty, len min/median/max=120/120/120, newest_age max=0.0s, oldest_age max=333.7s
2026-05-16 13:11:32,949 DEBUG mlb_poly_monitor Market discovery attempted on 3 games; no new mappings this cycle.
2026-05-16 13:13:32,400 DEBUG mlb_poly_monitor Market discovery attempted on 3 games; no new mappings this cycle.
2026-05-16 13:15:32,183 INFO mlb_poly_monitor Market discovery no-new-mapping rollup: cycles_since_last=15 games_attempted_since_last=45 total_cycles=61 total_games_attempted=183
2026-05-16 13:17:17,053 DEBUG mlb_poly_monitor Polling 14 token books (1 active games)
2026-05-16 13:17:17,941 DEBUG mlb_poly_monitor Wrote 14 tick snapshots
2026-05-16 13:17:33,681 DEBUG mlb_poly_monitor Market discovery attempted on 3 games; no new mappings this cycle.
2026-05-16 13:19:32,794 DEBUG mlb_poly_monitor Market discovery attempted on 3 games; no new mappings this cycle.
2026-05-16 13:21:33,703 DEBUG mlb_poly_monitor Market discovery attempted on 3 games; no new mappings this cycle.
2026-05-16 13:23:34,901 DEBUG mlb_poly_monitor Market discovery attempted on 3 games; no new mappings this cycle.
2026-05-16 13:25:35,093 DEBUG mlb_poly_monitor Market discovery attempted on 3 games; no new mappings this cycle.
2026-05-16 13:27:35,250 DEBUG mlb_poly_monitor Market discovery attempted on 3 games; no new mappings this cycle.
2026-05-16 13:29:36,469 DEBUG mlb_poly_monitor Market discovery attempted on 3 games; no new mappings this cycle.
2026-05-16 13:31:09,628 DEBUG mlb_poly_monitor Polling 14 token books (1 active games)
2026-05-16 13:31:10,523 DEBUG mlb_poly_monitor Wrote 14 tick snapshots
2026-05-16 13:31:35,461 DEBUG mlb_poly_monitor Market discovery attempted on 3 games; no new mappings this cycle.
2026-05-16 13:33:35,383 DEBUG mlb_poly_monitor Market discovery attempted on 3 games; no new mappings this cycle.
2026-05-16 13:35:36,700 DEBUG mlb_poly_monitor Market discovery attempted on 3 games; no new mappings this cycle.
2026-05-16 13:37:35,731 DEBUG mlb_poly_monitor Market discovery attempted on 3 games; no new mappings this cycle.
2026-05-16 13:39:36,546 DEBUG mlb_poly_monitor Market discovery attempted on 3 games; no new mappings this cycle.
2026-05-16 13:41:30,376 DEBUG signal_engine tick_buffer health: 7 line_states, 7 nonempty, len min/median/max=120/120/120, newest_age max=0.0s, oldest_age max=310.9s
2026-05-16 13:41:38,124 DEBUG mlb_poly_monitor Market discovery attempted on 3 games; no new mappings this cycle.
2026-05-16 13:41:45,254 DEBUG mlb_poly_monitor Schedule refreshed for 2026-05-16: 15 games (1 live, 0 final; unchanged)
2026-05-16 13:43:37,362 DEBUG mlb_poly_monitor Market discovery attempted on 3 games; no new mappings this cycle.
2026-05-16 13:44:39,278 DEBUG mlb_poly_monitor Polling 14 token books (1 active games)
2026-05-16 13:44:40,166 DEBUG mlb_poly_monitor Wrote 14 tick snapshots
2026-05-16 13:45:37,604 INFO mlb_poly_monitor Market discovery no-new-mapping rollup: cycles_since_last=15 games_attempted_since_last=45 total_cycles=76 total_games_attempted=228
2026-05-16 13:47:39,314 DEBUG mlb_poly_monitor Market discovery attempted on 3 games; no new mappings this cycle.
2026-05-16 13:49:38,889 DEBUG mlb_poly_monitor Market discovery attempted on 3 games; no new mappings this cycle.
2026-05-16 13:51:39,707 DEBUG mlb_poly_monitor Market discovery attempted on 3 games; no new mappings this cycle.
2026-05-16 13:53:41,453 DEBUG mlb_poly_monitor Market discovery attempted on 3 games; no new mappings this cycle.
2026-05-16 13:55:40,436 DEBUG mlb_poly_monitor Market discovery attempted on 3 games; no new mappings this cycle.
2026-05-16 13:57:40,427 DEBUG mlb_poly_monitor Market discovery attempted on 3 games; no new mappings this cycle.
2026-05-16 13:58:35,623 DEBUG mlb_poly_monitor Polling 14 token books (1 active games)
2026-05-16 13:58:36,516 DEBUG mlb_poly_monitor Wrote 14 tick snapshots
2026-05-16 13:59:42,788 DEBUG mlb_poly_monitor Market discovery attempted on 3 games; no new mappings this cycle.
2026-05-16 14:01:43,047 DEBUG mlb_poly_monitor Market discovery attempted on 3 games; no new mappings this cycle.
2026-05-16 14:03:43,270 DEBUG mlb_poly_monitor Market discovery attempted on 3 games; no new mappings this cycle.
2026-05-16 14:05:44,720 DEBUG mlb_poly_monitor Market discovery attempted on 3 games; no new mappings this cycle.
2026-05-16 14:07:43,626 DEBUG mlb_poly_monitor Market discovery attempted on 3 games; no new mappings this cycle.
2026-05-16 14:09:44,329 INFO mlb_poly_monitor Mapped LAD@LAA (game 824038) -> mlb-lad-laa-2026-05-16 (7 O/U lines, 0 ready, 7 still deploying)
2026-05-16 14:09:44,639 INFO mlb_poly_monitor Mapped SF@ATH (game 825007) -> mlb-sf-oak-2026-05-16 (7 O/U lines, 0 ready, 7 still deploying)
2026-05-16 14:11:32,128 DEBUG signal_engine tick_buffer health: 7 line_states, 7 nonempty, len min/median/max=120/120/120, newest_age max=0.0s, oldest_age max=312.6s
2026-05-16 14:11:44,882 DEBUG mlb_poly_monitor LAD@LAA (game 824038): all 7 markets still deploying, will recheck in 60s
2026-05-16 14:11:46,002 DEBUG mlb_poly_monitor SF@ATH (game 825007): all 7 markets still deploying, will recheck in 60s
2026-05-16 14:11:46,004 DEBUG mlb_poly_monitor Market discovery attempted on 3 games; no new mappings this cycle.
2026-05-16 14:12:04,969 DEBUG mlb_poly_monitor Polling 14 token books (1 active games)
2026-05-16 14:12:05,868 DEBUG mlb_poly_monitor Wrote 14 tick snapshots
2026-05-16 14:13:44,677 DEBUG mlb_poly_monitor LAD@LAA (game 824038): all 7 markets still deploying, will recheck in 60s
2026-05-16 14:13:45,123 DEBUG mlb_poly_monitor SF@ATH (game 825007): all 7 markets still deploying, will recheck in 60s
2026-05-16 14:13:45,126 DEBUG mlb_poly_monitor Market discovery attempted on 3 games; no new mappings this cycle.
2026-05-16 14:15:44,979 DEBUG mlb_poly_monitor LAD@LAA (game 824038): all 7 markets still deploying, will recheck in 60s
2026-05-16 14:15:45,399 DEBUG mlb_poly_monitor SF@ATH (game 825007): all 7 markets still deploying, will recheck in 60s
2026-05-16 14:15:45,401 DEBUG mlb_poly_monitor Market discovery attempted on 3 games; no new mappings this cycle.
2026-05-16 14:17:46,456 DEBUG mlb_poly_monitor LAD@LAA (game 824038): all 7 markets still deploying, will recheck in 60s
2026-05-16 14:17:47,381 DEBUG mlb_poly_monitor SF@ATH (game 825007): all 7 markets still deploying, will recheck in 60s
2026-05-16 14:17:47,381 INFO mlb_poly_monitor Market discovery no-new-mapping rollup: cycles_since_last=15 games_attempted_since_last=45 total_cycles=91 total_games_attempted=273
2026-05-16 14:19:46,173 DEBUG mlb_poly_monitor LAD@LAA (game 824038): all 7 markets still deploying, will recheck in 60s
2026-05-16 14:19:46,615 DEBUG mlb_poly_monitor SF@ATH (game 825007): all 7 markets still deploying, will recheck in 60s
2026-05-16 14:19:46,618 DEBUG mlb_poly_monitor Market discovery attempted on 3 games; no new mappings this cycle.
2026-05-16 14:21:46,745 DEBUG mlb_poly_monitor LAD@LAA (game 824038): all 7 markets still deploying, will recheck in 60s
2026-05-16 14:21:47,260 DEBUG mlb_poly_monitor SF@ATH (game 825007): all 7 markets still deploying, will recheck in 60s
2026-05-16 14:21:47,262 DEBUG mlb_poly_monitor Market discovery attempted on 3 games; no new mappings this cycle.
2026-05-16 14:23:48,066 DEBUG mlb_poly_monitor LAD@LAA (game 824038): all 7 markets still deploying, will recheck in 60s
2026-05-16 14:23:49,003 DEBUG mlb_poly_monitor SF@ATH (game 825007): all 7 markets still deploying, will recheck in 60s
2026-05-16 14:23:49,004 DEBUG mlb_poly_monitor Market discovery attempted on 3 games; no new mappings this cycle.
2026-05-16 14:25:09,928 DEBUG mlb_poly_monitor Polling 14 token books (1 active games)
2026-05-16 14:25:10,819 DEBUG mlb_poly_monitor Wrote 14 tick snapshots
2026-05-16 14:25:48,239 DEBUG mlb_poly_monitor LAD@LAA (game 824038): all 7 markets still deploying, will recheck in 60s
2026-05-16 14:25:48,773 DEBUG mlb_poly_monitor SF@ATH (game 825007): all 7 markets still deploying, will recheck in 60s
2026-05-16 14:25:48,774 DEBUG mlb_poly_monitor Market discovery attempted on 3 games; no new mappings this cycle.
2026-05-16 14:27:30,636 DEBUG mlb_poly_monitor Schedule state-change rollup for 2026-05-16: changes_total=25 changes_since_last_log=24 games=15 live=1 final=0 states=live=1|final=0:24, live=0|final=0:1
2026-05-16 14:27:49,470 DEBUG mlb_poly_monitor LAD@LAA (game 824038): all 7 markets still deploying, will recheck in 60s
2026-05-16 14:27:49,769 DEBUG mlb_poly_monitor SF@ATH (game 825007): all 7 markets still deploying, will recheck in 60s
2026-05-16 14:27:49,771 DEBUG mlb_poly_monitor Market discovery attempted on 3 games; no new mappings this cycle.
2026-05-16 14:29:49,959 DEBUG mlb_poly_monitor LAD@LAA (game 824038): all 7 markets still deploying, will recheck in 60s
2026-05-16 14:29:50,937 DEBUG mlb_poly_monitor SF@ATH (game 825007): all 7 markets still deploying, will recheck in 60s
2026-05-16 14:29:50,938 DEBUG mlb_poly_monitor Market discovery attempted on 3 games; no new mappings this cycle.
2026-05-16 14:31:49,521 DEBUG mlb_poly_monitor LAD@LAA (game 824038): all 7 markets still deploying, will recheck in 60s
2026-05-16 14:31:50,135 DEBUG mlb_poly_monitor SF@ATH (game 825007): all 7 markets still deploying, will recheck in 60s
2026-05-16 14:31:50,136 DEBUG mlb_poly_monitor Market discovery attempted on 3 games; no new mappings this cycle.
2026-05-16 14:32:33,788 DEBUG mlb_poly_monitor Schedule refreshed for 2026-05-16: 15 games (1 live, 0 final; unchanged)
2026-05-16 14:33:49,908 DEBUG mlb_poly_monitor LAD@LAA (game 824038): all 7 markets still deploying, will recheck in 60s
2026-05-16 14:33:50,174 DEBUG mlb_poly_monitor SF@ATH (game 825007): all 7 markets still deploying, will recheck in 60s
2026-05-16 14:33:50,175 DEBUG mlb_poly_monitor Market discovery attempted on 3 games; no new mappings this cycle.
2026-05-16 14:35:50,673 DEBUG mlb_poly_monitor LAD@LAA (game 824038): all 7 markets still deploying, will recheck in 60s
2026-05-16 14:35:51,673 DEBUG mlb_poly_monitor SF@ATH (game 825007): all 7 markets still deploying, will recheck in 60s
2026-05-16 14:35:51,674 DEBUG mlb_poly_monitor Market discovery attempted on 3 games; no new mappings this cycle.
2026-05-16 14:37:08,902 INFO mlb_poly_monitor START monitoring game 823060 (KC@STL, state=Live) — 7 lines ready, 0 deploying
2026-05-16 14:37:50,225 DEBUG mlb_poly_monitor LAD@LAA (game 824038): all 7 markets still deploying, will recheck in 60s
2026-05-16 14:37:50,744 DEBUG mlb_poly_monitor SF@ATH (game 825007): all 7 markets still deploying, will recheck in 60s
2026-05-16 14:37:50,745 DEBUG mlb_poly_monitor Market discovery attempted on 3 games; no new mappings this cycle.
2026-05-16 14:38:59,397 DEBUG mlb_poly_monitor Polling 28 token books (2 active games)
2026-05-16 14:39:01,135 DEBUG mlb_poly_monitor Wrote 28 tick snapshots
2026-05-16 14:39:50,500 DEBUG mlb_poly_monitor LAD@LAA (game 824038): all 7 markets still deploying, will recheck in 60s
2026-05-16 14:39:50,770 DEBUG mlb_poly_monitor SF@ATH (game 825007): all 7 markets still deploying, will recheck in 60s
2026-05-16 14:39:50,772 DEBUG mlb_poly_monitor Market discovery attempted on 3 games; no new mappings this cycle.
2026-05-16 14:41:33,820 DEBUG signal_engine tick_buffer health: 14 line_states, 14 nonempty, len min/median/max=103/120/120, newest_age max=0.0s, oldest_age max=313.8s
2026-05-16 14:41:52,685 DEBUG mlb_poly_monitor LAD@LAA (game 824038): all 7 markets still deploying, will recheck in 60s
2026-05-16 14:41:53,831 DEBUG mlb_poly_monitor SF@ATH (game 825007): all 7 markets still deploying, will recheck in 60s
2026-05-16 14:41:53,832 DEBUG mlb_poly_monitor Market discovery attempted on 3 games; no new mappings this cycle.
2026-05-16 14:43:53,533 DEBUG mlb_poly_monitor LAD@LAA (game 824038): all 7 markets still deploying, will recheck in 60s
2026-05-16 14:43:53,940 DEBUG mlb_poly_monitor SF@ATH (game 825007): all 7 markets still deploying, will recheck in 60s
2026-05-16 14:43:53,941 DEBUG mlb_poly_monitor Market discovery attempted on 3 games; no new mappings this cycle.
2026-05-16 14:45:53,684 DEBUG mlb_poly_monitor LAD@LAA (game 824038): all 7 markets still deploying, will recheck in 60s
2026-05-16 14:45:53,959 DEBUG mlb_poly_monitor SF@ATH (game 825007): all 7 markets still deploying, will recheck in 60s
2026-05-16 14:45:53,960 DEBUG mlb_poly_monitor Market discovery attempted on 3 games; no new mappings this cycle.
2026-05-16 14:47:54,569 DEBUG mlb_poly_monitor LAD@LAA (game 824038): all 7 markets still deploying, will recheck in 60s
2026-05-16 14:47:55,588 DEBUG mlb_poly_monitor SF@ATH (game 825007): all 7 markets still deploying, will recheck in 60s
2026-05-16 14:47:55,589 INFO mlb_poly_monitor Market discovery no-new-mapping rollup: cycles_since_last=15 games_attempted_since_last=45 total_cycles=106 total_games_attempted=318
2026-05-16 14:49:54,674 DEBUG mlb_poly_monitor LAD@LAA (game 824038): all 7 markets still deploying, will recheck in 60s
2026-05-16 14:49:55,075 DEBUG mlb_poly_monitor SF@ATH (game 825007): all 7 markets still deploying, will recheck in 60s
2026-05-16 14:49:55,076 DEBUG mlb_poly_monitor Market discovery attempted on 3 games; no new mappings this cycle.
2026-05-16 14:51:47,433 DEBUG mlb_poly_monitor Polling 28 token books (2 active games)
2026-05-16 14:51:49,169 DEBUG mlb_poly_monitor Wrote 28 tick snapshots
2026-05-16 14:51:54,792 DEBUG mlb_poly_monitor LAD@LAA (game 824038): all 7 markets still deploying, will recheck in 60s
2026-05-16 14:51:55,279 DEBUG mlb_poly_monitor SF@ATH (game 825007): all 7 markets still deploying, will recheck in 60s
2026-05-16 14:51:55,281 DEBUG mlb_poly_monitor Market discovery attempted on 3 games; no new mappings this cycle.
2026-05-16 14:53:55,498 DEBUG mlb_poly_monitor LAD@LAA (game 824038): all 7 markets still deploying, will recheck in 60s
2026-05-16 14:53:56,381 DEBUG mlb_poly_monitor SF@ATH (game 825007): all 7 markets still deploying, will recheck in 60s
2026-05-16 14:53:56,382 DEBUG mlb_poly_monitor Market discovery attempted on 3 games; no new mappings this cycle.
2026-05-16 14:55:56,185 DEBUG mlb_poly_monitor LAD@LAA (game 824038): all 7 markets still deploying, will recheck in 60s
2026-05-16 14:55:56,580 DEBUG mlb_poly_monitor SF@ATH (game 825007): all 7 markets still deploying, will recheck in 60s
2026-05-16 14:55:56,580 DEBUG mlb_poly_monitor Market discovery attempted on 3 games; no new mappings this cycle.
2026-05-16 14:57:56,357 DEBUG mlb_poly_monitor LAD@LAA (game 824038): all 7 markets still deploying, will recheck in 60s
2026-05-16 14:57:56,671 DEBUG mlb_poly_monitor SF@ATH (game 825007): all 7 markets still deploying, will recheck in 60s
2026-05-16 14:57:56,672 DEBUG mlb_poly_monitor Market discovery attempted on 3 games; no new mappings this cycle.
2026-05-16 14:59:56,962 DEBUG mlb_poly_monitor LAD@LAA (game 824038): all 7 markets still deploying, will recheck in 60s
2026-05-16 14:59:57,929 DEBUG mlb_poly_monitor SF@ATH (game 825007): all 7 markets still deploying, will recheck in 60s
2026-05-16 14:59:57,930 DEBUG mlb_poly_monitor Market discovery attempted on 3 games; no new mappings this cycle.
2026-05-16 15:01:57,823 DEBUG mlb_poly_monitor LAD@LAA (game 824038): all 7 markets still deploying, will recheck in 60s
2026-05-16 15:01:58,341 DEBUG mlb_poly_monitor SF@ATH (game 825007): all 7 markets still deploying, will recheck in 60s
2026-05-16 15:01:58,342 DEBUG mlb_poly_monitor Market discovery attempted on 3 games; no new mappings this cycle.
2026-05-16 15:03:58,107 DEBUG mlb_poly_monitor LAD@LAA (game 824038): all 7 markets still deploying, will recheck in 60s
2026-05-16 15:03:58,380 DEBUG mlb_poly_monitor SF@ATH (game 825007): all 7 markets still deploying, will recheck in 60s
2026-05-16 15:03:58,381 DEBUG mlb_poly_monitor Market discovery attempted on 3 games; no new mappings this cycle.
2026-05-16 15:04:36,903 DEBUG mlb_poly_monitor Polling 28 token books (2 active games)
2026-05-16 15:04:38,636 DEBUG mlb_poly_monitor Wrote 28 tick snapshots
2026-05-16 15:05:58,952 DEBUG mlb_poly_monitor LAD@LAA (game 824038): all 7 markets still deploying, will recheck in 60s
2026-05-16 15:05:59,900 DEBUG mlb_poly_monitor SF@ATH (game 825007): all 7 markets still deploying, will recheck in 60s
2026-05-16 15:05:59,901 DEBUG mlb_poly_monitor Market discovery attempted on 3 games; no new mappings this cycle.
2026-05-16 15:07:59,003 DEBUG mlb_poly_monitor LAD@LAA (game 824038): all 7 markets still deploying, will recheck in 60s
2026-05-16 15:07:59,437 DEBUG mlb_poly_monitor SF@ATH (game 825007): all 7 markets still deploying, will recheck in 60s
2026-05-16 15:07:59,439 DEBUG mlb_poly_monitor Market discovery attempted on 3 games; no new mappings this cycle.
2026-05-16 15:09:59,273 DEBUG mlb_poly_monitor LAD@LAA (game 824038): all 7 markets still deploying, will recheck in 60s
2026-05-16 15:09:59,566 DEBUG mlb_poly_monitor SF@ATH (game 825007): all 7 markets still deploying, will recheck in 60s
2026-05-16 15:09:59,567 DEBUG mlb_poly_monitor Market discovery attempted on 3 games; no new mappings this cycle.
2026-05-16 15:11:36,146 DEBUG signal_engine tick_buffer health: 14 line_states, 14 nonempty, len min/median/max=120/120/120, newest_age max=0.0s, oldest_age max=304.3s
2026-05-16 15:12:00,121 DEBUG mlb_poly_monitor LAD@LAA (game 824038): all 7 markets still deploying, will recheck in 60s
2026-05-16 15:12:01,168 DEBUG mlb_poly_monitor SF@ATH (game 825007): all 7 markets still deploying, will recheck in 60s
2026-05-16 15:12:01,169 DEBUG mlb_poly_monitor Market discovery attempted on 3 games; no new mappings this cycle.
2026-05-16 15:14:01,054 DEBUG mlb_poly_monitor LAD@LAA (game 824038): all 7 markets still deploying, will recheck in 60s
2026-05-16 15:14:01,437 DEBUG mlb_poly_monitor SF@ATH (game 825007): all 7 markets still deploying, will recheck in 60s
2026-05-16 15:14:01,438 DEBUG mlb_poly_monitor Market discovery attempted on 3 games; no new mappings this cycle.
2026-05-16 15:16:01,248 DEBUG mlb_poly_monitor LAD@LAA (game 824038): all 7 markets still deploying, will recheck in 60s
2026-05-16 15:16:01,524 DEBUG mlb_poly_monitor SF@ATH (game 825007): all 7 markets still deploying, will recheck in 60s
2026-05-16 15:16:01,525 DEBUG mlb_poly_monitor Market discovery attempted on 3 games; no new mappings this cycle.
2026-05-16 15:17:25,932 DEBUG mlb_poly_monitor Polling 28 token books (2 active games)
2026-05-16 15:17:27,667 DEBUG mlb_poly_monitor Wrote 28 tick snapshots
2026-05-16 15:18:01,874 DEBUG mlb_poly_monitor LAD@LAA (game 824038): all 7 markets still deploying, will recheck in 60s
2026-05-16 15:18:02,834 DEBUG mlb_poly_monitor SF@ATH (game 825007): all 7 markets still deploying, will recheck in 60s
2026-05-16 15:18:02,835 INFO mlb_poly_monitor Market discovery no-new-mapping rollup: cycles_since_last=15 games_attempted_since_last=45 total_cycles=121 total_games_attempted=363
2026-05-16 15:18:38,726 INFO live_engine Received signal 2 -- initiating graceful shutdown...
2026-05-16 15:18:39,456 INFO live_engine Active-date final scrape complete for 2026-05-16. Tail: Failed:             0 | Run manifest:       C:\Users\micha\Desktop\github\NHL-BOT\baseball\data\manifests\runs\run_20260516T191839Z.json | ========================================================================
2026-05-16 15:18:39,562 INFO live_engine Daily human-review report written: json=C:\Users\micha\Desktop\github\NHL-BOT\baseball\data\analysis_output\daily_human_review\2026-05-16_human_review.json markdown=C:\Users\micha\Desktop\github\NHL-BOT\baseball\data\analysis_output\daily_human_review\2026-05-16_human_review.md
2026-05-16 15:18:40,575 INFO build_calibration_opportunity_training_table Wrote C:\Users\micha\Desktop\github\NHL-BOT\baseball\data\analysis_output\calibration_opportunity_training\calibration_opportunity_training_table.jsonl
2026-05-16 15:18:40,580 INFO build_calibration_opportunity_training_table Wrote C:\Users\micha\Desktop\github\NHL-BOT\baseball\data\analysis_output\calibration_opportunity_training\calibration_opportunity_training_table.csv
2026-05-16 15:18:40,581 INFO build_calibration_opportunity_training_table Wrote C:\Users\micha\Desktop\github\NHL-BOT\baseball\data\analysis_output\calibration_opportunity_training\calibration_opportunity_training_table_manifest.json
2026-05-16 15:18:40,581 INFO build_calibration_opportunity_training_table Rows: source=3705 output=1044 final_labels=1041 score_confirmations=546 selected_inferred_rows=1561 current_support_backfill_rows=2059 score_event_repeat_policy=dedupe collapsed=2661
2026-05-16 15:18:40,606 INFO live_engine Model maturity input table refreshed through 2026-05-16.
2026-05-16 15:18:40,745 INFO live_engine Model maturity report written: json=C:\Users\micha\Desktop\github\NHL-BOT\baseball\data\analysis_output\model_maturity\model_maturity_report.json markdown=C:\Users\micha\Desktop\github\NHL-BOT\baseball\data\analysis_output\model_maturity\model_maturity_report.md
2026-05-16 15:18:40,745 INFO live_engine Graceful shutdown complete.
2026-05-16 15:18:40,746 INFO mlb_poly_monitor === MONITOR ROLLUP (2026-05-16) schedule_refreshes=490 changes=47 failures=0 poll_cycles=5427 tick_snapshots=60564 discovery_no_new_cycles=121 discovery_no_new_games_attempted=363 retired_book_keys=0 retire_events=0 runtime=14849s ===
2026-05-16 15:18:40,746 INFO mlb_poly_monitor MONITOR SCHEDULE ROLLUP (2026-05-16) state_change_buckets=live=1|final=0:27, live=3|final=0:15, live=2|final=0:4, live=0|final=0:1
2026-05-16 15:18:45,164 INFO live_engine Log file: C:\Users\micha\Desktop\github\NHL-BOT\baseball\logs\real-logs\2026-05-16.log
2026-05-16 15:18:45,172 INFO daily_refresh Startup refresh plan: active_date=2026-05-16 max_refresh_date=2026-05-15 steps=51 strict=False
2026-05-16 15:18:45,172 INFO daily_refresh Startup refresh step started: preflight_env_secrets
2026-05-16 15:18:45,184 INFO daily_refresh Startup refresh step ok: preflight_env_secrets (0.0s)
2026-05-16 15:18:45,184 DEBUG daily_refresh Startup refresh output tail for preflight_env_secrets:
env_path=C:\Users\micha\Desktop\github\NHL-BOT\baseball\.env
POLY_PRIVATE_KEY present (length=66)
2026-05-16 15:18:45,184 INFO daily_refresh Startup refresh step started: scrape_recent_games
2026-05-16 15:18:45,517 INFO daily_refresh Startup refresh step ok: scrape_recent_games (0.3s)
2026-05-16 15:18:45,517 DEBUG daily_refresh Startup refresh output tail for scrape_recent_games:
========================================================================
MLB Historical Scrape
========================================================================
Date range:      2026-05-09 -> 2026-05-15
Game types:      R
Sport ID:        1
Max workers:     8
Overwrite:       False
Dry run:         False
Output root:     C:\Users\micha\Desktop\github\NHL-BOT\baseball\data
========================================================================

[2026-05] Fetching schedule 2026-05-09 -> 2026-05-15 ...
  games=92 — downloading feeds ...
  complete: downloaded=0 skipped=92 failed=0

========================================================================
SCRAPE SUMMARY
========================================================================
Months processed:   1
Games discovered:   92
Downloaded:         0
Skipped existing:   92
Failed:             0
Run manifest:       C:\Users\micha\Desktop\github\NHL-BOT\baseball\data\manifests\runs\run_20260516T191845Z.json
========================================================================
2026-05-16 15:18:45,517 INFO daily_refresh Startup refresh step started: stage1_ou_cache
2026-05-16 15:24:48,520 INFO daily_refresh Startup refresh step ok: stage1_ou_cache (362.1s)
2026-05-16 15:24:48,520 DEBUG daily_refresh Startup refresh output tail for stage1_ou_cache:
Found 12400 files under C:\Users\micha\Desktop\github\NHL-BOT\baseball\data\games\regular (from 23602 total after history filters). Parsing pass 1...
  pass1 0/12400 files ...
  pass1 1000/12400 files ...
  pass1 2000/12400 files ...
  pass1 3000/12400 files ...
  pass1 4000/12400 files ...
  pass1 5000/12400 files ...
  pass1 6000/12400 files ...
  pass1 7000/12400 files ...
  pass1 8000/12400 files ...
  pass1 9000/12400 files ...
  pass1 10000/12400 files ...
  pass1 11000/12400 files ...
  pass1 12000/12400 files ...
Parsing pass 2 for fallback calibration ...
  pass2 0/12400 files ...
  pass2 1000/12400 files ...
  pass2 2000/12400 files ...
  pass2 3000/12400 files ...
  pass2 4000/12400 files ...
  pass2 5000/12400 files ...
  pass2 6000/12400 files ...
  pass2 7000/12400 files ...
  pass2 8000/12400 files ...
  pass2 9000/12400 files ...
  pass2 10000/12400 files ...
  pass2 11000/12400 files ...
  pass2 12000/12400 files ...
Building cache cells ...

Cache build complete:
  Games loaded: 12148
  Seasons: 2021, 2022, 2023, 2024, 2025
  History window: 2021-04-01 -> 2025-09-28
  Duplicate game files skipped: 250
  Samples recorded: 915426
  Valid cells: 4298
  Skipped low games: 36343
  Skipped high score cells: 1871
  Calibration keys: 3179 (prior_n=80, min_n=20, samples=245100)

Sample cells:
  0_0_1_T_0_0        n=12148 n_samples= 12148 lam=8.92 label=Top1  0 out  bases=---
  0_0_1_B_0_0        n=8910 n_samples=  8910 lam=8.46 label=Bot1  0 out  bases=---
  1_0_5_T_1_3        n=  76 n_samples=    76 lam=5.41 label=Top5  1 out  bases=12-

Saved cache -> C:\Users\micha\Desktop\github\NHL-BOT\baseball\cache\mlb_ou_cache.staging.json
2026-05-16 15:24:48,520 INFO daily_refresh Startup refresh step started: stage1_cache_promote
2026-05-16 15:24:48,564 INFO daily_refresh Startup refresh step ok: stage1_cache_promote (0.0s)
2026-05-16 15:24:48,564 DEBUG daily_refresh Startup refresh output tail for stage1_cache_promote:
ok Stage-1 promoted: mlb_ou_cache.staging.json -> mlb_ou_cache.json. sanity guard passed: staging 12148 games >= 99% of production 12148.
2026-05-16 15:24:48,564 INFO daily_refresh Startup refresh step started: scrape_active_schedule
2026-05-16 15:24:49,059 INFO daily_refresh Startup refresh step ok: scrape_active_schedule (0.5s)
2026-05-16 15:24:49,059 DEBUG daily_refresh Startup refresh output tail for scrape_active_schedule:
========================================================================
MLB Historical Scrape
========================================================================
Date range:      2026-05-01 -> 2026-05-31
Game types:      R
Sport ID:        1
Max workers:     8
Overwrite:       False
Dry run:         True
Output root:     C:\Users\micha\Desktop\github\NHL-BOT\baseball\data
========================================================================

[2026-05] Fetching schedule 2026-05-01 -> 2026-05-31 ...
  games=424 (dry-run, no game feed downloads)

========================================================================
SCRAPE SUMMARY
========================================================================
Months processed:   1
Games discovered:   424
Downloaded:         0
Skipped existing:   0
Failed:             0
Run manifest:       C:\Users\micha\Desktop\github\NHL-BOT\baseball\data\manifests\runs\run_20260516T192449Z.json
========================================================================
2026-05-16 15:24:49,059 INFO daily_refresh Startup refresh step started: game_weather_cache
2026-05-16 15:24:51,497 INFO daily_refresh Startup refresh step ok: game_weather_cache (2.4s)
2026-05-16 15:24:51,497 DEBUG daily_refresh Startup refresh output tail for game_weather_cache:
2026-05-16 15:24:51,481 INFO refresh_game_weather Weather cache refreshed: date=2026-05-16 provider=open-meteo games=15 provider_ok=15 output=C:\Users\micha\Desktop\github\NHL-BOT\baseball\cache\weather\game_weather_2026-05-16.json
{
  "coverage": {
    "fixed_roof_default": 1,
    "metadata_matched": 15,
    "missing_metadata": 0,
    "provider_disabled": 0,
    "provider_missing": 0,
    "provider_ok": 15,
    "retractable_roof_default": 2,
    "scheduled_games": 15
  },
  "date": "2026-05-16",
  "output_path": "C:\\Users\\micha\\Desktop\\github\\NHL-BOT\\baseball\\cache\\weather\\game_weather_2026-05-16.json",
  "warnings": []
}
2026-05-16 15:24:51,497 INFO daily_refresh Startup refresh step started: pitcher_cache
2026-05-16 15:24:51,782 INFO daily_refresh Startup refresh step ok: pitcher_cache (0.3s)
2026-05-16 15:24:51,782 DEBUG daily_refresh Startup refresh output tail for pitcher_cache:
2026-05-16 15:24:51,623 INFO Fetching pitching stats offset=0 limit=500 ...
2026-05-16 15:24:51,766 INFO Total pitcher splits fetched: 73
2026-05-16 15:24:51,767 INFO Pitchers in cache: 73  (skipped low_ip=0  no_era=0)
2026-05-16 15:24:51,768 INFO Computed avg ERA across 73 pitchers: 3.46 (MLB_AVG constant: 4.20)
2026-05-16 15:24:51,769 INFO Pitcher cache written to C:\Users\micha\Desktop\github\NHL-BOT\baseball\cache\pitcher_cache.json  (73 pitchers)
2026-05-16 15:24:51,782 INFO daily_refresh Startup refresh step started: team_game_log
2026-05-16 15:26:38,406 INFO daily_refresh Startup refresh step ok: team_game_log (106.6s)
2026-05-16 15:26:38,406 DEBUG daily_refresh Startup refresh output tail for team_game_log:
2026-05-16 15:24:51,831 INFO Scanning game feeds under C:\Users\micha\Desktop\github\NHL-BOT\baseball\data for seasons ['2021', '2022', '2023', '2024', '2025', '2026'] ...
2026-05-16 15:24:51,851 INFO   Year 2021: 2512 files
2026-05-16 15:25:12,074 INFO     -> 2511 valid final games
2026-05-16 15:25:12,095 INFO   Year 2022: 2479 files
2026-05-16 15:25:31,950 INFO     -> 2479 valid final games
2026-05-16 15:25:31,972 INFO   Year 2023: 2476 files
2026-05-16 15:25:52,291 INFO     -> 2476 valid final games
2026-05-16 15:25:52,311 INFO   Year 2024: 2469 files
2026-05-16 15:26:12,291 INFO     -> 2468 valid final games
2026-05-16 15:26:12,312 INFO   Year 2025: 2464 files
2026-05-16 15:26:33,095 INFO     -> 2464 valid final games
2026-05-16 15:26:33,110 INFO   Year 2026: 345 files
2026-05-16 15:26:38,343 INFO     -> 297 valid final games
2026-05-16 15:26:38,346 INFO Total: 12695 games loaded, 2 files skipped
2026-05-16 15:26:38,396 INFO Wrote 12695 games to C:\Users\micha\Desktop\github\NHL-BOT\baseball\cache\team_game_log.json (106.6s)  MLB avg RPG=4.444  avg total=8.888
2026-05-16 15:26:38,406 INFO daily_refresh Startup refresh step started: park_hr_factors
2026-05-16 15:28:18,830 INFO daily_refresh Startup refresh step ok: park_hr_factors (100.4s)
2026-05-16 15:28:18,830 DEBUG daily_refresh Startup refresh output tail for park_hr_factors:
2026-05-16 15:26:38,490 INFO build_park_hr_factors Year 2021: 2512 files
2026-05-16 15:26:58,631 INFO build_park_hr_factors Year 2022: 2479 files
2026-05-16 15:27:17,955 INFO build_park_hr_factors Year 2023: 2476 files
2026-05-16 15:27:37,303 INFO build_park_hr_factors Year 2024: 2469 files
2026-05-16 15:27:56,628 INFO build_park_hr_factors Year 2025: 2464 files
2026-05-16 15:28:16,293 INFO build_park_hr_factors Year 2026: 345 files
2026-05-16 15:28:18,819 INFO build_park_hr_factors Scanned 12745 files (12697 Final games used, 48 skipped).
2026-05-16 15:28:18,823 INFO build_park_hr_factors League HR/game by year: {'2021': 2.4347, '2022': 2.1444, '2023': 2.4148, '2024': 2.2414, '2025': 2.3312, '2026': 2.0269}
2026-05-16 15:28:18,823 INFO build_park_hr_factors Wrote 47 parks x up to 6 years -> C:\Users\micha\Desktop\github\NHL-BOT\baseball\cache\park_hr_factors.json
2026-05-16 15:28:18,823 INFO build_park_hr_factors Top 5 HR-friendly (2026, shrunk_factor):
2026-05-16 15:28:18,823 INFO build_park_hr_factors   Citizens Bank Park              1.114  (n=12 games)
2026-05-16 15:28:18,823 INFO build_park_hr_factors   Great American Ball Park        1.105  (n=11 games)
2026-05-16 15:28:18,823 INFO build_park_hr_factors   Sutter Health Park              1.104  (n=7 games)
2026-05-16 15:28:18,823 INFO build_park_hr_factors   Daikin Park                     1.097  (n=14 games)
2026-05-16 15:28:18,823 INFO build_park_hr_factors   Yankee Stadium                  1.075  (n=8 games)
2026-05-16 15:28:18,823 INFO build_park_hr_factors Bottom 5 HR-friendly (2026, shrunk_factor):
2026-05-16 15:28:18,823 INFO build_park_hr_factors   loanDepot park                  0.920  (n=16 games)
2026-05-16 15:28:18,823 INFO build_park_hr_factors   Comerica Park                   0.919  (n=8 games)
2026-05-16 15:28:18,823 INFO build_park_hr_factors   Tropicana Field                 0.917  (n=7 games)
2026-05-16 15:28:18,823 INFO build_park_hr_factors   Petco Park                      0.904  (n=13 games)
2026-05-16 15:28:18,823 INFO build_park_hr_factors   Busch Stadium                   0.902  (n=12 games)
2026-05-16 15:28:18,830 INFO daily_refresh Startup refresh step started: preflight_artifacts
2026-05-16 15:28:18,887 INFO daily_refresh Startup refresh step ok: preflight_artifacts (0.1s)
2026-05-16 15:28:18,887 DEBUG daily_refresh Startup refresh output tail for preflight_artifacts:
ok Stage-1 (mlb_ou_cache.json) loaded
ok Stage-1 production coverage: seasons 2021-2025, total_games=12148, history=2021-04-01->2025-09-28, duplicate_files_skipped=250
ok Stage-2 (mlb_stage2_run_env.json) loaded
ok Stage-3: team_game_log: 31 teams, 30 with 2026 games (avg 20/team)
ok Pitcher cache (73 entries)
ok Park HR factors: 47 parks, 30 with 2026 entries
2026-05-16 15:28:18,887 INFO daily_refresh Startup refresh step started: analysis_safe_trade_table
2026-05-16 15:28:19,274 INFO daily_refresh Startup refresh step ok: analysis_safe_trade_table (0.4s)
2026-05-16 15:28:19,274 DEBUG daily_refresh Startup refresh output tail for analysis_safe_trade_table:
analysis-safe trades: rows=107 filled=79 live_filled=75 paper_fallback_filled=4 excluded={'order_status_error': 62, 'ledger_only_bet_id': 3}
P&L: live=$-121.88 paper_fallback=$-20.44 all_filled=$-142.32
wrote C:\Users\micha\Desktop\github\NHL-BOT\baseball\data\analysis_output\analysis_safe_trades\analysis_safe_trades.jsonl
wrote C:\Users\micha\Desktop\github\NHL-BOT\baseball\data\analysis_output\analysis_safe_trades\analysis_safe_trades.csv
wrote C:\Users\micha\Desktop\github\NHL-BOT\baseball\data\analysis_output\analysis_safe_trades\analysis_safe_trades_summary.json
2026-05-16 15:28:19,274 INFO daily_refresh Startup refresh step started: candidate_universe_table
2026-05-16 15:29:03,541 INFO daily_refresh Startup refresh step ok: candidate_universe_table (44.3s)
2026-05-16 15:29:03,541 DEBUG daily_refresh Startup refresh output tail for candidate_universe_table:
2026-05-16 15:29:01,754 INFO     build_candidate_universe_table Wrote C:\Users\micha\Desktop\github\NHL-BOT\baseball\data\analysis_output\candidate_universe\candidates_master.jsonl
2026-05-16 15:29:01,754 INFO     build_candidate_universe_table Wrote C:\Users\micha\Desktop\github\NHL-BOT\baseball\data\analysis_output\candidate_universe\candidates_master.csv
2026-05-16 15:29:01,754 INFO     build_candidate_universe_table Wrote C:\Users\micha\Desktop\github\NHL-BOT\baseball\data\analysis_output\candidate_universe\build_manifest.json
2026-05-16 15:29:01,836 INFO     build_candidate_universe_table Rows: source=358921 output=358921 labels=0
2026-05-16 15:29:03,541 INFO daily_refresh Startup refresh step started: calibration_opportunity_training
2026-05-16 15:29:04,495 INFO daily_refresh Startup refresh step ok: calibration_opportunity_training (1.0s)
2026-05-16 15:29:04,496 DEBUG daily_refresh Startup refresh output tail for calibration_opportunity_training:
2026-05-16 15:29:04,457 INFO     build_calibration_opportunity_training_table Wrote C:\Users\micha\Desktop\github\NHL-BOT\baseball\data\analysis_output\calibration_opportunity_training\calibration_opportunity_training_table.jsonl
2026-05-16 15:29:04,457 INFO     build_calibration_opportunity_training_table Wrote C:\Users\micha\Desktop\github\NHL-BOT\baseball\data\analysis_output\calibration_opportunity_training\calibration_opportunity_training_table.csv
2026-05-16 15:29:04,457 INFO     build_calibration_opportunity_training_table Wrote C:\Users\micha\Desktop\github\NHL-BOT\baseball\data\analysis_output\calibration_opportunity_training\calibration_opportunity_training_table_manifest.json
2026-05-16 15:29:04,457 INFO     build_calibration_opportunity_training_table Rows: source=3703 output=1042 final_labels=1041 score_confirmations=546 selected_inferred_rows=1561 current_support_backfill_rows=2059 score_event_repeat_policy=dedupe collapsed=2661
2026-05-16 15:29:04,496 INFO daily_refresh Startup refresh step started: calibrate_signal_probabilities
2026-05-16 15:29:06,785 INFO daily_refresh Startup refresh step ok: calibrate_signal_probabilities (2.3s)
2026-05-16 15:29:06,785 DEBUG daily_refresh Startup refresh output tail for calibrate_signal_probabilities:
2026-05-16 15:29:05,652 WARNING  calibrate_signal_probabilities Calibration stability gate fired for no_score_drift: today's pick was 'platt' but trailing 7-day modal is 'isotonic' (history=['isotonic', 'isotonic', 'isotonic', 'isotonic', 'platt', 'isotonic', 'platt']). Overriding to 'isotonic' to avoid daily flip-flop on small validation samples.
2026-05-16 15:29:05,652 WARNING  calibrate_signal_probabilities Input-drift flag set for no_score_drift: 3 continuous features at PSI >= 0.25 (threshold trigger 2). Top: stage2_run_env_delta PSI 2.53, team_offense_delta PSI 2.52, base_fair_value PSI 1.83. Today's calibration method (isotonic) was selected on materially-shifted inputs.
2026-05-16 15:29:06,749 WARNING  calibrate_signal_probabilities Input-drift flag set for score_event_transition: 3 continuous features at PSI >= 0.25 (threshold trigger 2). Top: stage2_run_env_delta PSI 2.53, team_offense_delta PSI 2.52, base_fair_value PSI 1.83. Today's calibration method (platt) was selected on materially-shifted inputs.
2026-05-16 15:29:06,768 INFO     calibrate_signal_probabilities Wrote C:\Users\micha\Desktop\github\NHL-BOT\baseball\data\analysis_output\calibration\signal_win_calibration.json
2026-05-16 15:29:06,768 INFO     calibrate_signal_probabilities Wrote C:\Users\micha\Desktop\github\NHL-BOT\baseball\data\analysis_output\calibration\signal_win_calibration_report.json
2026-05-16 15:29:06,768 INFO     calibrate_signal_probabilities Wrote C:\Users\micha\Desktop\github\NHL-BOT\baseball\data\analysis_output\calibration\signal_win_calibration_predictions.jsonl
2026-05-16 15:29:06,768 INFO     calibrate_signal_probabilities Calibration rows: total=1041 family_mode=separate families={'no_score_drift': 495, 'score_event_transition': 546} selected=platt
2026-05-16 15:29:06,785 INFO daily_refresh Startup refresh step started: model_maturity_report
2026-05-16 15:29:06,970 INFO daily_refresh Startup refresh step ok: model_maturity_report (0.2s)
2026-05-16 15:29:06,970 DEBUG daily_refresh Startup refresh output tail for model_maturity_report:
Wrote C:\Users\micha\Desktop\github\NHL-BOT\baseball\data\analysis_output\model_maturity\model_maturity_report.json
Wrote C:\Users\micha\Desktop\github\NHL-BOT\baseball\data\analysis_output\model_maturity\model_maturity_report.md
2026-05-16 15:29:06,970 INFO daily_refresh Startup refresh step started: fair_value_stage_ablation
2026-05-16 15:29:07,423 INFO daily_refresh Startup refresh step ok: fair_value_stage_ablation (0.5s)
2026-05-16 15:29:07,423 DEBUG daily_refresh Startup refresh output tail for fair_value_stage_ablation:
{
  "paths": {
    "dated_json": "C:\\Users\\micha\\Desktop\\github\\NHL-BOT\\baseball\\data\\analysis_output\\fair_value_stage_ablation\\2026-05-15_fair_value_stage_ablation_report.json",
    "dated_markdown": "C:\\Users\\micha\\Desktop\\github\\NHL-BOT\\baseball\\data\\analysis_output\\fair_value_stage_ablation\\2026-05-15_fair_value_stage_ablation_report.md",
    "json": "C:\\Users\\micha\\Desktop\\github\\NHL-BOT\\baseball\\data\\analysis_output\\fair_value_stage_ablation\\fair_value_stage_ablation_report.json",
    "markdown": "C:\\Users\\micha\\Desktop\\github\\NHL-BOT\\baseball\\data\\analysis_output\\fair_value_stage_ablation\\fair_value_stage_ablation_report.md"
  },
  "row_counts": {
    "families": {
      "__all__": 1041,
      "no_score_drift": 495,
      "score_event_transition": 546
    },
    "filtered_rows": 1042,
    "input_rows": 1042,
    "labeled_rows": 1041
  }
}
2026-05-16 15:29:07,423 INFO daily_refresh Startup refresh step started: fv_gap_decomposition
2026-05-16 15:29:07,723 INFO daily_refresh Startup refresh step ok: fv_gap_decomposition (0.3s)
2026-05-16 15:29:07,723 DEBUG daily_refresh Startup refresh output tail for fv_gap_decomposition:
Wrote C:\Users\micha\Desktop\github\NHL-BOT\baseball\data\analysis_output\fv_gap_decomposition\fv_gap_decomposition_report.json
Wrote C:\Users\micha\Desktop\github\NHL-BOT\baseball\data\analysis_output\fv_gap_decomposition\fv_gap_decomposition_report.md
2026-05-16 15:29:07,723 INFO daily_refresh Startup refresh step started: fv_trust_shrinkage
2026-05-16 15:29:08,675 INFO daily_refresh Startup refresh step ok: fv_trust_shrinkage (1.0s)
2026-05-16 15:29:08,675 DEBUG daily_refresh Startup refresh output tail for fv_trust_shrinkage:
Wrote C:\Users\micha\Desktop\github\NHL-BOT\baseball\data\analysis_output\fv_trust_shrinkage\fv_trust_shrinkage_report.json
Wrote C:\Users\micha\Desktop\github\NHL-BOT\baseball\data\analysis_output\fv_trust_shrinkage\fv_trust_shrinkage_report.md
Wrote C:\Users\micha\Desktop\github\NHL-BOT\baseball\data\analysis_output\fv_trust_shrinkage\fv_trust_shrinkage_predictions.jsonl
2026-05-16 15:29:08,675 INFO daily_refresh Startup refresh step started: calibration_market_anchored_alpha
2026-05-16 15:29:10,952 INFO daily_refresh Startup refresh step ok: calibration_market_anchored_alpha (2.3s)
2026-05-16 15:29:10,952 DEBUG daily_refresh Startup refresh output tail for calibration_market_anchored_alpha:
2026-05-16 15:29:10,936 INFO     train_calibration_market_anchored_alpha Wrote C:\Users\micha\Desktop\github\NHL-BOT\baseball\data\analysis_output\calibration_market_anchored_alpha\calibration_market_anchored_alpha_report.json
2026-05-16 15:29:10,936 INFO     train_calibration_market_anchored_alpha Wrote C:\Users\micha\Desktop\github\NHL-BOT\baseball\data\analysis_output\calibration_market_anchored_alpha\calibration_market_anchored_alpha_report.md
2026-05-16 15:29:10,936 INFO     train_calibration_market_anchored_alpha Wrote C:\Users\micha\Desktop\github\NHL-BOT\baseball\data\analysis_output\calibration_market_anchored_alpha\calibration_market_anchored_alpha_predictions.jsonl
2026-05-16 15:29:10,952 INFO daily_refresh Startup refresh step started: stage1_inferred_empirical_audit
2026-05-16 15:29:14,640 INFO daily_refresh Startup refresh step ok: stage1_inferred_empirical_audit (3.7s)
2026-05-16 15:29:14,640 DEBUG daily_refresh Startup refresh output tail for stage1_inferred_empirical_audit:
Wrote C:\Users\micha\Desktop\github\NHL-BOT\baseball\data\analysis_output\stage1_inferred_empirical_audit\stage1_inferred_empirical_audit.json
Wrote C:\Users\micha\Desktop\github\NHL-BOT\baseball\data\analysis_output\stage1_inferred_empirical_audit\stage1_inferred_empirical_audit.md
Wrote C:\Users\micha\Desktop\github\NHL-BOT\baseball\data\analysis_output\stage1_inferred_empirical_audit\stage1_inferred_empirical_audit_rows.jsonl
2026-05-16 15:29:14,640 INFO daily_refresh Startup refresh step started: unified_signals
2026-05-16 15:29:18,700 INFO daily_refresh Startup refresh step ok: unified_signals (4.1s)
2026-05-16 15:29:18,700 DEBUG daily_refresh Startup refresh output tail for unified_signals:
2026-05-16 15:29:14,784 INFO     build_unified_signal_table Building mode=live
2026-05-16 15:29:18,593 INFO     build_unified_signal_table mode=live rows: master=172 events=450 snapshots=10444
2026-05-16 15:29:18,680 INFO     build_unified_signal_table Wrote C:\Users\micha\Desktop\github\NHL-BOT\baseball\data\analysis_output\unified_signals\signals_master.jsonl
2026-05-16 15:29:18,680 INFO     build_unified_signal_table Wrote C:\Users\micha\Desktop\github\NHL-BOT\baseball\data\analysis_output\unified_signals\signals_master.csv
2026-05-16 15:29:18,680 INFO     build_unified_signal_table Wrote C:\Users\micha\Desktop\github\NHL-BOT\baseball\data\analysis_output\unified_signals\signal_order_events.jsonl
2026-05-16 15:29:18,680 INFO     build_unified_signal_table Wrote C:\Users\micha\Desktop\github\NHL-BOT\baseball\data\analysis_output\unified_signals\signal_book_snapshots.jsonl
2026-05-16 15:29:18,680 INFO     build_unified_signal_table Wrote C:\Users\micha\Desktop\github\NHL-BOT\baseball\data\analysis_output\unified_signals\build_manifest.json
2026-05-16 15:29:18,680 INFO     build_unified_signal_table Warnings: 0  Hard errors: 0
2026-05-16 15:29:18,701 INFO daily_refresh Startup refresh step started: concept_drift_report
2026-05-16 15:29:18,785 INFO daily_refresh Startup refresh step ok: concept_drift_report (0.1s)
2026-05-16 15:29:18,785 DEBUG daily_refresh Startup refresh output tail for concept_drift_report:
Wrote C:\Users\micha\Desktop\github\NHL-BOT\baseball\data\analysis_output\concept_drift\concept_drift_report.json
Wrote C:\Users\micha\Desktop\github\NHL-BOT\baseball\data\analysis_output\concept_drift\concept_drift_report.md
Alerts: 3
2026-05-16 15:29:18,785 INFO daily_refresh Startup refresh step started: drift_in_drift_report
2026-05-16 15:29:18,843 INFO daily_refresh Startup refresh step ok: drift_in_drift_report (0.0s)
2026-05-16 15:29:18,843 DEBUG daily_refresh Startup refresh output tail for drift_in_drift_report:
Wrote C:\Users\micha\Desktop\github\NHL-BOT\baseball\data\analysis_output\concept_drift\drift_in_drift_report.json
Wrote C:\Users\micha\Desktop\github\NHL-BOT\baseball\data\analysis_output\concept_drift\drift_in_drift_report.md
Alerts: 0, features evaluated: 3
2026-05-16 15:29:18,844 INFO daily_refresh Startup refresh step started: signal_training_table
2026-05-16 15:29:19,053 INFO daily_refresh Startup refresh step ok: signal_training_table (0.2s)
2026-05-16 15:29:19,053 DEBUG daily_refresh Startup refresh output tail for signal_training_table:
2026-05-16 15:29:19,037 INFO     build_signal_training_table Wrote C:\Users\micha\Desktop\github\NHL-BOT\baseball\data\analysis_output\training_tables\signal_training_table.jsonl
2026-05-16 15:29:19,037 INFO     build_signal_training_table Wrote C:\Users\micha\Desktop\github\NHL-BOT\baseball\data\analysis_output\training_tables\signal_training_table.csv
2026-05-16 15:29:19,037 INFO     build_signal_training_table Wrote C:\Users\micha\Desktop\github\NHL-BOT\baseball\data\analysis_output\training_tables\signal_training_table_manifest.json
2026-05-16 15:29:19,037 INFO     build_signal_training_table Rows: source=172 filtered=172 training=172
2026-05-16 15:29:19,054 INFO daily_refresh Startup refresh step started: clv_report
2026-05-16 15:29:19,339 INFO daily_refresh Startup refresh step ok: clv_report (0.3s)
2026-05-16 15:29:19,339 DEBUG daily_refresh Startup refresh output tail for clv_report:
Wrote C:\Users\micha\Desktop\github\NHL-BOT\baseball\data\analysis_output\clv\clv_summary.json
Wrote C:\Users\micha\Desktop\github\NHL-BOT\baseball\data\analysis_output\clv\clv_rows.jsonl
2026-05-16 15:29:19,339 INFO daily_refresh Startup refresh step started: fv_disagreement_quality
2026-05-16 15:29:19,708 INFO daily_refresh Startup refresh step ok: fv_disagreement_quality (0.4s)
2026-05-16 15:29:19,708 DEBUG daily_refresh Startup refresh output tail for fv_disagreement_quality:
Wrote C:\Users\micha\Desktop\github\NHL-BOT\baseball\data\analysis_output\fv_disagreement_quality\fv_disagreement_quality_summary.json
Wrote C:\Users\micha\Desktop\github\NHL-BOT\baseball\data\analysis_output\fv_disagreement_quality\fv_disagreement_quality_rows.jsonl
2026-05-16 15:29:19,708 INFO daily_refresh Startup refresh step started: train_baseline_models
2026-05-16 15:29:50,065 INFO daily_refresh Startup refresh step ok: train_baseline_models (30.3s)
2026-05-16 15:29:50,065 DEBUG daily_refresh Startup refresh output tail for train_baseline_models:
2026-05-16 15:29:34,144 INFO     train_baseline_models Wrote C:\Users\micha\Desktop\github\NHL-BOT\baseball\data\analysis_output\model_baselines\signal_win_model.json
2026-05-16 15:29:34,144 INFO     train_baseline_models Wrote C:\Users\micha\Desktop\github\NHL-BOT\baseball\data\analysis_output\model_baselines\signal_win_predictions.jsonl
2026-05-16 15:29:50,056 INFO     train_baseline_models Wrote C:\Users\micha\Desktop\github\NHL-BOT\baseball\data\analysis_output\model_baselines\execution_fill_model.json
2026-05-16 15:29:50,056 INFO     train_baseline_models Wrote C:\Users\micha\Desktop\github\NHL-BOT\baseball\data\analysis_output\model_baselines\execution_fill_predictions.jsonl
2026-05-16 15:29:50,057 INFO     train_baseline_models Wrote C:\Users\micha\Desktop\github\NHL-BOT\baseball\data\analysis_output\model_baselines\baseline_model_report.json
2026-05-16 15:29:50,065 INFO daily_refresh Startup refresh step started: ev_policy_backtest
2026-05-16 15:30:38,906 INFO daily_refresh Startup refresh step ok: ev_policy_backtest (48.8s)
2026-05-16 15:30:38,906 DEBUG daily_refresh Startup refresh output tail for ev_policy_backtest:
2026-05-16 15:30:38,897 INFO     backtest_ev_policy Wrote C:\Users\micha\Desktop\github\NHL-BOT\baseball\data\analysis_output\ev_policy\ev_policy_report.json
2026-05-16 15:30:38,897 INFO     backtest_ev_policy Wrote C:\Users\micha\Desktop\github\NHL-BOT\baseball\data\analysis_output\ev_policy\ev_scored_rows.jsonl
2026-05-16 15:30:38,897 INFO     backtest_ev_policy Wrote C:\Users\micha\Desktop\github\NHL-BOT\baseball\data\analysis_output\ev_policy\ev_policy_validation_trades.jsonl
2026-05-16 15:30:38,897 INFO     backtest_ev_policy Wrote C:\Users\micha\Desktop\github\NHL-BOT\baseball\data\analysis_output\ev_policy\ev_policy_test_trades.jsonl
2026-05-16 15:30:38,897 INFO     backtest_ev_policy Wrote C:\Users\micha\Desktop\github\NHL-BOT\baseball\data\analysis_output\ev_policy\ev_signal_win_if_filled_model.json
2026-05-16 15:30:38,897 INFO     backtest_ev_policy Wrote C:\Users\micha\Desktop\github\NHL-BOT\baseball\data\analysis_output\ev_policy\ev_execution_fill_runtime_model.json
2026-05-16 15:30:38,897 INFO     backtest_ev_policy Wrote C:\Users\micha\Desktop\github\NHL-BOT\baseball\data\analysis_output\ev_policy\ev_execution_fill_strict_model.json
2026-05-16 15:30:38,906 INFO daily_refresh Startup refresh step started: stage2_run_env_retrain_staging
2026-05-16 15:44:41,919 INFO daily_refresh Startup refresh step ok: stage2_run_env_retrain_staging (841.4s)
2026-05-16 15:44:41,919 DEBUG daily_refresh Startup refresh output tail for stage2_run_env_retrain_staging:
Lines: 6.5, 7.5, 8.5, 9.5, 10.5, 11.5
Train <= 2024, validation >= 2025
  parsing 0/23602 files ...
  parsing 1000/23602 files ...
  parsing 2000/23602 files ...
  parsing 3000/23602 files ...
  parsing 4000/23602 files ...
  parsing 5000/23602 files ...
  parsing 6000/23602 files ...
  parsing 7000/23602 files ...
  parsing 8000/23602 files ...
  parsing 9000/23602 files ...
  parsing 10000/23602 files ...
  parsing 11000/23602 files ...
  parsing 12000/23602 files ...
  parsing 13000/23602 files ...
  parsing 14000/23602 files ...
  parsing 15000/23602 files ...
  parsing 16000/23602 files ...
  parsing 17000/23602 files ...
  parsing 18000/23602 files ...
  parsing 19000/23602 files ...
  parsing 20000/23602 files ...
  parsing 21000/23602 files ...
  parsing 22000/23602 files ...
  parsing 23000/23602 files ...
Loaded games=23542, samples=1782371, with_stage1=1287289, val_rows=152611

Validation summary:
  O6.5: brier 0.169572 -> 0.169105 (gain=0.000468, 0.2758%) weights={'park': 0.5, 'temp': 0.0, 'wind': 0.0, 'park_wind': 0.0, 'density_alt': 0.5, 'hr_factor': 0.5}
  O7.5: brier 0.181579 -> 0.181026 (gain=0.000553, 0.3044%) weights={'park': 0.5, 'temp': 0.0, 'wind': 0.0, 'park_wind': 0.2, 'density_alt': 0.5, 'hr_factor': 0.25}
  O8.5: brier 0.179128 -> 0.178524 (gain=0.000604, 0.3374%) weights={'park': 0.5, 'temp': 0.0, 'wind': 0.0, 'park_wind': 0.2, 'density_alt': 0.5, 'hr_factor': 0.0}
  O9.5: brier 0.167492 -> 0.166657 (gain=0.000835, 0.4985%) weights={'park': 0.5, 'temp': 0.25, 'wind': 0.0, 'park_wind': 0.2, 'density_alt': 0.5, 'hr_factor': 0.0}
  O10.5: brier 0.154586 -> 0.15402 (gain=0.000565, 0.3657%) weights={'park': 0.5, 'temp': 0.25, 'wind': 0.25, 'park_wind': 0.2, 'density_alt': 0.5, 'hr_factor': 0.0}
  O11.5: brier 0.128434 -> 0.128115 (gain=0.00032, 0.249%) weights={'park': 0.5, 'temp': 0.25, 'wind': 0.0, 'park_wind': 0.0, 'density_alt': 0.25, 'hr_factor': 0.0}

Saved Stage-2 model -> C:\Users\micha\Desktop\github\NHL-BOT\baseball\cache\mlb_stage2_run_env.staging.json
2026-05-16 15:44:41,919 INFO daily_refresh Startup refresh step started: stage3_team_offense_features
2026-05-16 15:44:44,291 INFO daily_refresh Startup refresh step ok: stage3_team_offense_features (2.4s)
2026-05-16 15:44:44,292 DEBUG daily_refresh Startup refresh output tail for stage3_team_offense_features:
2026-05-16 15:44:41,995 INFO build_team_offense_features Loading history from C:\Users\micha\Desktop\github\NHL-BOT\baseball\cache\team_game_log.json
2026-05-16 15:44:42,007 INFO build_team_offense_features   31 teams, mlb_avg_rpg=4.444
2026-05-16 15:44:44,284 INFO build_team_offense_features Wrote 24446 rows in 2.3s
2026-05-16 15:44:44,284 INFO build_team_offense_features Feature coverage:
2026-05-16 15:44:44,284 INFO build_team_offense_features   n_games_in_season      100.00%
2026-05-16 15:44:44,284 INFO build_team_offense_features   season_rpg_to_date     96.37%
2026-05-16 15:44:44,284 INFO build_team_offense_features   prior_season_rpg       79.95%
2026-05-16 15:44:44,284 INFO build_team_offense_features   momentum_rpg_5         99.63%
2026-05-16 15:44:44,284 INFO build_team_offense_features   momentum_rpg_10        99.38%
2026-05-16 15:44:44,284 INFO build_team_offense_features   momentum_rpg_20        98.77%
2026-05-16 15:44:44,284 INFO build_team_offense_features   rolling_rpg_50         98.77%
2026-05-16 15:44:44,284 INFO build_team_offense_features   decay_weighted_rpg     98.77%
2026-05-16 15:44:44,284 INFO build_team_offense_features   home_rpg_30            98.00%
2026-05-16 15:44:44,284 INFO build_team_offense_features   road_rpg_30            98.00%
2026-05-16 15:44:44,284 INFO build_team_offense_features   momentum_minus_season  96.37%
2026-05-16 15:44:44,284 INFO build_team_offense_features   season_minus_prior     76.93%
2026-05-16 15:44:44,284 INFO build_team_offense_features Manifest: C:\Users\micha\Desktop\github\NHL-BOT\baseball\data\analysis_output\team_offense_calibration\team_features_manifest.json
2026-05-16 15:44:44,292 INFO daily_refresh Startup refresh step started: stage3_team_offense_calibration_table
2026-05-16 15:46:38,678 INFO daily_refresh Startup refresh step ok: stage3_team_offense_calibration_table (114.4s)
2026-05-16 15:46:38,678 DEBUG daily_refresh Startup refresh output tail for stage3_team_offense_calibration_table:
2026-05-16 15:44:44,359 INFO build_team_offense_calibration_table Loading Stage-1 cache from C:\Users\micha\Desktop\github\NHL-BOT\baseball\cache\mlb_ou_cache.json
2026-05-16 15:44:44,375 INFO build_team_offense_calibration_table   4298 cells, extras_bucket=10
2026-05-16 15:44:44,375 INFO build_team_offense_calibration_table Loading Stage-2 model from C:\Users\micha\Desktop\github\NHL-BOT\baseball\cache\mlb_stage2_run_env.json
2026-05-16 15:44:44,378 INFO build_team_offense_calibration_table Writing rows to C:\Users\micha\Desktop\github\NHL-BOT\baseball\data\analysis_output\team_offense_calibration\training_table.jsonl
2026-05-16 15:44:53,253 INFO build_team_offense_calibration_table   progress: 1000 games seen, 1000 used, 89694 rows, 9s
2026-05-16 15:45:02,066 INFO build_team_offense_calibration_table   progress: 2000 games seen, 2000 used, 178493 rows, 18s
2026-05-16 15:45:11,147 INFO build_team_offense_calibration_table   progress: 3000 games seen, 2999 used, 269392 rows, 27s
2026-05-16 15:45:20,035 INFO build_team_offense_calibration_table   progress: 4000 games seen, 3999 used, 360375 rows, 36s
2026-05-16 15:45:29,065 INFO build_team_offense_calibration_table   progress: 5000 games seen, 4999 used, 453616 rows, 45s
2026-05-16 15:45:38,019 INFO build_team_offense_calibration_table   progress: 6000 games seen, 5999 used, 542966 rows, 54s
2026-05-16 15:45:46,976 INFO build_team_offense_calibration_table   progress: 7000 games seen, 6999 used, 631923 rows, 63s
2026-05-16 15:45:56,031 INFO build_team_offense_calibration_table   progress: 8000 games seen, 7999 used, 722715 rows, 72s
2026-05-16 15:46:04,878 INFO build_team_offense_calibration_table   progress: 9000 games seen, 8999 used, 814440 rows, 81s
2026-05-16 15:46:13,862 INFO build_team_offense_calibration_table   progress: 10000 games seen, 9998 used, 905343 rows, 89s
2026-05-16 15:46:22,979 INFO build_team_offense_calibration_table   progress: 11000 games seen, 10998 used, 997058 rows, 99s
2026-05-16 15:46:32,080 INFO build_team_offense_calibration_table   progress: 12000 games seen, 11998 used, 1086457 rows, 108s
2026-05-16 15:46:38,669 INFO build_team_offense_calibration_table Done: 1150605 rows written in 114.3s (10067 rows/s)
2026-05-16 15:46:38,669 INFO build_team_offense_calibration_table Manifest: C:\Users\micha\Desktop\github\NHL-BOT\baseball\data\analysis_output\team_offense_calibration\manifest.json
2026-05-16 15:46:38,678 INFO daily_refresh Startup refresh step started: stage3_team_offense_v2_fit
2026-05-16 15:47:24,898 INFO daily_refresh Startup refresh step ok: stage3_team_offense_v2_fit (46.2s)
2026-05-16 15:47:24,898 DEBUG daily_refresh Startup refresh output tail for stage3_team_offense_v2_fit:
O calibrate_team_offense_v2   scan: 400000 rows seen, 168751 kept
2026-05-16 15:46:43,196 INFO calibrate_team_offense_v2   scan: 600000 rows seen, 362106 kept
2026-05-16 15:46:44,639 INFO calibrate_team_offense_v2   scan: 800000 rows seen, 554572 kept
2026-05-16 15:46:47,096 INFO calibrate_team_offense_v2 Joined: 877070 kept of 1150605 total (76.2%)
2026-05-16 15:46:47,448 INFO calibrate_team_offense_v2   joined rows: 877070
2026-05-16 15:46:47,448 INFO calibrate_team_offense_v2 Estimating sigma_within^2 (single-game variance) on training years
2026-05-16 15:46:47,470 INFO calibrate_team_offense_v2   sigma_within^2 = 10.000 (sigma = 3.162)
2026-05-16 15:46:47,470 INFO calibrate_team_offense_v2 Estimating tau^2 per window on training years
2026-05-16 15:46:47,475 INFO calibrate_team_offense_v2   rolling_rpg_50         tau^2=0.176  shrinkage_k(equivalent prior games)=56.7
2026-05-16 15:46:47,479 INFO calibrate_team_offense_v2   season_rpg_to_date     tau^2=0.238  shrinkage_k(equivalent prior games)=41.9
2026-05-16 15:46:47,483 INFO calibrate_team_offense_v2   prior_season_rpg       tau^2=0.169  shrinkage_k(equivalent prior games)=59.2
2026-05-16 15:46:47,488 INFO calibrate_team_offense_v2   momentum_rpg_10        tau^2=0.202  shrinkage_k(equivalent prior games)=49.4
2026-05-16 15:46:47,615 INFO calibrate_team_offense_v2 Splits: train=653987 val=202646 test=20437
2026-05-16 15:46:47,615 INFO calibrate_team_offense_v2 Fitting Model 1 (refit constant on v1 shape)
2026-05-16 15:46:47,964 INFO calibrate_team_offense_v2   beta_diff = 0.1127 (vs v1 = 0.2000)
2026-05-16 15:46:47,964 INFO calibrate_team_offense_v2 Fitting Model 2 (EB-shrunk rolling_50, no clamp)
2026-05-16 15:46:48,300 INFO calibrate_team_offense_v2   beta_diff = 0.2404
2026-05-16 15:46:48,300 INFO calibrate_team_offense_v2 Fitting Model 3 (blend prior/season/momentum, EB-shrunk)
2026-05-16 15:46:48,894 INFO calibrate_team_offense_v2   beta_prior=-0.1579 beta_season=0.1409 beta_momentum=0.1544
2026-05-16 15:46:48,895 INFO calibrate_team_offense_v2 Fitting Model 4 (Model 3 + per-inning weights)
2026-05-16 15:47:24,757 INFO calibrate_team_offense_v2   betas: prior=-0.1524 season=0.1300 momentum=0.1389
2026-05-16 15:47:24,757 INFO calibrate_team_offense_v2   inning weights: [1.0, 0.903, 0.781, 0.799, 0.593, 0.509, 0.334, 0.133, 0.25, 0.671]
2026-05-16 15:47:24,820 INFO calibrate_team_offense_v2 Brier on VAL  (baseline_A=0.171487, baseline_B=0.171546)
2026-05-16 15:47:24,820 INFO calibrate_team_offense_v2 Brier on TEST (baseline_A=0.163094, baseline_B=0.163758)
2026-05-16 15:47:24,831 INFO calibrate_team_offense_v2 Wrote C:\Users\micha\Desktop\github\NHL-BOT\baseball\data\analysis_output\team_offense_calibration\phase4_models.json

=== MODEL FITS (training years 2021-2024) ===
  baseline B (v1):                 logit_delta_per_run = 0.2000
  model 1 (refit constant):        beta_diff = +0.1127  (ratio to v1: 0.56x)
  model 2 (EB-shrunk rolling_50):  beta_diff = +0.2404
  model 3 (blend):                 b_prior=-0.1579  b_season=+0.1409  b_momentum=+0.1544
  model 4 (blend + per-inn):       b_prior=-0.1524  b_season=+0.1300  b_momentum=+0.1389
      inning weights: [1.0, 0.903, 0.781, 0.799, 0.593, 0.509, 0.334, 0.133, 0.25, 0.671]

=== SCORES (Brier  /  log-loss) ===
  model                       VAL_brier VAL_logloss    TEST_brier TEST_logloss    TEST vs A  TEST vs B
  baseline_A_no_stage3         0.171487    0.510732      0.163094     0.488470      +0.000%    +0.405%
  baseline_B_v1                0.171546    0.510801      0.163758     0.489972      -0.407%    +0.000%
  model_1_refit_const          0.171381    0.510448      0.163405     0.489175      -0.191%    +0.216%
  model_2_eb_shrunk            0.171381    0.510448      0.163405     0.489174      -0.191%    +0.216%
  model_3_blend                0.171350    0.510348      0.163027     0.488459      +0.041%    +0.446%
  model_4_blend_per_inn        0.171344    0.510321      0.162995     0.488394      +0.061%    +0.466%
2026-05-16 15:47:24,898 INFO daily_refresh Startup refresh step started: model_freshness_health
2026-05-16 15:47:24,918 INFO daily_refresh Startup refresh step ok: model_freshness_health (0.0s)
2026-05-16 15:47:24,918 DEBUG daily_refresh Startup refresh output tail for model_freshness_health:
ok Stage-2 staging matches production within tolerance (staging Brier 0.1629 vs prod 0.1625).
ok Stage-2 promotion stability gate: building history (0/5 distinct prior dates).
ok Stage-2 production cache: 7.8d old
ok Stage-1 OU cache: 0.0d old
ok EV-policy report: 0.0d old
ok EV-policy win model: 0.0d old
ok EV-policy fill model: 0.0d old
ok Calibration artifact: 0.0d old
ok Learned execution policy report: 0.2d old
ok Stage-3 v2 fit (phase4_models.json): 0.0d old
2026-05-16 15:47:24,918 INFO daily_refresh Startup refresh step started: stage3_v2_promotion_check
2026-05-16 15:47:24,928 INFO daily_refresh Startup refresh step ok: stage3_v2_promotion_check (0.0s)
2026-05-16 15:47:24,929 DEBUG daily_refresh Startup refresh output tail for stage3_v2_promotion_check:
Stage-3 v2: research vs compiled_defaults max|delta|=0.0065 (prior -0.1579 vs -0.1514, season +0.1409 vs +0.1407, momentum +0.1544 vs +0.1503).
ok Stage-3 v2 promotion stability gate: building history (0/5 distinct prior dates).
note Stage-3 v2 production weights file missing -- runtime is using compiled-in defaults. Drift is measured against those defaults until promote_team_offense_v2.py runs at least once.
2026-05-16 15:47:24,929 INFO daily_refresh Startup refresh step started: execution_diagnostics
2026-05-16 15:47:25,097 INFO daily_refresh Startup refresh step ok: execution_diagnostics (0.2s)
2026-05-16 15:47:25,097 DEBUG daily_refresh Startup refresh output tail for execution_diagnostics:
2026-05-16 15:47:25,085 INFO     build_execution_diagnostics_report Wrote C:\Users\micha\Desktop\github\NHL-BOT\baseball\data\analysis_output\execution_diagnostics\execution_diagnostics_master.jsonl
2026-05-16 15:47:25,086 INFO     build_execution_diagnostics_report Wrote C:\Users\micha\Desktop\github\NHL-BOT\baseball\data\analysis_output\execution_diagnostics\execution_diagnostics_master.csv
2026-05-16 15:47:25,086 INFO     build_execution_diagnostics_report Wrote C:\Users\micha\Desktop\github\NHL-BOT\baseball\data\analysis_output\execution_diagnostics\execution_diagnostics_summary.json
2026-05-16 15:47:25,086 INFO     build_execution_diagnostics_report rows=172  warnings=0  hard_errors=0
2026-05-16 15:47:25,097 INFO daily_refresh Startup refresh step started: queue_aware_execution_replay
2026-05-16 15:47:25,283 INFO daily_refresh Startup refresh step ok: queue_aware_execution_replay (0.2s)
2026-05-16 15:47:25,283 DEBUG daily_refresh Startup refresh output tail for queue_aware_execution_replay:
Wrote C:\Users\micha\Desktop\github\NHL-BOT\baseball\data\analysis_output\execution_replay\queue_aware_execution_replay_summary.json
Wrote C:\Users\micha\Desktop\github\NHL-BOT\baseball\data\analysis_output\execution_replay\queue_aware_execution_replay_rows.jsonl
Wrote C:\Users\micha\Desktop\github\NHL-BOT\baseball\data\analysis_output\execution_replay\queue_aware_execution_replay_rows.csv

Queue-aware execution replay
Policy                Fill model       Filled  Fill%    Profit     ROI    dProfit
current_limit         touch               68  40.5%    +10.12    1.1%     +0.00
current_limit         queue_adjusted      62  36.9%    -28.71   -3.3%     +0.00
limit_p1c             touch              108  64.3%    -40.59   -2.8%    -50.71
limit_p1c             queue_adjusted     102  60.7%    -73.67   -5.5%    -44.97
limit_p2c             touch              137  81.5%    +24.58    1.4%    +14.45
limit_p2c             queue_adjusted     133  79.2%     -3.47   -0.2%    +25.24
taker_like            touch              168 100.0%     +8.67    0.4%     -1.45
taker_like            queue_adjusted     168 100.0%     +8.67    0.4%    +37.38
2026-05-16 15:47:25,283 INFO daily_refresh Startup refresh step started: learn_execution_policy
2026-05-16 15:47:25,432 INFO daily_refresh Startup refresh step ok: learn_execution_policy (0.2s)
2026-05-16 15:47:25,432 DEBUG daily_refresh Startup refresh output tail for learn_execution_policy:
Wrote C:\Users\micha\Desktop\github\NHL-BOT\baseball\data\analysis_output\execution_policy_prototype\learned_execution_policy_report.json
Wrote C:\Users\micha\Desktop\github\NHL-BOT\baseball\data\analysis_output\execution_policy_prototype\learned_execution_policy_report.md
2026-05-16 15:47:25,432 INFO daily_refresh Startup refresh step started: state_value_transition_report
2026-05-16 15:47:30,384 INFO daily_refresh Startup refresh step ok: state_value_transition_report (5.0s)
2026-05-16 15:47:30,384 DEBUG daily_refresh Startup refresh output tail for state_value_transition_report:
Wrote C:\Users\micha\Desktop\github\NHL-BOT\baseball\data\analysis_output\state_value_transition\state_value_transition_report.json
2026-05-16 15:47:30,384 INFO daily_refresh Startup refresh step started: no_score_drift_policy
2026-05-16 15:47:34,858 INFO daily_refresh Startup refresh step ok: no_score_drift_policy (4.5s)
2026-05-16 15:47:34,859 DEBUG daily_refresh Startup refresh output tail for no_score_drift_policy:
Wrote C:\Users\micha\Desktop\github\NHL-BOT\baseball\data\analysis_output\no_score_drift_policy\no_score_drift_policy_summary.json
Wrote C:\Users\micha\Desktop\github\NHL-BOT\baseball\data\analysis_output\no_score_drift_policy\no_score_drift_policy_rows.jsonl
Wrote C:\Users\micha\Desktop\github\NHL-BOT\baseball\data\analysis_output\no_score_drift_policy\no_score_drift_policy_rows.csv
No-score drift policy rows: 606 (collapsed 0 duplicate candidate rows)
  empirical_only_support: rows=77 win_rate=0.473684 profit_units=3.202329
  poisson_and_empirical_support: rows=93 win_rate=0.537634 profit_units=-0.748136
  poisson_only_support: rows=436 win_rate=0.549884 profit_units=-66.279203
2026-05-16 15:47:34,859 INFO daily_refresh Startup refresh step started: no_score_drift_paper_ledger
2026-05-16 15:47:39,999 INFO daily_refresh Startup refresh step ok: no_score_drift_paper_ledger (5.1s)
2026-05-16 15:47:39,999 DEBUG daily_refresh Startup refresh output tail for no_score_drift_paper_ledger:
Wrote C:\Users\micha\Desktop\github\NHL-BOT\baseball\data\analysis_output\no_score_drift_paper_ledger\no_score_drift_paper_ledger_summary.json
Wrote C:\Users\micha\Desktop\github\NHL-BOT\baseball\data\analysis_output\no_score_drift_paper_ledger\no_score_drift_paper_ledger_rows.jsonl
Wrote C:\Users\micha\Desktop\github\NHL-BOT\baseball\data\analysis_output\no_score_drift_paper_ledger\no_score_drift_paper_ledger_rows.csv
No-score drift paper ledger: rows=606 submitted=148 filled=148 skipped=458 profit=$-182.69 roi=-0.123439
2026-05-16 15:47:39,999 INFO daily_refresh Startup refresh step started: walk_forward_score_event
2026-05-16 15:51:06,238 INFO daily_refresh Startup refresh step ok: walk_forward_score_event (206.2s)
2026-05-16 15:51:06,238 DEBUG daily_refresh Startup refresh output tail for walk_forward_score_event:
-05-06..2026-05-06  train=2026-04-19..2026-05-02  val=2026-05-03..2026-05-05
2026-05-16 15:48:38,279 INFO     walk_forward_runner   completed: n_train=44 n_test=3 placed=3 filled=3 won=2 baseline_profit=-2.94 model_selected=0 model_profit=0.00 signal_win.test_brier=0.22623089669996074
2026-05-16 15:48:38,279 INFO     walk_forward_runner [5/13] test=2026-05-07..2026-05-07  train=2026-04-20..2026-05-03  val=2026-05-04..2026-05-06
2026-05-16 15:48:57,470 INFO     walk_forward_runner   completed: n_train=43 n_test=2 placed=2 filled=2 won=2 baseline_profit=10.46 model_selected=0 model_profit=0.00 signal_win.test_brier=0.343239141472236
2026-05-16 15:48:57,470 INFO     walk_forward_runner [6/13] test=2026-05-08..2026-05-08  train=2026-04-21..2026-05-04  val=2026-05-05..2026-05-07
2026-05-16 15:49:15,094 INFO     walk_forward_runner   completed: n_train=41 n_test=3 placed=3 filled=2 won=2 baseline_profit=6.33 model_selected=0 model_profit=0.00 signal_win.test_brier=0.16460925945679727
2026-05-16 15:49:15,094 INFO     walk_forward_runner [7/13] test=2026-05-09..2026-05-09  train=2026-04-22..2026-05-05  val=2026-05-06..2026-05-08
2026-05-16 15:49:15,094 INFO     walk_forward_runner   skipped: no_test_data
2026-05-16 15:49:15,094 INFO     walk_forward_runner [8/13] test=2026-05-10..2026-05-10  train=2026-04-23..2026-05-06  val=2026-05-07..2026-05-09
2026-05-16 15:49:32,042 INFO     walk_forward_runner   completed: n_train=36 n_test=1 placed=1 filled=0 won=0 baseline_profit=0.00 model_selected=0 model_profit=0.00 signal_win.test_brier=0.5889525648104944
2026-05-16 15:49:32,042 INFO     walk_forward_runner [9/13] test=2026-05-11..2026-05-11  train=2026-04-24..2026-05-07  val=2026-05-08..2026-05-10
2026-05-16 15:49:50,663 INFO     walk_forward_runner   completed: n_train=37 n_test=1 placed=1 filled=1 won=1 baseline_profit=6.66 model_selected=0 model_profit=0.00 signal_win.test_brier=0.29896175936978175
2026-05-16 15:49:50,663 INFO     walk_forward_runner [10/13] test=2026-05-12..2026-05-12  train=2026-04-25..2026-05-08  val=2026-05-09..2026-05-11
2026-05-16 15:50:11,969 INFO     walk_forward_runner   completed: n_train=39 n_test=70 placed=70 filled=8 won=6 baseline_profit=3.22 model_selected=3 model_profit=11.03 signal_win.test_brier=0.3516840490646324
2026-05-16 15:50:11,969 INFO     walk_forward_runner [11/13] test=2026-05-13..2026-05-13  train=2026-04-26..2026-05-09  val=2026-05-10..2026-05-12
2026-05-16 15:50:29,670 INFO     walk_forward_runner   completed: n_train=34 n_test=10 placed=10 filled=10 won=6 baseline_profit=-11.16 model_selected=3 model_profit=-12.40 signal_win.test_brier=0.2902799037885015
2026-05-16 15:50:29,670 INFO     walk_forward_runner [12/13] test=2026-05-14..2026-05-14  train=2026-04-27..2026-05-10  val=2026-05-11..2026-05-13
2026-05-16 15:50:47,427 INFO     walk_forward_runner   completed: n_train=35 n_test=7 placed=7 filled=6 won=4 baseline_profit=-2.72 model_selected=1 model_profit=-7.99 signal_win.test_brier=0.3558712948139597
2026-05-16 15:50:47,427 INFO     walk_forward_runner [13/13] test=2026-05-15..2026-05-15  train=2026-04-28..2026-05-11  val=2026-05-12..2026-05-14
2026-05-16 15:51:06,218 INFO     walk_forward_runner   completed: n_train=36 n_test=9 placed=9 filled=9 won=6 baseline_profit=-5.90 model_selected=5 model_profit=7.93 signal_win.test_brier=0.2371793115878306
2026-05-16 15:51:06,221 INFO     walk_forward_runner Wrote C:\Users\micha\Desktop\github\NHL-BOT\baseball\data\analysis_output\walk_forward\summary.json
2026-05-16 15:51:06,221 INFO     walk_forward_runner Wrote C:\Users\micha\Desktop\github\NHL-BOT\baseball\data\analysis_output\walk_forward\per_window_results.jsonl
2026-05-16 15:51:06,221 INFO     walk_forward_runner Wrote C:\Users\micha\Desktop\github\NHL-BOT\baseball\data\analysis_output\walk_forward\calibration_drift.csv (24 rows)
2026-05-16 15:51:06,221 INFO     walk_forward_runner Walk-forward complete: 12/13 windows completed, baseline_cumulative_profit=-35.58, baseline_max_dd=-42.47
2026-05-16 15:51:06,238 INFO daily_refresh Startup refresh step started: walk_forward_no_score_drift
2026-05-16 15:51:10,848 INFO daily_refresh Startup refresh step ok: walk_forward_no_score_drift (4.6s)
2026-05-16 15:51:10,848 DEBUG daily_refresh Startup refresh output tail for walk_forward_no_score_drift:
2026-05-16 15:51:06,394 INFO     no_score_drift_walk_forward Loading no-score drift source rows
2026-05-16 15:51:10,366 INFO     no_score_drift_walk_forward Wrote C:\Users\micha\Desktop\github\NHL-BOT\baseball\data\analysis_output\no_score_drift_walk_forward\no_score_drift_training_rows.jsonl
2026-05-16 15:51:10,367 INFO     no_score_drift_walk_forward Wrote C:\Users\micha\Desktop\github\NHL-BOT\baseball\data\analysis_output\no_score_drift_walk_forward\summary.json
Wrote C:\Users\micha\Desktop\github\NHL-BOT\baseball\data\analysis_output\no_score_drift_walk_forward\summary.json
Wrote C:\Users\micha\Desktop\github\NHL-BOT\baseball\data\analysis_output\no_score_drift_walk_forward\no_score_drift_training_rows.jsonl
2026-05-16 15:51:10,848 INFO daily_refresh Startup refresh step started: walk_forward_market_anchored_alpha
2026-05-16 15:51:12,882 INFO daily_refresh Startup refresh step ok: walk_forward_market_anchored_alpha (2.0s)
2026-05-16 15:51:12,882 DEBUG daily_refresh Startup refresh output tail for walk_forward_market_anchored_alpha:
2026-05-16 15:51:11,245 INFO     calibration_market_anchored_alpha_walk_forward Window family=score_event_transition anchor=ask test=2026-05-14 completed=True error=None
2026-05-16 15:51:11,920 INFO     calibration_market_anchored_alpha_walk_forward Window family=score_event_transition anchor=ask test=2026-05-15 completed=True error=None
2026-05-16 15:51:12,204 INFO     calibration_market_anchored_alpha_walk_forward Window family=no_score_drift anchor=ask test=2026-05-14 completed=True error=None
2026-05-16 15:51:12,703 INFO     calibration_market_anchored_alpha_walk_forward Window family=no_score_drift anchor=ask test=2026-05-15 completed=True error=None
2026-05-16 15:51:12,864 INFO     calibration_market_anchored_alpha_walk_forward Wrote C:\Users\micha\Desktop\github\NHL-BOT\baseball\data\analysis_output\calibration_market_anchored_alpha_walk_forward\summary.json
2026-05-16 15:51:12,864 INFO     calibration_market_anchored_alpha_walk_forward Wrote C:\Users\micha\Desktop\github\NHL-BOT\baseball\data\analysis_output\calibration_market_anchored_alpha_walk_forward\summary.md
2026-05-16 15:51:12,864 INFO     calibration_market_anchored_alpha_walk_forward Wrote C:\Users\micha\Desktop\github\NHL-BOT\baseball\data\analysis_output\calibration_market_anchored_alpha_walk_forward\per_window_results.jsonl
2026-05-16 15:51:12,864 INFO     calibration_market_anchored_alpha_walk_forward Wrote C:\Users\micha\Desktop\github\NHL-BOT\baseball\data\analysis_output\calibration_market_anchored_alpha_walk_forward\predictions.jsonl
Wrote C:\Users\micha\Desktop\github\NHL-BOT\baseball\data\analysis_output\calibration_market_anchored_alpha_walk_forward\summary.json
2026-05-16 15:51:12,882 INFO daily_refresh Startup refresh step started: walk_forward_fv_disagreement_quality
2026-05-16 15:51:13,459 INFO daily_refresh Startup refresh step ok: walk_forward_fv_disagreement_quality (0.6s)
2026-05-16 15:51:13,459 DEBUG daily_refresh Startup refresh output tail for walk_forward_fv_disagreement_quality:
Wrote C:\Users\micha\Desktop\github\NHL-BOT\baseball\data\analysis_output\fv_disagreement_quality_walk_forward\summary.json
Wrote C:\Users\micha\Desktop\github\NHL-BOT\baseball\data\analysis_output\fv_disagreement_quality_walk_forward\predictions.jsonl
2026-05-16 15:51:13,459 INFO daily_refresh Startup refresh step started: stake_scaling_promotion_analyzer
2026-05-16 15:51:13,725 INFO daily_refresh Startup refresh step ok: stake_scaling_promotion_analyzer (0.3s)
2026-05-16 15:51:13,725 DEBUG daily_refresh Startup refresh output tail for stake_scaling_promotion_analyzer:
Wrote C:\Users\micha\Desktop\github\NHL-BOT\baseball\data\analysis_output\stake_scaling_analysis\stake_scaling_analysis.json
Wrote C:\Users\micha\Desktop\github\NHL-BOT\baseball\data\analysis_output\stake_scaling_analysis\stake_scaling_analysis.md
Verdict: need_more_data -- Have 4/30 sessions of shadow data (n_filled_bets=33, low=19, mid=3, high=11).
2026-05-16 15:51:13,725 INFO daily_refresh Startup refresh step started: walk_forward_certification
2026-05-16 15:51:13,828 INFO daily_refresh Startup refresh step ok: walk_forward_certification (0.1s)
2026-05-16 15:51:13,828 DEBUG daily_refresh Startup refresh output tail for walk_forward_certification:
Wrote C:\Users\micha\Desktop\github\NHL-BOT\baseball\data\analysis_output\walk_forward_certification\walk_forward_certification.json
Wrote C:\Users\micha\Desktop\github\NHL-BOT\baseball\data\analysis_output\walk_forward_certification\walk_forward_certification.md
Readiness: PRELIMINARY -- 78 filled bets across 26 sessions.
2026-05-16 15:51:13,828 INFO daily_refresh Startup refresh step started: weekly_drift_rollup
2026-05-16 15:51:13,973 INFO daily_refresh Startup refresh step ok: weekly_drift_rollup (0.2s)
2026-05-16 15:51:13,973 DEBUG daily_refresh Startup refresh output tail for weekly_drift_rollup:
Wrote C:\Users\micha\Desktop\github\NHL-BOT\baseball\data\analysis_output\weekly_rollup\2026-05-16_weekly_rollup.html
Wrote C:\Users\micha\Desktop\github\NHL-BOT\baseball\data\analysis_output\weekly_rollup\weekly_rollup.html
2026-05-16 15:51:13,973 INFO daily_refresh Startup refresh step started: auto_promote_demote_daemon
2026-05-16 15:51:14,063 INFO daily_refresh Startup refresh step ok: auto_promote_demote_daemon (0.1s)
2026-05-16 15:51:14,063 DEBUG daily_refresh Startup refresh output tail for auto_promote_demote_daemon:
auto_daemon mode=preview cooldown_days=14 active_date=2026-05-16
decisions: no_action=3, skipped_preview_only_lever=1
  ok    [stage2] no_action  (verdict=promote=insufficient_history, demote=no_promotion_to_demote)  -- neither promote nor demote verdict actionable
  ok    [stage3-v2] no_action  (verdict=promote=insufficient_history, demote=no_promotion_to_demote)  -- neither promote nor demote verdict actionable
  ok    [stake-scaling] no_action  (verdict=promote=need_more_data, demote=no_promotion_to_demote)  -- neither promote nor demote verdict actionable
  ok    [gate-threshold] skipped_preview_only_lever  (verdict=hold)  -- verdict=hold; daemon does not auto-act on gate-threshold (threshold value selection is operator-in-loop). Run `promote.py gate-threshold <gate> <value>` manually.
2026-05-16 15:51:14,063 INFO daily_refresh Startup refresh step started: daemon_retrospective
2026-05-16 15:51:14,148 INFO daily_refresh Startup refresh step ok: daemon_retrospective (0.1s)
2026-05-16 15:51:14,148 DEBUG daily_refresh Startup refresh output tail for daemon_retrospective:
daemon_retrospective: stage2 readiness=needs_more_history (match=0 disagree=0 daemon_only=0); stage3-v2 readiness=needs_more_history (match=0 disagree=0 daemon_only=0); overall_ready_for_act=False
2026-05-16 15:51:14,148 INFO daily_refresh Startup refresh step started: artifact_lineage_freshness
2026-05-16 15:51:20,813 INFO daily_refresh Startup refresh step ok: artifact_lineage_freshness (6.7s)
2026-05-16 15:51:20,813 DEBUG daily_refresh Startup refresh output tail for artifact_lineage_freshness:
Wrote C:\Users\micha\Desktop\github\NHL-BOT\baseball\data\analysis_output\artifact_lineage_freshness\artifact_lineage_freshness_report.json
Wrote C:\Users\micha\Desktop\github\NHL-BOT\baseball\data\analysis_output\artifact_lineage_freshness\artifact_lineage_freshness_report.md
Wrote C:\Users\micha\Desktop\github\NHL-BOT\baseball\data\analysis_output\artifact_lineage_freshness\artifact_lineage_freshness_report.csv
2026-05-16 15:51:20,813 INFO daily_refresh Startup refresh step started: refresh_health_rollup
2026-05-16 15:51:20,823 INFO daily_refresh Startup refresh step ok: refresh_health_rollup (0.0s)
2026-05-16 15:51:20,824 DEBUG daily_refresh Startup refresh output tail for refresh_health_rollup:
Step roll-up: 50/50 ok
Latest daily review (2026-05-16): 0 active drift alerts (calibration=0, fill_rate=0, signal_qual=0, regime_mix=0, reconciler=0)
Walk-forward: 12/13 windows, baseline cumulative profit $-35.58, max DD $-42.47
Model freshness: no alerts.
Stage-3 v2 promotion: no alerts.
Auto-daemon: auto_daemon mode=preview cooldown_days=14 active_date=2026-05-16
Stake scaling: verdict=need_more_data (4/30 sessions, 33 filled bets)
Walk-forward certification: PRELIMINARY (78 filled / 26 dates); gates: 5 KEEP, 0 RETUNE, 0 RETIRE
WARNING Artifact lineage freshness: status=warning, 33 ok / 13 warning / 0 error, stale_mtime=2, stale_max_date=0
  - stage2_run_env_cache: output_older_than_newest_input_mtime
  - model_baseline_signal_win: generated_at_utc_missing
  - model_baseline_execution_fill: generated_at_utc_missing
  - ev_signal_win_if_filled_model: generated_at_utc_missing, max_date_missing_or_uninferable
  - ev_execution_fill_runtime_model: generated_at_utc_missing, max_date_missing_or_uninferable
2026-05-16 15:51:20,824 INFO daily_refresh Startup refresh health summary:
Step roll-up: 50/50 ok
Latest daily review (2026-05-16): 0 active drift alerts (calibration=0, fill_rate=0, signal_qual=0, regime_mix=0, reconciler=0)
Walk-forward: 12/13 windows, baseline cumulative profit $-35.58, max DD $-42.47
Model freshness: no alerts.
Stage-3 v2 promotion: no alerts.
Auto-daemon: auto_daemon mode=preview cooldown_days=14 active_date=2026-05-16
Stake scaling: verdict=need_more_data (4/30 sessions, 33 filled bets)
Walk-forward certification: PRELIMINARY (78 filled / 26 dates); gates: 5 KEEP, 0 RETUNE, 0 RETIRE
WARNING Artifact lineage freshness: status=warning, 33 ok / 13 warning / 0 error, stale_mtime=2, stale_max_date=0
  - stage2_run_env_cache: output_older_than_newest_input_mtime
  - model_baseline_signal_win: generated_at_utc_missing
  - model_baseline_execution_fill: generated_at_utc_missing
  - ev_signal_win_if_filled_model: generated_at_utc_missing, max_date_missing_or_uninferable
  - ev_execution_fill_runtime_model: generated_at_utc_missing, max_date_missing_or_uninferable
2026-05-16 15:51:20,832 INFO live_engine Startup artifact refresh complete: max_refresh_date=2026-05-15 steps_ok=51 steps_failed=0 manifest=C:\Users\micha\Desktop\github\NHL-BOT\baseball\data\analysis_output\startup_refresh\2026-05-16_startup_refresh.json
2026-05-16 15:51:20,836 INFO mlb_poly_monitor Pitcher cache loaded: 73 pitchers from C:\Users\micha\Desktop\github\NHL-BOT\baseball\cache\pitcher_cache.json
2026-05-16 15:51:20,838 INFO signal_engine Weather v2 cache loaded: games=15 path=C:\Users\micha\Desktop\github\NHL-BOT\baseball\cache\weather\game_weather_2026-05-16.json
2026-05-16 15:51:20,861 INFO signal_engine Cache loaded: 4298 cells
2026-05-16 15:51:20,864 INFO signal_engine Stage-2 run-env model loaded: lines=['6.5', '7.5', '8.5', '9.5', '10.5', '11.5']  max_delta=1.10
2026-05-16 15:51:20,877 INFO team_offense_model TeamOffenseModel loaded (TR20 Model 3, compiled_defaults): 31 teams, mlb_avg_rpg=4.444  betas=(prior=-0.1514 season=+0.1407 mom10=+0.1503)
2026-05-16 15:51:20,878 INFO signal_engine Team offense model loaded: mlb_avg_rpg=4.444  mlb_avg_total=8.888  window=10 games
2026-05-16 15:51:20,879 INFO signal_engine Probability calibrator loaded: mode=shadow method=platt path=C:\Users\micha\Desktop\github\NHL-BOT\baseball\data\analysis_output\calibration\signal_win_calibration.json
2026-05-16 15:51:20,880 INFO signal_engine Ledger: C:\Users\micha\Desktop\github\NHL-BOT\baseball\data\live_trading\master_ledger.jsonl
2026-05-16 15:51:20,880 INFO signal_engine Session: C:\Users\micha\Desktop\github\NHL-BOT\baseball\data\live_trading\sessions\2026-05-16_session.json
2026-05-16 15:51:20,880 INFO signal_engine TR10 params: min_ask=0.55(std)/0.60(hi)  min_edge=0.15(std)/0.16(hi)  runs_needed_max=3.5  close_game_rn=4.0(lead<2)  inn5_rn_max=2.5  inn6_rn_max=2.5  min_total=4  min_total_relax=shadow(i=4,t=3,ask>=0.60,lead<=4,rn<=4.50)  blowout_relax=enforce(inn<=7,ask>=0.74,rn<=2.50)  ask_edge_ramp=on(start=0.75,end=0.90,max=0.050)  prob_calibration=shadow  min_inning_high_line=5(>=8.5)  confirm=3  dedup=60s  inning_dedup=2(per-line)  capture=120s  stage2=loaded  stage3=loaded
2026-05-16 15:51:20,883 INFO live_engine EV policy runtime loaded (mode=shadow): min_ev_per_stake=-0.020  min_p_fill=0.000
2026-05-16 15:51:20,889 INFO polymarket_client Loaded .env from C:\Users\micha\Desktop\github\NHL-BOT\baseball\.env
2026-05-16 15:51:21,607 DEBUG rlp.codec Consider installing rusty-rlp to improve pyrlp performance with a rust basedbackend. Not currently functional for Python 3.11
2026-05-16 15:51:21,948 INFO polymarket_client CLOB init: EOA=0x69062fB5f98aFF1bB7f79322f650eCbd61f67dAa  funder=0xD53b2Cd1f1b681dE5160F43D02A6df508906fc94  sig_type=2  maker_address=0xD53b2Cd1f1b681dE5160F43D02A6df508906fc94  dry_run=False (set POLY_USE_DEPOSIT_WALLET=1 + POLY_DEPOSIT_WALLET=0x... to migrate)
2026-05-16 15:51:22,142 INFO polymarket_client API key derived: d194305c...
2026-05-16 15:51:22,148 INFO polymarket_client CLOBOrderClient initialized OK
2026-05-16 15:51:22,321 INFO live_engine CLOB health check passed -- ready to trade.
2026-05-16 15:51:22,322 INFO live_engine LiveTradingEngine initialized | stake=flat $10 | budget=$100 | ev_policy=shadow | fv_cancel_min_edge=0.03 | fv_decay_min_age=90s
2026-05-16 15:51:22,323 INFO live_engine RESUMED session from C:\Users\micha\Desktop\github\NHL-BOT\baseball\data\live_trading\sessions\2026-05-16_session.json: 0 bet(s) loaded  deployed=$0.00  remaining=$100.00 of $100
2026-05-16 15:51:22,323 INFO mlb_poly_monitor Monitor date=2026-05-16 tz=America/Toronto output=C:\Users\micha\Desktop\github\NHL-BOT\baseball\data\polymarket\mlb_ou
2026-05-16 15:51:22,347 INFO mlb_poly_monitor Sleep prevention active (SetThreadExecutionState). Screen may still dim.
2026-05-16 15:51:22,378 INFO mlb_poly_monitor Auto-detected i7-12700K: pinning to P-cores (logical CPUs 0-15)
2026-05-16 15:51:22,379 INFO mlb_poly_monitor CPU affinity set to logical CPUs: [0, 1, 2, 3, 4, 5, 6, 7, 8, 9, 10, 11, 12, 13, 14, 15]
2026-05-16 15:51:22,379 INFO mlb_poly_monitor Windows process priority set to HIGH_PRIORITY_CLASS
2026-05-16 15:51:22,576 INFO mlb_poly_monitor Schedule refreshed for 2026-05-16: 15 games (5 live, 1 final)
2026-05-16 15:51:23,168 INFO mlb_poly_monitor Mapped BAL@WSH (game 822737) -> mlb-bal-wsh-2026-05-16 (7 O/U lines)
2026-05-16 15:51:23,823 INFO mlb_poly_monitor Mapped MIA@TB (game 822981) -> mlb-mia-tb-2026-05-16 (7 O/U lines)
2026-05-16 15:51:24,419 INFO mlb_poly_monitor Mapped KC@STL (game 823060) -> mlb-kc-stl-2026-05-16 (8 O/U lines, 7 ready, 1 still deploying)
2026-05-16 15:51:24,968 INFO mlb_poly_monitor Mapped SD@SEA (game 823139) -> mlb-sd-sea-2026-05-16 (7 O/U lines)
2026-05-16 15:51:25,511 INFO mlb_poly_monitor Mapped PHI@PIT (game 823382) -> mlb-phi-pit-2026-05-16 (7 O/U lines)
2026-05-16 15:51:26,080 INFO mlb_poly_monitor Mapped NYY@NYM (game 823627) -> mlb-nyy-nym-2026-05-16 (7 O/U lines)
2026-05-16 15:51:26,661 INFO mlb_poly_monitor Mapped MIL@MIN (game 823706) -> mlb-mil-min-2026-05-16 (7 O/U lines)
2026-05-16 15:51:27,334 INFO mlb_poly_monitor Mapped LAD@LAA (game 824038) -> mlb-lad-laa-2026-05-16 (7 O/U lines)
2026-05-16 15:51:27,843 INFO mlb_poly_monitor Mapped TEX@HOU (game 824193) -> mlb-tex-hou-2026-05-16 (7 O/U lines)
2026-05-16 15:51:28,920 INFO mlb_poly_monitor Mapped CIN@CLE (game 824435) -> mlb-cin-cle-2026-05-16 (7 O/U lines)
2026-05-16 15:51:29,441 INFO mlb_poly_monitor Mapped CHC@CWS (game 824600) -> mlb-chc-cws-2026-05-16 (7 O/U lines)
2026-05-16 15:51:29,931 INFO mlb_poly_monitor Mapped BOS@ATL (game 824924) -> mlb-bos-atl-2026-05-16 (7 O/U lines)
2026-05-16 15:51:30,496 INFO mlb_poly_monitor Mapped SF@ATH (game 825007) -> mlb-sf-oak-2026-05-16 (7 O/U lines)
2026-05-16 15:51:30,499 INFO mlb_poly_monitor START monitoring game 823060 (KC@STL, state=Live) — 7 lines ready, 1 deploying
2026-05-16 15:51:30,500 INFO mlb_poly_monitor START monitoring game 822737 (BAL@WSH, state=Live) — 7 lines ready, 0 deploying
2026-05-16 15:51:30,501 INFO mlb_poly_monitor START monitoring game 823382 (PHI@PIT, state=Live) — 7 lines ready, 0 deploying
2026-05-16 15:51:30,501 INFO mlb_poly_monitor START monitoring game 822981 (MIA@TB, state=Live) — 7 lines ready, 0 deploying
2026-05-16 15:51:30,501 DEBUG mlb_poly_monitor Polling 56 token books (4 active games)
2026-05-16 15:51:33,942 DEBUG signal_engine tick_buffer health: 28 line_states, 28 nonempty, len min/median/max=1/1/1, newest_age max=0.0s, oldest_age max=0.0s
2026-05-16 15:51:33,942 DEBUG mlb_poly_monitor Wrote 56 tick snapshots
2026-05-16 15:52:24,305 DEBUG mlb_poly_monitor Schedule state-change rollup for 2026-05-16: changes_total=1 changes_since_last_log=1 games=15 live=5 final=1 states=live=5|final=1:1
2026-05-16 15:53:26,007 INFO mlb_poly_monitor Market discovery no-new-mapping rollup: cycles_since_last=1 games_attempted_since_last=1 total_cycles=1 total_games_attempted=1
2026-05-16 15:55:29,718 DEBUG mlb_poly_monitor Market discovery attempted on 1 games; no new mappings this cycle.
2026-05-16 15:57:33,951 DEBUG mlb_poly_monitor Market discovery attempted on 1 games; no new mappings this cycle.
2026-05-16 15:59:33,780 DEBUG mlb_poly_monitor Market discovery attempted on 1 games; no new mappings this cycle.
2026-05-16 16:01:33,814 DEBUG mlb_poly_monitor Market discovery attempted on 1 games; no new mappings this cycle.
2026-05-16 16:03:34,423 DEBUG mlb_poly_monitor Market discovery attempted on 1 games; no new mappings this cycle.
2026-05-16 16:05:34,394 DEBUG mlb_poly_monitor Market discovery attempted on 1 games; no new mappings this cycle.
2026-05-16 16:07:38,359 DEBUG mlb_poly_monitor Market discovery attempted on 1 games; no new mappings this cycle.
2026-05-16 16:09:40,051 DEBUG mlb_poly_monitor Market discovery attempted on 1 games; no new mappings this cycle.
2026-05-16 16:10:14,769 DEBUG signal_engine Skip KC@STL line=6.5: current_total=2 < min=4 (mode=shadow arm=strict_block relax_pass=False)
2026-05-16 16:10:50,698 DEBUG mlb_poly_monitor Polling 56 token books (4 active games)
2026-05-16 16:10:54,151 DEBUG mlb_poly_monitor Wrote 56 tick snapshots
2026-05-16 16:11:41,073 DEBUG mlb_poly_monitor Market discovery attempted on 1 games; no new mappings this cycle.
2026-05-16 16:13:44,542 DEBUG mlb_poly_monitor Market discovery attempted on 1 games; no new mappings this cycle.
2026-05-16 16:14:11,023 DEBUG signal_engine Skip KC@STL line=6.5: current_total=2 < min=4 (mode=shadow arm=strict_block relax_pass=False)
2026-05-16 16:15:43,465 DEBUG signal_engine Skip KC@STL line=6.5: current_total=3 < min=4 (mode=shadow arm=strict_block relax_pass=False)
2026-05-16 16:15:48,216 DEBUG mlb_poly_monitor Market discovery attempted on 1 games; no new mappings this cycle.
2026-05-16 16:17:46,967 DEBUG signal_engine Skip KC@STL line=6.5: inning 5 bullpen-transition dead zone (rn=2.5 >= threshold 2.5) -- same rn at inn4 is 6W/0L
2026-05-16 16:17:47,171 DEBUG signal_engine Tape capture skip_2026-05-16_823060_6.5_009581: trades_5s=0 trades_30s=0 signed_30s=None ltp_ask_gap_3=-0.2505 stale=70.968s raw_n=100 fetch_ok=True
2026-05-16 16:17:47,348 DEBUG signal_engine Family B capture skip_2026-05-16_823060_6.5_009581: ask_touch=18993.84 bid_touch=8.0 imb1=0.0004 imb5=0.3068 depth_below=0 depth_at=0 book_ok=True
2026-05-16 16:17:47,350 DEBUG signal_engine Family C capture skip_2026-05-16_823060_6.5_009581: ask_v5=0.0 ask_v30=0.0 mid_drift=0.04 spread_ratio=0.8421 ask_vol=0.005175 buffer_n=120 window_30s_n=8
2026-05-16 16:17:47,966 DEBUG mlb_poly_monitor Market discovery attempted on 1 games; no new mappings this cycle.
2026-05-16 16:19:35,101 DEBUG signal_engine Skip KC@STL line=7.5: inning 5 bullpen-transition dead zone (rn=3.5 >= threshold 2.5) -- same rn at inn4 is 6W/0L
2026-05-16 16:19:35,286 DEBUG signal_engine Tape capture skip_2026-05-16_823060_7.5_010294: trades_5s=0 trades_30s=0 signed_30s=None ltp_ask_gap_3=-0.1105 stale=179.102s raw_n=100 fetch_ok=True
2026-05-16 16:19:35,414 DEBUG signal_engine Family B capture skip_2026-05-16_823060_7.5_010294: ask_touch=22.0 bid_touch=5.0 imb1=0.1852 imb5=0.083 depth_below=0 depth_at=0 book_ok=True
2026-05-16 16:19:35,416 DEBUG signal_engine Family C capture skip_2026-05-16_823060_7.5_010294: ask_v5=0.010434 ask_v30=0.001302 mid_drift=0.005 spread_ratio=3.7647 ask_vol=0.01488 buffer_n=120 window_30s_n=8
2026-05-16 16:19:51,329 DEBUG mlb_poly_monitor Market discovery attempted on 1 games; no new mappings this cycle.
2026-05-16 16:21:34,636 DEBUG signal_engine tick_buffer health: 28 line_states, 28 nonempty, len min/median/max=120/120/120, newest_age max=0.0s, oldest_age max=459.0s
2026-05-16 16:21:54,768 DEBUG mlb_poly_monitor Market discovery attempted on 1 games; no new mappings this cycle.
2026-05-16 16:22:21,676 DEBUG mlb_poly_monitor Schedule state-change rollup for 2026-05-16: changes_total=25 changes_since_last_log=24 games=15 live=5 final=1 states=live=5|final=1:25
2026-05-16 16:22:25,120 DEBUG signal_engine Skip KC@STL line=6.5: inning 6 setup-reliever dead zone (rn=2.5 >= threshold 2.5) -- 5yr backtest: 63% WR on 1569 bets
2026-05-16 16:22:25,242 DEBUG signal_engine Tape capture skip_2026-05-16_823060_6.5_011450: trades_5s=0 trades_30s=0 signed_30s=None ltp_ask_gap_3=-0.2105 stale=349.114s raw_n=100 fetch_ok=True
2026-05-16 16:22:25,372 DEBUG signal_engine Family B capture skip_2026-05-16_823060_6.5_011450: ask_touch=8.0 bid_touch=8.0 imb1=0.5 imb5=0.4647 depth_below=0 depth_at=0 book_ok=True
2026-05-16 16:22:25,375 DEBUG signal_engine Family C capture skip_2026-05-16_823060_6.5_011450: ask_v5=0.0 ask_v30=0.0 mid_drift=-0.005 spread_ratio=1.3333 ask_vol=0.006409 buffer_n=120 window_30s_n=8
2026-05-16 16:23:26,895 DEBUG signal_engine Skip KC@STL line=6.5: inning 6 setup-reliever dead zone (rn=2.5 >= threshold 2.5) -- 5yr backtest: 63% WR on 1569 bets
2026-05-16 16:23:27,091 DEBUG signal_engine Tape capture skip_2026-05-16_823060_6.5_011896: trades_5s=0 trades_30s=0 signed_30s=None ltp_ask_gap_3=-0.2373 stale=109.895s raw_n=100 fetch_ok=True
2026-05-16 16:23:27,214 DEBUG signal_engine Family B capture skip_2026-05-16_823060_6.5_011896: ask_touch=8.0 bid_touch=1088.47 imb1=0.9927 imb5=0.5228 depth_below=0 depth_at=0 book_ok=True
2026-05-16 16:23:27,216 DEBUG signal_engine Family C capture skip_2026-05-16_823060_6.5_011896: ask_v5=-0.020567 ask_v30=-0.000976 mid_drift=-0.03 spread_ratio=0.4211 ask_vol=0.026186 buffer_n=120 window_30s_n=8
2026-05-16 16:23:54,883 INFO mlb_poly_monitor Market discovery no-new-mapping rollup: cycles_since_last=15 games_attempted_since_last=15 total_cycles=16 total_games_attempted=16
2026-05-16 16:24:29,030 DEBUG signal_engine Skip KC@STL line=6.5: inning 6 setup-reliever dead zone (rn=2.5 >= threshold 2.5) -- 5yr backtest: 63% WR on 1569 bets
2026-05-16 16:24:29,128 DEBUG signal_engine Tape capture skip_2026-05-16_823060_6.5_012321: trades_5s=0 trades_30s=0 signed_30s=None ltp_ask_gap_3=-0.2473 stale=172.03s raw_n=100 fetch_ok=True
2026-05-16 16:24:29,271 DEBUG signal_engine Family B capture skip_2026-05-16_823060_6.5_012321: ask_touch=8.0 bid_touch=8.0 imb1=0.5 imb5=0.3603 depth_below=0 depth_at=0 book_ok=True
2026-05-16 16:24:29,273 DEBUG signal_engine Family C capture skip_2026-05-16_823060_6.5_012321: ask_v5=0.0 ask_v30=0.000325 mid_drift=0.005 spread_ratio=0.6957 ask_vol=0.010607 buffer_n=120 window_30s_n=8
2026-05-16 16:25:58,298 DEBUG mlb_poly_monitor Market discovery attempted on 1 games; no new mappings this cycle.
2026-05-16 16:28:02,119 DEBUG mlb_poly_monitor Market discovery attempted on 1 games; no new mappings this cycle.
2026-05-16 16:28:05,547 DEBUG signal_engine Skip KC@STL line=6.5: inning 6 setup-reliever dead zone (rn=2.5 >= threshold 2.5) -- 5yr backtest: 63% WR on 1569 bets
2026-05-16 16:28:05,670 DEBUG signal_engine Tape capture skip_2026-05-16_823060_6.5_013825: trades_5s=0 trades_30s=0 signed_30s=None ltp_ask_gap_3=-0.2373 stale=388.548s raw_n=100 fetch_ok=True
2026-05-16 16:28:05,809 DEBUG signal_engine Family B capture skip_2026-05-16_823060_6.5_013825: ask_touch=157.0 bid_touch=135.0 imb1=0.4623 imb5=0.1562 depth_below=0 depth_at=0 book_ok=True
2026-05-16 16:28:05,811 DEBUG signal_engine Family C capture skip_2026-05-16_823060_6.5_013825: ask_v5=0.011084 ask_v30=-0.001274 mid_drift=0.0 spread_ratio=2.5143 ask_vol=0.017678 buffer_n=120 window_30s_n=8
2026-05-16 16:28:44,444 DEBUG signal_engine Skip KC@STL line=6.5: inning 6 setup-reliever dead zone (rn=2.5 >= threshold 2.5) -- 5yr backtest: 63% WR on 1569 bets
2026-05-16 16:28:44,669 DEBUG signal_engine Tape capture skip_2026-05-16_823060_6.5_014113: trades_5s=0 trades_30s=0 signed_30s=None ltp_ask_gap_3=0.0423 stale=126.444s raw_n=100 fetch_ok=True
2026-05-16 16:28:44,793 DEBUG signal_engine Family B capture skip_2026-05-16_823060_6.5_014113: ask_touch=6180.39 bid_touch=15343.43 imb1=0.7129 imb5=0.7378 depth_below=6191.83 depth_at=0 book_ok=True
2026-05-16 16:28:44,796 DEBUG signal_engine Family C capture skip_2026-05-16_823060_6.5_014113: ask_v5=-0.0104 ask_v30=0.001293 mid_drift=-0.015 spread_ratio=1.4815 ask_vol=0.035355 buffer_n=120 window_30s_n=8
2026-05-16 16:30:02,279 DEBUG mlb_poly_monitor Market discovery attempted on 1 games; no new mappings this cycle.
2026-05-16 16:30:10,038 DEBUG mlb_poly_monitor Polling 56 token books (4 active games)
2026-05-16 16:30:13,485 DEBUG mlb_poly_monitor Wrote 56 tick snapshots
2026-05-16 16:32:05,637 DEBUG mlb_poly_monitor Market discovery attempted on 1 games; no new mappings this cycle.
2026-05-16 16:34:09,665 DEBUG mlb_poly_monitor Market discovery attempted on 1 games; no new mappings this cycle.
2026-05-16 16:36:09,334 DEBUG mlb_poly_monitor Market discovery attempted on 1 games; no new mappings this cycle.
2026-05-16 16:38:09,889 DEBUG mlb_poly_monitor Market discovery attempted on 1 games; no new mappings this cycle.
2026-05-16 16:40:11,020 DEBUG mlb_poly_monitor Market discovery attempted on 1 games; no new mappings this cycle.
2026-05-16 16:42:11,604 DEBUG mlb_poly_monitor Market discovery attempted on 1 games; no new mappings this cycle.
2026-05-16 16:44:12,388 DEBUG mlb_poly_monitor Market discovery attempted on 1 games; no new mappings this cycle.
2026-05-16 16:46:13,452 DEBUG mlb_poly_monitor Market discovery attempted on 1 games; no new mappings this cycle.
2026-05-16 16:48:14,140 DEBUG mlb_poly_monitor Market discovery attempted on 1 games; no new mappings this cycle.
2026-05-16 16:49:35,648 DEBUG mlb_poly_monitor Polling 56 token books (4 active games)
2026-05-16 16:49:39,110 DEBUG mlb_poly_monitor Wrote 56 tick snapshots
2026-05-16 16:50:14,382 DEBUG mlb_poly_monitor Market discovery attempted on 1 games; no new mappings this cycle.
2026-05-16 16:50:18,276 DEBUG mlb_poly_monitor Schedule state-change rollup for 2026-05-16: changes_total=50 changes_since_last_log=25 games=15 live=5 final=1 states=live=5|final=1:50
2026-05-16 16:51:35,223 DEBUG signal_engine tick_buffer health: 28 line_states, 28 nonempty, len min/median/max=120/120/120, newest_age max=0.0s, oldest_age max=579.7s
2026-05-16 16:52:14,992 DEBUG mlb_poly_monitor Market discovery attempted on 1 games; no new mappings this cycle.
2026-05-16 16:54:15,476 INFO mlb_poly_monitor Market discovery no-new-mapping rollup: cycles_since_last=15 games_attempted_since_last=15 total_cycles=31 total_games_attempted=31
2026-05-16 16:56:16,212 DEBUG mlb_poly_monitor Market discovery attempted on 1 games; no new mappings this cycle.
2026-05-16 16:58:17,097 DEBUG mlb_poly_monitor Market discovery attempted on 1 games; no new mappings this cycle.
2026-05-16 17:00:17,660 DEBUG mlb_poly_monitor Market discovery attempted on 1 games; no new mappings this cycle.
2026-05-16 17:02:18,226 DEBUG mlb_poly_monitor Market discovery attempted on 1 games; no new mappings this cycle.
2026-05-16 17:03:20,074 DEBUG signal_engine Skip MIA@TB line=4.5: current_total=1 < min=4 (mode=shadow arm=strict_block relax_pass=False)
2026-05-16 17:04:19,505 DEBUG mlb_poly_monitor Market discovery attempted on 1 games; no new mappings this cycle.
2026-05-16 17:05:21,353 DEBUG signal_engine Skip MIA@TB line=5.5: current_total=1 < min=4 (mode=shadow arm=strict_block relax_pass=False)
2026-05-16 17:05:25,303 DEBUG signal_engine Skip MIA@TB line=5.5: current_total=1 < min=4 (mode=shadow arm=strict_block relax_pass=False)
2026-05-16 17:06:20,367 DEBUG mlb_poly_monitor Market discovery attempted on 1 games; no new mappings this cycle.
2026-05-16 17:06:59,121 DEBUG signal_engine Tape capture skip_2026-05-16_823382_7.5_029576: trades_5s=0 trades_30s=100 signed_30s=362.888 ltp_ask_gap_3=-0.533 stale=14.863s raw_n=100 fetch_ok=True
2026-05-16 17:06:59,146 DEBUG signal_engine Family B capture skip_2026-05-16_823382_7.5_029576: ask_touch=None bid_touch=None imb1=None imb5=None depth_below=None depth_at=None book_ok=False
2026-05-16 17:06:59,152 DEBUG signal_engine Family C capture skip_2026-05-16_823382_7.5_029576: ask_v5=0.005096 ask_v30=0.002897 mid_drift=0.02 spread_ratio=1.4757 ask_vol=0.049982 buffer_n=120 window_30s_n=8
2026-05-16 17:08:20,921 DEBUG mlb_poly_monitor Market discovery attempted on 1 games; no new mappings this cycle.
2026-05-16 17:09:03,565 DEBUG mlb_poly_monitor Polling 56 token books (4 active games)
2026-05-16 17:09:07,058 DEBUG mlb_poly_monitor Wrote 56 tick snapshots
2026-05-16 17:10:21,806 DEBUG mlb_poly_monitor Market discovery attempted on 1 games; no new mappings this cycle.
2026-05-16 17:10:33,510 INFO mlb_poly_monitor STOP monitoring game 823060 (KC@STL, state=Final)
2026-05-16 17:10:36,160 INFO live_engine === GAME SUMMARY (2026-05-16) -- 0 bets placed | 2 games final | 1/8 listed lines went over ===
2026-05-16 17:10:36,160 INFO live_engine   KC@STL  final=2-4 (total=6) | no bet
2026-05-16 17:10:36,161 INFO live_engine   TOR@DET  final=2-1 (total=3) | no bet
2026-05-16 17:11:46,134 DEBUG signal_engine Skip MIA@TB line=4.5: current_total=1 < min=4 (mode=shadow arm=strict_block relax_pass=False)
2026-05-16 17:12:23,240 DEBUG mlb_poly_monitor Market discovery attempted on 1 games; no new mappings this cycle.
2026-05-16 17:13:36,164 DEBUG mlb_poly_monitor Schedule state-change rollup for 2026-05-16: changes_total=75 changes_since_last_log=25 games=15 live=4 final=2 states=live=5|final=1:72, live=4|final=2:3
2026-05-16 17:14:24,769 DEBUG mlb_poly_monitor Market discovery attempted on 1 games; no new mappings this cycle.
2026-05-16 17:16:26,861 DEBUG mlb_poly_monitor Market discovery attempted on 1 games; no new mappings this cycle.
2026-05-16 17:18:27,481 DEBUG mlb_poly_monitor Market discovery attempted on 1 games; no new mappings this cycle.
2026-05-16 17:20:27,698 DEBUG mlb_poly_monitor Market discovery attempted on 1 games; no new mappings this cycle.
2026-05-16 17:21:36,333 DEBUG signal_engine tick_buffer health: 28 line_states, 28 nonempty, len min/median/max=120/120/120, newest_age max=772.6s, oldest_age max=1329.7s
2026-05-16 17:21:36,334 DEBUG signal_engine runtime debug rollup: events=3 unique_keys=3 by_kind={'inference_fallback': 1, 'stage2_adj': 1, 'stage3_adj': 1}
2026-05-16 17:21:36,334 DEBUG signal_engine runtime debug rollup detail kind=inference_fallback count=1 game=PHI@PIT line=7.5 inning=4 state=T4|outs=1|score=5-0|runners=2 source_key=po75 example=inference fallback PHI@PIT line=7.5: cell=6_0_4_T_1_0 level=1 label=bases_empty (line_mode=exact src=po75)
2026-05-16 17:21:36,334 DEBUG signal_engine runtime debug rollup detail kind=stage2_adj count=1 game=PHI@PIT line=7.5 inning=4 state=T4|outs=1|score=5-0|runners=2 source_key=PNC Park example=Stage-2 adj PHI@PIT line=7.5 inn=4: fv=0.977 -> 0.979  (delta=+0.068  weather_source='weather_v2:open-meteo:ok:usable'  park='PNC Park'  temp_bin='65-79F'  wind_bin='out_10plus')
2026-05-16 17:21:36,334 DEBUG signal_engine runtime debug rollup detail kind=stage3_adj count=1 game=PHI@PIT line=7.5 inning=4 state=T4|outs=1|score=5-0|runners=2 source_key=PHI-PIT|2026-05-16 example=Stage-3 adj PHI@PIT line=7.5 inn=4: s1+s2_fv=0.979 -> adj_fv=0.982  (delta=+0.145  away_rpg=4.82  home_rpg=5.15  expected=9.97 vs avg=8.89)
2026-05-16 17:22:28,414 DEBUG mlb_poly_monitor Market discovery attempted on 1 games; no new mappings this cycle.
2026-05-16 17:23:04,050 DEBUG signal_engine Skip BAL@WSH line=8.5: runs_needed=4.5 > max=3.5 (total=4)
2026-05-16 17:23:04,267 DEBUG signal_engine Tape capture skip_2026-05-16_822737_8.5_035017: trades_5s=0 trades_30s=0 signed_30s=None ltp_ask_gap_3=-0.2223 stale=81.05s raw_n=100 fetch_ok=True
2026-05-16 17:23:04,432 DEBUG signal_engine Family B capture skip_2026-05-16_822737_8.5_035017: ask_touch=5.0 bid_touch=5827.52 imb1=0.9991 imb5=0.3488 depth_below=5.0 depth_at=0 book_ok=True
2026-05-16 17:23:04,435 DEBUG signal_engine Family C capture skip_2026-05-16_822737_8.5_035017: ask_v5=0.001669 ask_v30=0.002664 mid_drift=0.07 spread_ratio=1.1765 ask_vol=0.035606 buffer_n=120 window_30s_n=10
2026-05-16 17:23:04,438 DEBUG signal_engine Skip BAL@WSH line=7.5: inning 5 bullpen-transition dead zone (rn=3.5 >= threshold 2.5) -- same rn at inn4 is 6W/0L
2026-05-16 17:23:04,645 DEBUG signal_engine Tape capture skip_2026-05-16_822737_7.5_035025: trades_5s=0 trades_30s=0 signed_30s=None ltp_ask_gap_3=-0.3523 stale=81.438s raw_n=100 fetch_ok=True
2026-05-16 17:23:04,768 DEBUG signal_engine Family B capture skip_2026-05-16_822737_7.5_035025: ask_touch=1009.7 bid_touch=5359.63 imb1=0.8415 imb5=0.4608 depth_below=0 depth_at=0 book_ok=True
2026-05-16 17:23:04,770 DEBUG signal_engine Family C capture skip_2026-05-16_822737_7.5_035025: ask_v5=-0.003135 ask_v30=0.00263 mid_drift=0.055 spread_ratio=0.9412 ask_vol=0.041419 buffer_n=120 window_30s_n=10
2026-05-16 17:23:07,768 DEBUG signal_engine Skip BAL@WSH line=6.5: inning 5 bullpen-transition dead zone (rn=2.5 >= threshold 2.5) -- same rn at inn4 is 6W/0L
2026-05-16 17:23:07,971 DEBUG signal_engine Tape capture skip_2026-05-16_822737_6.5_035045: trades_5s=0 trades_30s=0 signed_30s=None ltp_ask_gap_3=-0.4623 stale=84.768s raw_n=100 fetch_ok=True
2026-05-16 17:23:08,103 DEBUG signal_engine Family B capture skip_2026-05-16_822737_6.5_035045: ask_touch=8.0 bid_touch=1080.82 imb1=0.9927 imb5=0.6724 depth_below=0 depth_at=0 book_ok=True
2026-05-16 17:23:08,104 DEBUG signal_engine Family C capture skip_2026-05-16_822737_6.5_035045: ask_v5=0.0 ask_v30=0.002276 mid_drift=0.07 spread_ratio=0.9211 ask_vol=0.033682 buffer_n=120 window_30s_n=10
2026-05-16 17:23:32,165 DEBUG signal_engine Skip PHI@PIT line=8.5: inning 5 bullpen-transition dead zone (rn=3.5 >= threshold 2.5) -- same rn at inn4 is 6W/0L
2026-05-16 17:23:32,363 DEBUG signal_engine Tape capture skip_2026-05-16_823382_8.5_035196: trades_5s=0 trades_30s=0 signed_30s=None ltp_ask_gap_3=-0.3223 stale=109.166s raw_n=100 fetch_ok=True
2026-05-16 17:23:32,486 DEBUG signal_engine Family B capture skip_2026-05-16_823382_8.5_035196: ask_touch=12.0 bid_touch=10.0 imb1=0.4545 imb5=0.5716 depth_below=0 depth_at=0 book_ok=True
2026-05-16 17:23:32,488 DEBUG signal_engine Family C capture skip_2026-05-16_823382_8.5_035196: ask_v5=0.008333 ask_v30=0.005144 mid_drift=0.075 spread_ratio=2.8358 ask_vol=0.068158 buffer_n=120 window_30s_n=10
2026-05-16 17:23:47,544 DEBUG signal_engine Skip BAL@WSH line=9.5: pace=(7.2/9inn) insufficient for line=9.5 (total=4 inn=5)
2026-05-16 17:23:47,741 DEBUG signal_engine Tape capture skip_2026-05-16_822737_9.5_035283: trades_5s=0 trades_30s=0 signed_30s=None ltp_ask_gap_3=-0.2123 stale=124.545s raw_n=100 fetch_ok=True
2026-05-16 17:23:47,866 DEBUG signal_engine Family B capture skip_2026-05-16_822737_9.5_035283: ask_touch=6986.49 bid_touch=10791.14 imb1=0.607 imb5=0.4853 depth_below=0 depth_at=0 book_ok=True
2026-05-16 17:23:47,867 DEBUG signal_engine Family C capture skip_2026-05-16_822737_9.5_035283: ask_v5=0.0 ask_v30=0.00395 mid_drift=0.11 spread_ratio=0.8163 ask_vol=0.060955 buffer_n=120 window_30s_n=10
2026-05-16 17:24:30,380 INFO mlb_poly_monitor Market discovery no-new-mapping rollup: cycles_since_last=15 games_attempted_since_last=15 total_cycles=46 total_games_attempted=46
2026-05-16 17:24:33,382 DEBUG mlb_poly_monitor Polling 42 token books (3 active games)
2026-05-16 17:24:35,982 DEBUG mlb_poly_monitor Wrote 42 tick snapshots
2026-05-16 17:24:48,020 DEBUG signal_engine Skip MIA@TB line=4.5: current_total=1 < min=4 (mode=shadow arm=strict_block relax_pass=False)
2026-05-16 17:26:30,967 DEBUG mlb_poly_monitor Market discovery attempted on 1 games; no new mappings this cycle.
2026-05-16 17:26:48,748 DEBUG signal_engine Skip BAL@WSH line=8.5: runs_needed=4.5 > max=3.5 (total=4)
2026-05-16 17:26:48,851 DEBUG signal_engine Tape capture skip_2026-05-16_822737_8.5_036330: trades_5s=0 trades_30s=0 signed_30s=None ltp_ask_gap_3=-0.2523 stale=305.747s raw_n=100 fetch_ok=True
2026-05-16 17:26:48,978 DEBUG signal_engine Family B capture skip_2026-05-16_822737_8.5_036330: ask_touch=8.0 bid_touch=10.0 imb1=0.5556 imb5=0.4008 depth_below=0 depth_at=0 book_ok=True
2026-05-16 17:26:48,981 DEBUG signal_engine Family C capture skip_2026-05-16_822737_8.5_036330: ask_v5=0.0 ask_v30=0.000329 mid_drift=0.035 spread_ratio=0.4 ask_vol=0.019889 buffer_n=120 window_30s_n=10
2026-05-16 17:26:48,985 DEBUG signal_engine Skip BAL@WSH line=7.5: inning 5 bullpen-transition dead zone (rn=3.5 >= threshold 2.5) -- same rn at inn4 is 6W/0L
2026-05-16 17:26:49,079 DEBUG signal_engine Tape capture skip_2026-05-16_822737_7.5_036340: trades_5s=0 trades_30s=0 signed_30s=None ltp_ask_gap_3=-0.3323 stale=305.984s raw_n=100 fetch_ok=True
2026-05-16 17:26:49,204 DEBUG signal_engine Family B capture skip_2026-05-16_822737_7.5_036340: ask_touch=198.0 bid_touch=198.0 imb1=0.5 imb5=0.2278 depth_below=0 depth_at=0 book_ok=True
2026-05-16 17:26:49,207 DEBUG signal_engine Family C capture skip_2026-05-16_822737_7.5_036340: ask_v5=-0.003174 ask_v30=-0.000979 mid_drift=-0.01 spread_ratio=0.597 ask_vol=0.023594 buffer_n=120 window_30s_n=10
2026-05-16 17:28:32,372 DEBUG mlb_poly_monitor Market discovery attempted on 1 games; no new mappings this cycle.
2026-05-16 17:30:32,637 DEBUG mlb_poly_monitor Market discovery attempted on 1 games; no new mappings this cycle.
2026-05-16 17:32:33,058 DEBUG mlb_poly_monitor Market discovery attempted on 1 games; no new mappings this cycle.
2026-05-16 17:33:38,861 DEBUG signal_engine Tape capture skip_2026-05-16_823382_6.5_038745: trades_5s=0 trades_30s=0 signed_30s=None ltp_ask_gap_3=-0.6357 stale=114.63s raw_n=100 fetch_ok=True
2026-05-16 17:33:38,889 DEBUG signal_engine Family B capture skip_2026-05-16_823382_6.5_038745: ask_touch=None bid_touch=None imb1=None imb5=None depth_below=None depth_at=None book_ok=False
2026-05-16 17:33:38,892 DEBUG signal_engine Family C capture skip_2026-05-16_823382_6.5_038745: ask_v5=-0.003336 ask_v30=0.001334 mid_drift=0.04 spread_ratio=0.6027 ask_vol=0.046122 buffer_n=120 window_30s_n=11
2026-05-16 17:34:02,872 DEBUG signal_engine Skip PHI@PIT line=8.5: inning 5 bullpen-transition dead zone (rn=3.5 >= threshold 2.5) -- same rn at inn4 is 6W/0L
2026-05-16 17:34:03,067 DEBUG signal_engine Tape capture skip_2026-05-16_823382_8.5_038875: trades_5s=0 trades_30s=0 signed_30s=None ltp_ask_gap_3=-0.4357 stale=138.872s raw_n=100 fetch_ok=True
2026-05-16 17:34:03,288 DEBUG signal_engine Family B capture skip_2026-05-16_823382_8.5_038875: ask_touch=5.0 bid_touch=123.97 imb1=0.9612 imb5=0.8391 depth_below=0 depth_at=0 book_ok=True
2026-05-16 17:34:03,290 DEBUG signal_engine Family C capture skip_2026-05-16_823382_8.5_038875: ask_v5=0.010034 ask_v30=0.004299 mid_drift=0.05 spread_ratio=2.9032 ask_vol=0.055588 buffer_n=120 window_30s_n=10
2026-05-16 17:34:34,159 DEBUG mlb_poly_monitor Market discovery attempted on 1 games; no new mappings this cycle.
2026-05-16 17:36:34,560 DEBUG mlb_poly_monitor Market discovery attempted on 1 games; no new mappings this cycle.
2026-05-16 17:38:34,166 DEBUG signal_engine Skip PHI@PIT line=7.5: inning 6 setup-reliever dead zone (rn=2.5 >= threshold 2.5) -- 5yr backtest: 63% WR on 1569 bets
2026-05-16 17:38:34,372 DEBUG signal_engine Tape capture skip_2026-05-16_823382_7.5_040505: trades_5s=0 trades_30s=0 signed_30s=None ltp_ask_gap_3=-0.2547 stale=109.165s raw_n=100 fetch_ok=True
2026-05-16 17:38:34,501 DEBUG signal_engine Family B capture skip_2026-05-16_823382_7.5_040505: ask_touch=135.0 bid_touch=134.0 imb1=0.4981 imb5=0.1566 depth_below=0 depth_at=0 book_ok=True
2026-05-16 17:38:34,504 DEBUG signal_engine Family C capture skip_2026-05-16_823382_7.5_040505: ask_v5=0.0 ask_v30=0.002665 mid_drift=0.15 spread_ratio=1.2963 ask_vol=0.035024 buffer_n=120 window_30s_n=10
2026-05-16 17:38:35,022 DEBUG mlb_poly_monitor Market discovery attempted on 1 games; no new mappings this cycle.
2026-05-16 17:39:43,138 DEBUG mlb_poly_monitor Polling 42 token books (3 active games)
2026-05-16 17:39:45,752 DEBUG mlb_poly_monitor Wrote 42 tick snapshots
2026-05-16 17:40:37,703 DEBUG mlb_poly_monitor Market discovery attempted on 1 games; no new mappings this cycle.
2026-05-16 17:42:31,972 INFO mlb_poly_monitor START monitoring game 824435 (CIN@CLE, state=Live) — 7 lines ready, 0 deploying
2026-05-16 17:42:39,962 DEBUG mlb_poly_monitor Market discovery attempted on 1 games; no new mappings this cycle.
2026-05-16 17:44:42,881 DEBUG signal_engine Skip PHI@PIT line=5.5: Gate 8f saturation (base_fv=0.994 >= threshold=0.990) ask=0.977 | market CONFIRMS (ask>=0.85, likely real run)
2026-05-16 17:44:43,076 DEBUG signal_engine Tape capture skip_2026-05-16_823382_5.5_042436: trades_5s=0 trades_30s=0 signed_30s=None ltp_ask_gap_3=-0.3437 stale=178.879s raw_n=100 fetch_ok=True
2026-05-16 17:44:43,205 DEBUG signal_engine Family B capture skip_2026-05-16_823382_5.5_042436: ask_touch=32.28 bid_touch=44.0 imb1=0.5768 imb5=0.9035 depth_below=0 depth_at=0 book_ok=True
2026-05-16 17:44:43,208 DEBUG signal_engine Family C capture skip_2026-05-16_823382_5.5_042436: ask_v5=0.0 ask_v30=0.002856 mid_drift=0.0185 spread_ratio=1.9705 ask_vol=0.038472 buffer_n=120 window_30s_n=8
2026-05-16 17:44:43,722 DEBUG mlb_poly_monitor Market discovery attempted on 1 games; no new mappings this cycle.
2026-05-16 17:46:47,742 DEBUG mlb_poly_monitor Market discovery attempted on 1 games; no new mappings this cycle.
2026-05-16 17:47:41,668 DEBUG mlb_poly_monitor Schedule state-change rollup for 2026-05-16: changes_total=100 changes_since_last_log=25 games=15 live=5 final=2 states=live=5|final=1:72, live=4|final=2:22, live=5|final=2:6
2026-05-16 17:48:04,402 DEBUG signal_engine Skip BAL@WSH line=6.5: blowout/blowout-adjacent gate (trailing=0 lead=4 inn=7 blowout_min=6 adj_min=4 mode=enforce arm=strict_block relax_pass=False) -- Poisson FV unreliable when trailing team shut out late
2026-05-16 17:48:04,662 DEBUG signal_engine Tape capture skip_2026-05-16_822737_6.5_043786: trades_5s=0 trades_30s=0 signed_30s=None ltp_ask_gap_3=0.0023 stale=79.4s raw_n=100 fetch_ok=True
2026-05-16 17:48:04,792 DEBUG signal_engine Family B capture skip_2026-05-16_822737_6.5_043786: ask_touch=8.0 bid_touch=3669.92 imb1=0.9978 imb5=0.434 depth_below=0 depth_at=0 book_ok=True
2026-05-16 17:48:04,795 DEBUG signal_engine Family C capture skip_2026-05-16_822737_6.5_043786: ask_v5=0.0 ask_v30=0.006154 mid_drift=0.145 spread_ratio=1.0667 ask_vol=0.10049 buffer_n=120 window_30s_n=8
2026-05-16 17:48:47,255 DEBUG signal_engine Skip BAL@WSH line=6.5: extreme edge in any inning (edge=0.258 > threshold=0.220  inn=7) - phantom-run risk
2026-05-16 17:48:47,329 DEBUG signal_engine Tape capture skip_2026-05-16_822737_6.5_044059: trades_5s=0 trades_30s=0 signed_30s=None ltp_ask_gap_3=0.0123 stale=122.251s raw_n=100 fetch_ok=True
2026-05-16 17:48:47,458 DEBUG signal_engine Family B capture skip_2026-05-16_822737_6.5_044059: ask_touch=1080.82 bid_touch=4668.63 imb1=0.812 imb5=0.4714 depth_below=0 depth_at=0 book_ok=True
2026-05-16 17:48:47,461 DEBUG signal_engine Family C capture skip_2026-05-16_822737_6.5_044059: ask_v5=0.0 ask_v30=0.0 mid_drift=0.005 spread_ratio=0.7273 ask_vol=0.007559 buffer_n=120 window_30s_n=8
2026-05-16 17:48:47,980 DEBUG mlb_poly_monitor Market discovery attempted on 1 games; no new mappings this cycle.
2026-05-16 17:49:45,555 DEBUG signal_engine Tape capture skip_2026-05-16_822737_6.5_044451: trades_5s=0 trades_30s=0 signed_30s=None ltp_ask_gap_3=-0.1777 stale=180.451s raw_n=100 fetch_ok=True
2026-05-16 17:49:45,670 DEBUG signal_engine Family B capture skip_2026-05-16_822737_6.5_044451: ask_touch=22.0 bid_touch=255.0 imb1=0.9206 imb5=0.485 depth_below=0 depth_at=0 book_ok=True
2026-05-16 17:49:45,672 DEBUG signal_engine Family C capture skip_2026-05-16_822737_6.5_044451: ask_v5=0.007797 ask_v30=0.005823 mid_drift=0.145 spread_ratio=0.5414 ask_vol=0.083741 buffer_n=120 window_30s_n=8
2026-05-16 17:49:45,893 DEBUG signal_engine Tape capture skip_2026-05-16_822737_7.5_044455: trades_5s=0 trades_30s=0 signed_30s=None ltp_ask_gap_3=-0.0077 stale=180.677s raw_n=100 fetch_ok=True
2026-05-16 17:49:46,021 DEBUG signal_engine Family B capture skip_2026-05-16_822737_7.5_044455: ask_touch=11.0 bid_touch=255.0 imb1=0.9586 imb5=0.0662 depth_below=0 depth_at=0 book_ok=True
2026-05-16 17:49:46,023 DEBUG signal_engine Family C capture skip_2026-05-16_822737_7.5_044455: ask_v5=-0.002452 ask_v30=0.006423 mid_drift=0.165 spread_ratio=1.3333 ask_vol=0.09848 buffer_n=120 window_30s_n=8
2026-05-16 17:49:53,782 DEBUG signal_engine Skip BAL@WSH line=8.5: pace=(6.4/9inn) insufficient for line=8.5 (total=5 inn=7)
2026-05-16 17:49:53,976 DEBUG signal_engine Tape capture skip_2026-05-16_822737_8.5_044510: trades_5s=0 trades_30s=0 signed_30s=None ltp_ask_gap_3=0.0823 stale=188.782s raw_n=100 fetch_ok=True
2026-05-16 17:49:54,090 DEBUG signal_engine Family B capture skip_2026-05-16_822737_8.5_044510: ask_touch=4665.63 bid_touch=21.0 imb1=0.0045 imb5=0.0139 depth_below=0 depth_at=0 book_ok=True
2026-05-16 17:49:54,092 DEBUG signal_engine Family C capture skip_2026-05-16_822737_8.5_044510: ask_v5=0.0 ask_v30=0.006671 mid_drift=0.185 spread_ratio=0.5138 ask_vol=0.103086 buffer_n=120 window_30s_n=8
2026-05-16 17:50:21,123 DEBUG signal_engine Skip BAL@WSH line=7.5: extreme edge in any inning (edge=0.238 > threshold=0.220  inn=7) - phantom-run risk
2026-05-16 17:50:21,209 DEBUG signal_engine Tape capture skip_2026-05-16_822737_7.5_044680: trades_5s=0 trades_30s=0 signed_30s=None ltp_ask_gap_3=-0.0077 stale=216.122s raw_n=100 fetch_ok=True
2026-05-16 17:50:21,326 DEBUG signal_engine Family B capture skip_2026-05-16_822737_7.5_044680: ask_touch=22.0 bid_touch=4660.64 imb1=0.9953 imb5=0.3005 depth_below=0 depth_at=0 book_ok=True
2026-05-16 17:50:21,328 DEBUG signal_engine Family C capture skip_2026-05-16_822737_7.5_044680: ask_v5=0.0 ask_v30=-0.000321 mid_drift=0.03 spread_ratio=0.4211 ask_vol=0.013093 buffer_n=120 window_30s_n=8
2026-05-16 17:50:21,333 DEBUG signal_engine Skip BAL@WSH line=6.5: Gate 8f saturation (base_fv=1.000 >= threshold=0.990) ask=0.920 | market CONFIRMS (ask>=0.85, likely real run)
2026-05-16 17:50:21,411 DEBUG signal_engine Tape capture skip_2026-05-16_822737_6.5_044686: trades_5s=0 trades_30s=0 signed_30s=None ltp_ask_gap_3=-0.2177 stale=216.333s raw_n=100 fetch_ok=True
2026-05-16 17:50:21,547 DEBUG signal_engine Family B capture skip_2026-05-16_822737_6.5_044686: ask_touch=22.0 bid_touch=110.0 imb1=0.8333 imb5=0.5065 depth_below=0 depth_at=0 book_ok=True
2026-05-16 17:50:21,549 DEBUG signal_engine Family C capture skip_2026-05-16_822737_6.5_044686: ask_v5=0.012141 ask_v30=0.001592 mid_drift=0.025 spread_ratio=1.8909 ask_vol=0.019226 buffer_n=120 window_30s_n=8
2026-05-16 17:50:21,679 INFO live_engine Calibrated-stake [SHADOW] BAL@WSH line=8.5 calibrated_edge=+0.0552 multiplier=0.868 base=$10.00 -> stake=$10.00 (shadow only -- stake unchanged)
2026-05-16 17:50:21,681 WARNING live_engine EV policy artifact requires runtime features that are absent/null; shadow will score with artifact imputations, enforce will fail closed (missing={'win': ['decision_market_mid_no_vig', 'inference_panel_selected_runs', 'inference_run1_selected', 'inference_run1_away_score', 'inference_run1_home_score', 'inference_run1_total', 'inference_run1_base_poisson', 'inference_run1_base_empirical', 'inference_run1_poisson_minus_empirical', 'inference_run1_distance_to_ask', 'inference_run1_empirical_distance_to_ask', 'inference_run1_n', '...'], 'fill': ['decision_market_mid_no_vig', 'inference_panel_selected_runs', 'inference_run1_selected', 'inference_run1_away_score', 'inference_run1_home_score', 'inference_run1_total', 'inference_run1_base_poisson', 'inference_run1_base_empirical', 'inference_run1_poisson_minus_empirical', 'inference_run1_distance_to_ask', 'inference_run1_empirical_distance_to_ask', 'inference_run1_n', '...']})
2026-05-16 17:50:21,684 INFO live_engine EV policy [SHADOW] BAL@WSH line=8.5 allow=True p_win=0.691 p_fill=0.787 ev_if_filled=1.15 ev_per_stake=0.0906
2026-05-16 17:50:21,685 INFO live_engine LIVE BET [2026-05-16_822737_8.5_0001] BAL@WSH O/U 8.5 OVER | decision_ask=0.630  exec_bid=0.600  exec_ask=0.630  spread=0.030  ltp=0.400  limit=0.620 | FV=0.801 (base=0.783 S2=+0.091 S3=+0.019) | edge=0.171 | inn=T7  outs=0  score=2-4  rn=2.5  runners=0 | stake=$10.00 shares=16.1290 (flat)
2026-05-16 17:50:22,140 DEBUG polymarket_client Order posted: price=0.620  shares=16.1290  max_cost=$10.00  sign=326ms  post=128ms  resp={'errorMsg': '', 'orderID': '0x1bca444f86657a60ecc74cd46519593a9c9b93bd0157436adb99838555aba383', 'takingAmount': '', 'makingAmount': '', 'status': 'live', 'success': True}
2026-05-16 17:50:22,140 INFO polymarket_client Order accepted: id=0x1bca444f86657a60ecc74cd46519593a9c9b93bd0157436adb99838555aba383  status=live  price=0.620  shares=16.1290  max_cost=$10.00  sign=326ms  post=128ms
2026-05-16 17:50:22,142 INFO live_engine ORDER PLACED [2026-05-16_822737_8.5_0001] order_id=0x1bca444f86657a60ecc74cd46519593a9c9b93bd0157436adb99838555aba383  status=live raw_status=live  sign_ms=326  post_ms=128
2026-05-16 17:50:22,264 DEBUG signal_engine Tape capture 2026-05-16_822737_8.5_0001: trades_5s=0 trades_30s=0 signed_30s=None ltp_ask_gap_3=0.0723 stale=216.551s raw_n=100 fetch_ok=True
2026-05-16 17:50:22,390 DEBUG signal_engine Family B capture 2026-05-16_822737_8.5_0001: ask_touch=19357.94 bid_touch=16.12 imb1=0.0008 imb5=0.3245 depth_below=0 depth_at=0 book_ok=True
2026-05-16 17:50:22,391 DEBUG signal_engine Family C capture 2026-05-16_822737_8.5_0001: ask_v5=0.002309 ask_v30=0.000316 mid_drift=0.03 spread_ratio=0.5 ask_vol=0.007559 buffer_n=120 window_30s_n=8
2026-05-16 17:50:22,395 DEBUG signal_engine Book capture started: 2026-05-16_822737_8.5_0001  token=107337453495...380110  duration=120s interval=1.0s
2026-05-16 17:50:22,529 DEBUG live_engine Ask-reversal monitor [2026-05-16_822737_8.5_0001] age=0.3s  entry_ask=0.630  current_ask=0.630  drop=+0.000  threshold=0.080
2026-05-16 17:50:22,651 DEBUG live_engine FV check [2026-05-16_822737_8.5_0001] age=0.5s < min_age=90.0s -- hold period active
2026-05-16 17:50:26,625 DEBUG live_engine Ask-reversal monitor [2026-05-16_822737_8.5_0001] age=4.4s  entry_ask=0.630  current_ask=0.630  drop=+0.000  threshold=0.080
2026-05-16 17:50:30,590 DEBUG live_engine Ask-reversal monitor [2026-05-16_822737_8.5_0001] age=8.3s  entry_ask=0.630  current_ask=0.630  drop=+0.000  threshold=0.080
2026-05-16 17:50:30,592 INFO live_engine Ask-reversal window expired [2026-05-16_822737_8.5_0001] entry_ask=0.630  window=5.0s  current_ask=0.630  drop=+0.000  (threshold=0.080  window=5s -- no cancel triggered)
2026-05-16 17:50:30,592 DEBUG live_engine Suppressed duplicate live ledger event bet_id=2026-05-16_822737_8.5_0001 order_id=0x1bca444f86657a60ecc74cd46519593a9c9b93bd0157436adb99838555aba383 event=live
2026-05-16 17:50:30,763 INFO live_engine ORDER FILLED [2026-05-16_822737_8.5_0001] order_id=0x1bca444f86657a60ecc74cd46519593a9c9b93bd0157436adb99838555aba383  fill_price=0.620  size=16.12
2026-05-16 17:50:34,624 DEBUG signal_engine runtime debug rollup: events=73 unique_keys=9 by_kind={'stage2_adj': 36, 'stage3_adj': 37}
2026-05-16 17:50:34,624 DEBUG signal_engine runtime debug rollup detail kind=stage2_adj count=22 game=BAL@WSH line=6.5 inning=7 state=T7|outs=0|score=1-4|runners=0 source_key=Nationals Park example=Stage-2 adj BAL@WSH line=6.5 inn=7: fv=0.944 -> 0.947  (delta=+0.060  weather_source='weather_v2:open-meteo:ok:usable'  park='Nationals Park'  temp_bin='80+F'  wind_bin='out_10plus')
2026-05-16 17:50:34,624 DEBUG signal_engine runtime debug rollup detail kind=stage3_adj count=22 game=BAL@WSH line=6.5 inning=7 state=T7|outs=0|score=1-4|runners=0 source_key=BAL-WSH|2026-05-16 example=Stage-3 adj BAL@WSH line=6.5 inn=7: s1+s2_fv=0.947 -> adj_fv=0.948  (delta=+0.019  away_rpg=4.05  home_rpg=4.96  expected=9.00 vs avg=8.89)
2026-05-16 17:50:34,624 DEBUG signal_engine runtime debug rollup detail kind=stage2_adj count=9 game=BAL@WSH line=7.5 inning=7 state=T7|outs=0|score=1-4|runners=0 source_key=Nationals Park example=Stage-2 adj BAL@WSH line=7.5 inn=7: fv=0.783 -> 0.792  (delta=+0.054  weather_source='weather_v2:open-meteo:ok:usable'  park='Nationals Park'  temp_bin='80+F'  wind_bin='out_10plus')
2026-05-16 17:50:34,624 DEBUG signal_engine runtime debug rollup detail kind=stage3_adj count=9 game=BAL@WSH line=7.5 inning=7 state=T7|outs=0|score=1-4|runners=0 source_key=BAL-WSH|2026-05-16 example=Stage-3 adj BAL@WSH line=7.5 inn=7: s1+s2_fv=0.792 -> adj_fv=0.795  (delta=+0.019  away_rpg=4.05  home_rpg=4.96  expected=9.00 vs avg=8.89)
2026-05-16 17:50:34,624 DEBUG signal_engine runtime debug rollup detail kind=stage2_adj count=4 game=BAL@WSH line=7.5 inning=7 state=T7|outs=0|score=2-4|runners=0 source_key=Nationals Park example=Stage-2 adj BAL@WSH line=7.5 inn=7: fv=0.944 -> 0.947  (delta=+0.054  weather_source='weather_v2:open-meteo:ok:usable'  park='Nationals Park'  temp_bin='80+F'  wind_bin='out_10plus')
2026-05-16 17:50:34,624 DEBUG signal_engine runtime debug rollup detail kind=stage3_adj count=4 game=BAL@WSH line=7.5 inning=7 state=T7|outs=0|score=2-4|runners=0 source_key=BAL-WSH|2026-05-16 example=Stage-3 adj BAL@WSH line=7.5 inn=7: s1+s2_fv=0.947 -> adj_fv=0.948  (delta=+0.019  away_rpg=4.05  home_rpg=4.96  expected=9.00 vs avg=8.89)
2026-05-16 17:50:34,624 DEBUG signal_engine runtime debug rollup detail kind=stage3_adj count=1 game=PHI@PIT line=6.5 inning=5 state=B5|outs=1|score=5-0|runners=0 source_key=PHI-PIT|2026-05-16 example=Stage-3 adj PHI@PIT line=6.5 inn=5: s1+s2_fv=0.985 -> adj_fv=0.986  (delta=+0.116  away_rpg=4.82  home_rpg=5.15  expected=9.97 vs avg=8.89)
2026-05-16 17:50:34,624 DEBUG signal_engine runtime debug rollup detail kind=stage2_adj count=1 game=BAL@WSH line=8.5 inning=7 state=T7|outs=0|score=2-4|runners=0 source_key=Nationals Park example=Stage-2 adj BAL@WSH line=8.5 inn=7: fv=0.783 -> 0.798  (delta=+0.091  weather_source='weather_v2:open-meteo:ok:usable'  park='Nationals Park'  temp_bin='80+F'  wind_bin='out_10plus')
2026-05-16 17:50:34,624 DEBUG signal_engine runtime debug rollup detail kind=stage3_adj count=1 game=BAL@WSH line=8.5 inning=7 state=T7|outs=0|score=2-4|runners=0 source_key=BAL-WSH|2026-05-16 example=Stage-3 adj BAL@WSH line=8.5 inn=7: s1+s2_fv=0.798 -> adj_fv=0.801  (delta=+0.019  away_rpg=4.05  home_rpg=4.96  expected=9.00 vs avg=8.89)
2026-05-16 17:50:50,600 DEBUG mlb_poly_monitor Market discovery attempted on 1 games; no new mappings this cycle.
2026-05-16 17:50:54,178 INFO live_engine Calibrated-stake [SHADOW] BAL@WSH line=7.5 calibrated_edge=-0.0820 multiplier=0.500 base=$10.00 -> stake=$10.00 (shadow only -- stake unchanged)
2026-05-16 17:50:54,179 INFO live_engine EV policy [SHADOW] BAL@WSH line=7.5 allow=False p_win=0.677 p_fill=0.648 ev_if_filled=-0.98 ev_per_stake=-0.0634
2026-05-16 17:50:54,179 INFO live_engine Correlated-line spacing cap hit for BAL@WSH (line=7.5 within 1.5 of existing line=8.5) -- skipping
2026-05-16 17:50:58,168 INFO live_engine Calibrated-stake [SHADOW] BAL@WSH line=7.5 calibrated_edge=-0.0820 multiplier=0.500 base=$10.00 -> stake=$10.00 (shadow only -- stake unchanged)
2026-05-16 17:50:58,171 INFO live_engine EV policy [SHADOW] BAL@WSH line=7.5 allow=False p_win=0.677 p_fill=0.648 ev_if_filled=-0.98 ev_per_stake=-0.0633
2026-05-16 17:50:58,172 INFO live_engine Correlated-line spacing cap hit for BAL@WSH (line=7.5 within 1.5 of existing line=8.5) -- skipping
2026-05-16 17:51:02,151 INFO live_engine Calibrated-stake [SHADOW] BAL@WSH line=7.5 calibrated_edge=-0.0820 multiplier=0.500 base=$10.00 -> stake=$10.00 (shadow only -- stake unchanged)
2026-05-16 17:51:02,151 INFO live_engine EV policy [SHADOW] BAL@WSH line=7.5 allow=False p_win=0.677 p_fill=0.648 ev_if_filled=-0.97 ev_per_stake=-0.0631
2026-05-16 17:51:02,151 INFO live_engine Correlated-line spacing cap hit for BAL@WSH (line=7.5 within 1.5 of existing line=8.5) -- skipping
2026-05-16 17:51:06,107 INFO live_engine Calibrated-stake [SHADOW] BAL@WSH line=7.5 calibrated_edge=-0.0820 multiplier=0.500 base=$10.00 -> stake=$10.00 (shadow only -- stake unchanged)
2026-05-16 17:51:06,108 INFO live_engine EV policy [SHADOW] BAL@WSH line=7.5 allow=False p_win=0.677 p_fill=0.648 ev_if_filled=-0.97 ev_per_stake=-0.0626
2026-05-16 17:51:06,109 INFO live_engine Correlated-line spacing cap hit for BAL@WSH (line=7.5 within 1.5 of existing line=8.5) -- skipping
2026-05-16 17:51:10,059 INFO live_engine Calibrated-stake [SHADOW] BAL@WSH line=7.5 calibrated_edge=-0.0820 multiplier=0.500 base=$10.00 -> stake=$10.00 (shadow only -- stake unchanged)
2026-05-16 17:51:10,060 INFO live_engine EV policy [SHADOW] BAL@WSH line=7.5 allow=False p_win=0.683 p_fill=0.650 ev_if_filled=-1.01 ev_per_stake=-0.0659
2026-05-16 17:51:10,060 INFO live_engine Correlated-line spacing cap hit for BAL@WSH (line=7.5 within 1.5 of existing line=8.5) -- skipping
2026-05-16 17:51:14,005 INFO live_engine Calibrated-stake [SHADOW] BAL@WSH line=7.5 calibrated_edge=-0.0820 multiplier=0.500 base=$10.00 -> stake=$10.00 (shadow only -- stake unchanged)
2026-05-16 17:51:14,006 INFO live_engine EV policy [SHADOW] BAL@WSH line=7.5 allow=False p_win=0.681 p_fill=0.651 ev_if_filled=-1.04 ev_per_stake=-0.0677
2026-05-16 17:51:14,006 INFO live_engine Correlated-line spacing cap hit for BAL@WSH (line=7.5 within 1.5 of existing line=8.5) -- skipping
2026-05-16 17:51:17,979 INFO live_engine Calibrated-stake [SHADOW] BAL@WSH line=7.5 calibrated_edge=-0.0820 multiplier=0.500 base=$10.00 -> stake=$10.00 (shadow only -- stake unchanged)
2026-05-16 17:51:17,980 INFO live_engine EV policy [SHADOW] BAL@WSH line=7.5 allow=False p_win=0.676 p_fill=0.651 ev_if_filled=-0.98 ev_per_stake=-0.0638
2026-05-16 17:51:17,980 INFO live_engine Correlated-line spacing cap hit for BAL@WSH (line=7.5 within 1.5 of existing line=8.5) -- skipping
2026-05-16 17:51:21,942 INFO live_engine Calibrated-stake [SHADOW] BAL@WSH line=7.5 calibrated_edge=-0.0820 multiplier=0.500 base=$10.00 -> stake=$10.00 (shadow only -- stake unchanged)
2026-05-16 17:51:21,945 INFO live_engine EV policy [SHADOW] BAL@WSH line=7.5 allow=False p_win=0.681 p_fill=0.651 ev_if_filled=-1.04 ev_per_stake=-0.0677
2026-05-16 17:51:21,945 INFO live_engine Correlated-line spacing cap hit for BAL@WSH (line=7.5 within 1.5 of existing line=8.5) -- skipping
2026-05-16 17:51:25,980 INFO live_engine Calibrated-stake [SHADOW] BAL@WSH line=7.5 calibrated_edge=-0.0812 multiplier=0.500 base=$10.00 -> stake=$10.00 (shadow only -- stake unchanged)
2026-05-16 17:51:25,983 INFO live_engine EV policy [SHADOW] BAL@WSH line=7.5 allow=False p_win=0.613 p_fill=0.608 ev_if_filled=-1.93 ev_per_stake=-0.1175
2026-05-16 17:51:25,988 INFO live_engine Correlated-line spacing cap hit for BAL@WSH (line=7.5 within 1.5 of existing line=8.5) -- skipping
2026-05-16 17:51:29,983 INFO live_engine Calibrated-stake [SHADOW] BAL@WSH line=7.5 calibrated_edge=-0.0812 multiplier=0.500 base=$10.00 -> stake=$10.00 (shadow only -- stake unchanged)
2026-05-16 17:51:29,984 INFO live_engine EV policy [SHADOW] BAL@WSH line=7.5 allow=False p_win=0.613 p_fill=0.608 ev_if_filled=-1.94 ev_per_stake=-0.1178
2026-05-16 17:51:29,985 INFO live_engine Correlated-line spacing cap hit for BAL@WSH (line=7.5 within 1.5 of existing line=8.5) -- skipping
2026-05-16 17:51:33,947 INFO live_engine Calibrated-stake [SHADOW] BAL@WSH line=7.5 calibrated_edge=-0.0812 multiplier=0.500 base=$10.00 -> stake=$10.00 (shadow only -- stake unchanged)
2026-05-16 17:51:33,950 INFO live_engine EV policy [SHADOW] BAL@WSH line=7.5 allow=False p_win=0.610 p_fill=0.608 ev_if_filled=-1.87 ev_per_stake=-0.1139
2026-05-16 17:51:33,952 INFO live_engine Correlated-line spacing cap hit for BAL@WSH (line=7.5 within 1.5 of existing line=8.5) -- skipping
2026-05-16 17:51:37,918 INFO live_engine Calibrated-stake [SHADOW] BAL@WSH line=7.5 calibrated_edge=-0.0712 multiplier=0.500 base=$10.00 -> stake=$10.00 (shadow only -- stake unchanged)
2026-05-16 17:51:37,919 INFO live_engine EV policy [SHADOW] BAL@WSH line=7.5 allow=False p_win=0.595 p_fill=0.602 ev_if_filled=-1.95 ev_per_stake=-0.1177
2026-05-16 17:51:37,922 INFO live_engine Correlated-line spacing cap hit for BAL@WSH (line=7.5 within 1.5 of existing line=8.5) -- skipping
2026-05-16 17:51:37,931 DEBUG signal_engine tick_buffer health: 35 line_states, 35 nonempty, len min/median/max=120/120/120, newest_age max=2574.2s, oldest_age max=3131.3s
2026-05-16 17:51:41,898 INFO live_engine Calibrated-stake [SHADOW] BAL@WSH line=7.5 calibrated_edge=-0.0612 multiplier=0.500 base=$10.00 -> stake=$10.00 (shadow only -- stake unchanged)
2026-05-16 17:51:41,898 INFO live_engine EV policy [SHADOW] BAL@WSH line=7.5 allow=False p_win=0.586 p_fill=0.602 ev_if_filled=-2.09 ev_per_stake=-0.1257
2026-05-16 17:51:41,899 INFO live_engine Correlated-line spacing cap hit for BAL@WSH (line=7.5 within 1.5 of existing line=8.5) -- skipping
2026-05-16 17:51:45,858 INFO live_engine Calibrated-stake [SHADOW] BAL@WSH line=7.5 calibrated_edge=-0.0612 multiplier=0.500 base=$10.00 -> stake=$10.00 (shadow only -- stake unchanged)
2026-05-16 17:51:45,859 INFO live_engine EV policy [SHADOW] BAL@WSH line=7.5 allow=False p_win=0.586 p_fill=0.602 ev_if_filled=-2.08 ev_per_stake=-0.1252
2026-05-16 17:51:45,859 INFO live_engine Correlated-line spacing cap hit for BAL@WSH (line=7.5 within 1.5 of existing line=8.5) -- skipping
2026-05-16 17:51:49,826 INFO live_engine Calibrated-stake [SHADOW] BAL@WSH line=7.5 calibrated_edge=-0.0612 multiplier=0.500 base=$10.00 -> stake=$10.00 (shadow only -- stake unchanged)
2026-05-16 17:51:49,827 INFO live_engine EV policy [SHADOW] BAL@WSH line=7.5 allow=False p_win=0.590 p_fill=0.602 ev_if_filled=-2.13 ev_per_stake=-0.1283
2026-05-16 17:51:49,827 INFO live_engine Correlated-line spacing cap hit for BAL@WSH (line=7.5 within 1.5 of existing line=8.5) -- skipping
2026-05-16 17:51:53,803 INFO live_engine Calibrated-stake [SHADOW] BAL@WSH line=7.5 calibrated_edge=-0.0712 multiplier=0.500 base=$10.00 -> stake=$10.00 (shadow only -- stake unchanged)
2026-05-16 17:51:53,804 INFO live_engine EV policy [SHADOW] BAL@WSH line=7.5 allow=False p_win=0.596 p_fill=0.597 ev_if_filled=-2.06 ev_per_stake=-0.1229
2026-05-16 17:51:53,804 INFO live_engine Correlated-line spacing cap hit for BAL@WSH (line=7.5 within 1.5 of existing line=8.5) -- skipping
2026-05-16 17:51:57,802 INFO live_engine Calibrated-stake [SHADOW] BAL@WSH line=7.5 calibrated_edge=-0.0712 multiplier=0.500 base=$10.00 -> stake=$10.00 (shadow only -- stake unchanged)
2026-05-16 17:51:57,802 INFO live_engine EV policy [SHADOW] BAL@WSH line=7.5 allow=False p_win=0.601 p_fill=0.604 ev_if_filled=-1.98 ev_per_stake=-0.1198
2026-05-16 17:51:57,802 INFO live_engine Correlated-line spacing cap hit for BAL@WSH (line=7.5 within 1.5 of existing line=8.5) -- skipping
2026-05-16 17:52:01,801 INFO live_engine Calibrated-stake [SHADOW] BAL@WSH line=7.5 calibrated_edge=-0.0712 multiplier=0.500 base=$10.00 -> stake=$10.00 (shadow only -- stake unchanged)
2026-05-16 17:52:01,802 INFO live_engine EV policy [SHADOW] BAL@WSH line=7.5 allow=False p_win=0.600 p_fill=0.604 ev_if_filled=-2.00 ev_per_stake=-0.1207
2026-05-16 17:52:01,802 INFO live_engine Correlated-line spacing cap hit for BAL@WSH (line=7.5 within 1.5 of existing line=8.5) -- skipping
2026-05-16 17:52:05,771 DEBUG live_engine Skip BAL@WSH line=7.5: cannot place resting limit while preserving min edge (ask=0.750 bid=0.740 fv=0.965)
2026-05-16 17:52:09,746 INFO live_engine Calibrated-stake [SHADOW] BAL@WSH line=7.5 calibrated_edge=-0.0612 multiplier=0.500 base=$10.00 -> stake=$10.00 (shadow only -- stake unchanged)
2026-05-16 17:52:09,747 INFO live_engine EV policy [SHADOW] BAL@WSH line=7.5 allow=False p_win=0.588 p_fill=0.605 ev_if_filled=-2.06 ev_per_stake=-0.1245
2026-05-16 17:52:09,747 INFO live_engine Correlated-line spacing cap hit for BAL@WSH (line=7.5 within 1.5 of existing line=8.5) -- skipping
2026-05-16 17:52:13,712 INFO live_engine Calibrated-stake [SHADOW] BAL@WSH line=7.5 calibrated_edge=-0.0612 multiplier=0.500 base=$10.00 -> stake=$10.00 (shadow only -- stake unchanged)
2026-05-16 17:52:13,713 INFO live_engine EV policy [SHADOW] BAL@WSH line=7.5 allow=False p_win=0.594 p_fill=0.601 ev_if_filled=-2.19 ev_per_stake=-0.1315
2026-05-16 17:52:13,713 INFO live_engine Correlated-line spacing cap hit for BAL@WSH (line=7.5 within 1.5 of existing line=8.5) -- skipping
2026-05-16 17:52:17,654 INFO live_engine Calibrated-stake [SHADOW] BAL@WSH line=7.5 calibrated_edge=-0.0812 multiplier=0.500 base=$10.00 -> stake=$10.00 (shadow only -- stake unchanged)
2026-05-16 17:52:17,655 INFO live_engine EV policy [SHADOW] BAL@WSH line=7.5 allow=False p_win=0.614 p_fill=0.608 ev_if_filled=-1.93 ev_per_stake=-0.1169
2026-05-16 17:52:17,656 INFO live_engine Correlated-line spacing cap hit for BAL@WSH (line=7.5 within 1.5 of existing line=8.5) -- skipping
2026-05-16 17:52:21,638 INFO live_engine Calibrated-stake [SHADOW] BAL@WSH line=7.5 calibrated_edge=-0.0812 multiplier=0.500 base=$10.00 -> stake=$10.00 (shadow only -- stake unchanged)
2026-05-16 17:52:21,639 INFO live_engine EV policy [SHADOW] BAL@WSH line=7.5 allow=False p_win=0.615 p_fill=0.610 ev_if_filled=-1.91 ev_per_stake=-0.1165
2026-05-16 17:52:21,639 INFO live_engine Correlated-line spacing cap hit for BAL@WSH (line=7.5 within 1.5 of existing line=8.5) -- skipping
2026-05-16 17:52:21,672 DEBUG signal_engine Book capture complete: 2026-05-16_822737_8.5_0001  (121 snapshots)
2026-05-16 17:52:25,621 DEBUG live_engine Skip BAL@WSH line=7.5: cannot place resting limit while preserving min edge (ask=0.750 bid=0.740 fv=0.965)
2026-05-16 17:52:29,635 DEBUG live_engine Skip BAL@WSH line=7.5: cannot place resting limit while preserving min edge (ask=0.750 bid=0.740 fv=0.965)
2026-05-16 17:52:33,642 INFO live_engine Calibrated-stake [SHADOW] BAL@WSH line=7.5 calibrated_edge=-0.0612 multiplier=0.500 base=$10.00 -> stake=$10.00 (shadow only -- stake unchanged)
2026-05-16 17:52:33,644 INFO live_engine EV policy [SHADOW] BAL@WSH line=7.5 allow=False p_win=0.590 p_fill=0.604 ev_if_filled=-2.13 ev_per_stake=-0.1288
2026-05-16 17:52:33,644 INFO live_engine Correlated-line spacing cap hit for BAL@WSH (line=7.5 within 1.5 of existing line=8.5) -- skipping
2026-05-16 17:52:37,626 DEBUG live_engine Skip BAL@WSH line=7.5: cannot place resting limit while preserving min edge (ask=0.750 bid=0.740 fv=0.965)
2026-05-16 17:52:41,584 DEBUG live_engine Skip BAL@WSH line=7.5: cannot place resting limit while preserving min edge (ask=0.750 bid=0.740 fv=0.965)
2026-05-16 17:52:45,550 DEBUG live_engine Skip BAL@WSH line=7.5: cannot place resting limit while preserving min edge (ask=0.740 bid=0.730 fv=0.965)
2026-05-16 17:52:54,296 DEBUG mlb_poly_monitor Market discovery attempted on 1 games; no new mappings this cycle.
2026-05-16 17:52:57,871 INFO live_engine Calibrated-stake [SHADOW] BAL@WSH line=7.5 calibrated_edge=-0.0612 multiplier=0.500 base=$10.00 -> stake=$10.00 (shadow only -- stake unchanged)
2026-05-16 17:52:57,873 INFO live_engine EV policy [SHADOW] BAL@WSH line=7.5 allow=False p_win=0.565 p_fill=0.589 ev_if_filled=-2.16 ev_per_stake=-0.1271
2026-05-16 17:52:57,874 INFO live_engine Correlated-line spacing cap hit for BAL@WSH (line=7.5 within 1.5 of existing line=8.5) -- skipping
2026-05-16 17:53:01,922 INFO live_engine Calibrated-stake [SHADOW] BAL@WSH line=7.5 calibrated_edge=-0.0612 multiplier=0.500 base=$10.00 -> stake=$10.00 (shadow only -- stake unchanged)
2026-05-16 17:53:01,922 INFO live_engine EV policy [SHADOW] BAL@WSH line=7.5 allow=False p_win=0.570 p_fill=0.588 ev_if_filled=-2.19 ev_per_stake=-0.1291
2026-05-16 17:53:01,922 INFO live_engine Correlated-line spacing cap hit for BAL@WSH (line=7.5 within 1.5 of existing line=8.5) -- skipping
2026-05-16 17:53:05,902 INFO live_engine Calibrated-stake [SHADOW] BAL@WSH line=7.5 calibrated_edge=-0.0712 multiplier=0.500 base=$10.00 -> stake=$10.00 (shadow only -- stake unchanged)
2026-05-16 17:53:05,903 INFO live_engine EV policy [SHADOW] BAL@WSH line=7.5 allow=False p_win=0.579 p_fill=0.589 ev_if_filled=-2.07 ev_per_stake=-0.1217
2026-05-16 17:53:05,905 INFO live_engine Correlated-line spacing cap hit for BAL@WSH (line=7.5 within 1.5 of existing line=8.5) -- skipping
2026-05-16 17:53:09,882 INFO live_engine Calibrated-stake [SHADOW] BAL@WSH line=7.5 calibrated_edge=-0.0712 multiplier=0.500 base=$10.00 -> stake=$10.00 (shadow only -- stake unchanged)
2026-05-16 17:53:09,883 INFO live_engine EV policy [SHADOW] BAL@WSH line=7.5 allow=False p_win=0.579 p_fill=0.589 ev_if_filled=-2.07 ev_per_stake=-0.1216
2026-05-16 17:53:09,883 INFO live_engine Correlated-line spacing cap hit for BAL@WSH (line=7.5 within 1.5 of existing line=8.5) -- skipping
2026-05-16 17:53:13,852 INFO live_engine Calibrated-stake [SHADOW] BAL@WSH line=7.5 calibrated_edge=-0.0712 multiplier=0.500 base=$10.00 -> stake=$10.00 (shadow only -- stake unchanged)
2026-05-16 17:53:13,853 INFO live_engine EV policy [SHADOW] BAL@WSH line=7.5 allow=False p_win=0.579 p_fill=0.589 ev_if_filled=-2.07 ev_per_stake=-0.1216
2026-05-16 17:53:13,853 INFO live_engine Correlated-line spacing cap hit for BAL@WSH (line=7.5 within 1.5 of existing line=8.5) -- skipping
2026-05-16 17:53:17,817 INFO live_engine Calibrated-stake [SHADOW] BAL@WSH line=7.5 calibrated_edge=-0.0712 multiplier=0.500 base=$10.00 -> stake=$10.00 (shadow only -- stake unchanged)
2026-05-16 17:53:17,818 INFO live_engine EV policy [SHADOW] BAL@WSH line=7.5 allow=False p_win=0.580 p_fill=0.589 ev_if_filled=-2.06 ev_per_stake=-0.1210
2026-05-16 17:53:17,818 INFO live_engine Correlated-line spacing cap hit for BAL@WSH (line=7.5 within 1.5 of existing line=8.5) -- skipping
2026-05-16 17:53:21,766 INFO live_engine Calibrated-stake [SHADOW] BAL@WSH line=7.5 calibrated_edge=-0.0712 multiplier=0.500 base=$10.00 -> stake=$10.00 (shadow only -- stake unchanged)
2026-05-16 17:53:21,767 INFO live_engine EV policy [SHADOW] BAL@WSH line=7.5 allow=False p_win=0.575 p_fill=0.589 ev_if_filled=-2.01 ev_per_stake=-0.1184
2026-05-16 17:53:21,767 INFO live_engine Correlated-line spacing cap hit for BAL@WSH (line=7.5 within 1.5 of existing line=8.5) -- skipping
2026-05-16 17:53:56,546 INFO live_engine Calibrated-stake [SHADOW] BAL@WSH line=7.5 calibrated_edge=-0.0612 multiplier=0.500 base=$10.00 -> stake=$10.00 (shadow only -- stake unchanged)
2026-05-16 17:53:56,547 INFO live_engine EV policy [SHADOW] BAL@WSH line=7.5 allow=False p_win=0.562 p_fill=0.589 ev_if_filled=-2.09 ev_per_stake=-0.1232
2026-05-16 17:53:56,548 INFO live_engine Correlated-line spacing cap hit for BAL@WSH (line=7.5 within 1.5 of existing line=8.5) -- skipping
2026-05-16 17:54:19,817 INFO live_engine Calibrated-stake [SHADOW] BAL@WSH line=7.5 calibrated_edge=-0.0712 multiplier=0.500 base=$10.00 -> stake=$10.00 (shadow only -- stake unchanged)
2026-05-16 17:54:19,818 INFO live_engine EV policy [SHADOW] BAL@WSH line=7.5 allow=False p_win=0.579 p_fill=0.589 ev_if_filled=-2.06 ev_per_stake=-0.1215
2026-05-16 17:54:19,818 INFO live_engine Correlated-line spacing cap hit for BAL@WSH (line=7.5 within 1.5 of existing line=8.5) -- skipping
2026-05-16 17:54:23,801 INFO live_engine Calibrated-stake [SHADOW] BAL@WSH line=7.5 calibrated_edge=-0.0712 multiplier=0.500 base=$10.00 -> stake=$10.00 (shadow only -- stake unchanged)
2026-05-16 17:54:23,802 INFO live_engine EV policy [SHADOW] BAL@WSH line=7.5 allow=False p_win=0.579 p_fill=0.589 ev_if_filled=-2.07 ev_per_stake=-0.1217
2026-05-16 17:54:23,802 INFO live_engine Correlated-line spacing cap hit for BAL@WSH (line=7.5 within 1.5 of existing line=8.5) -- skipping
2026-05-16 17:54:27,767 INFO live_engine Calibrated-stake [SHADOW] BAL@WSH line=7.5 calibrated_edge=-0.0712 multiplier=0.500 base=$10.00 -> stake=$10.00 (shadow only -- stake unchanged)
2026-05-16 17:54:27,767 INFO live_engine EV policy [SHADOW] BAL@WSH line=7.5 allow=False p_win=0.576 p_fill=0.589 ev_if_filled=-2.01 ev_per_stake=-0.1182
2026-05-16 17:54:27,768 INFO live_engine Correlated-line spacing cap hit for BAL@WSH (line=7.5 within 1.5 of existing line=8.5) -- skipping
2026-05-16 17:54:47,235 INFO live_engine Calibrated-stake [SHADOW] BAL@WSH line=7.5 calibrated_edge=-0.1012 multiplier=0.500 base=$10.00 -> stake=$10.00 (shadow only -- stake unchanged)
2026-05-16 17:54:47,236 INFO live_engine EV policy [SHADOW] BAL@WSH line=7.5 allow=False p_win=0.607 p_fill=0.588 ev_if_filled=-1.80 ev_per_stake=-0.1057
2026-05-16 17:54:47,236 INFO live_engine Correlated-line spacing cap hit for BAL@WSH (line=7.5 within 1.5 of existing line=8.5) -- skipping
2026-05-16 17:54:51,214 INFO live_engine Calibrated-stake [SHADOW] BAL@WSH line=7.5 calibrated_edge=-0.0912 multiplier=0.500 base=$10.00 -> stake=$10.00 (shadow only -- stake unchanged)
2026-05-16 17:54:51,215 INFO live_engine EV policy [SHADOW] BAL@WSH line=7.5 allow=False p_win=0.605 p_fill=0.597 ev_if_filled=-1.83 ev_per_stake=-0.1092
2026-05-16 17:54:51,215 INFO live_engine Correlated-line spacing cap hit for BAL@WSH (line=7.5 within 1.5 of existing line=8.5) -- skipping
2026-05-16 17:54:55,191 INFO live_engine Calibrated-stake [SHADOW] BAL@WSH line=7.5 calibrated_edge=-0.0912 multiplier=0.500 base=$10.00 -> stake=$10.00 (shadow only -- stake unchanged)
2026-05-16 17:54:55,192 INFO live_engine EV policy [SHADOW] BAL@WSH line=7.5 allow=False p_win=0.605 p_fill=0.597 ev_if_filled=-1.83 ev_per_stake=-0.1092
2026-05-16 17:54:55,192 INFO live_engine Correlated-line spacing cap hit for BAL@WSH (line=7.5 within 1.5 of existing line=8.5) -- skipping
2026-05-16 17:54:55,704 INFO mlb_poly_monitor Market discovery no-new-mapping rollup: cycles_since_last=15 games_attempted_since_last=15 total_cycles=61 total_games_attempted=61
2026-05-16 17:54:59,268 INFO live_engine Calibrated-stake [SHADOW] BAL@WSH line=7.5 calibrated_edge=-0.0912 multiplier=0.500 base=$10.00 -> stake=$10.00 (shadow only -- stake unchanged)
2026-05-16 17:54:59,269 INFO live_engine EV policy [SHADOW] BAL@WSH line=7.5 allow=False p_win=0.605 p_fill=0.597 ev_if_filled=-1.83 ev_per_stake=-0.1092
2026-05-16 17:54:59,269 INFO live_engine Correlated-line spacing cap hit for BAL@WSH (line=7.5 within 1.5 of existing line=8.5) -- skipping
2026-05-16 17:55:03,264 INFO live_engine Calibrated-stake [SHADOW] BAL@WSH line=7.5 calibrated_edge=-0.0912 multiplier=0.500 base=$10.00 -> stake=$10.00 (shadow only -- stake unchanged)
2026-05-16 17:55:03,265 INFO live_engine EV policy [SHADOW] BAL@WSH line=7.5 allow=False p_win=0.604 p_fill=0.597 ev_if_filled=-1.84 ev_per_stake=-0.1096
2026-05-16 17:55:03,265 INFO live_engine Correlated-line spacing cap hit for BAL@WSH (line=7.5 within 1.5 of existing line=8.5) -- skipping
2026-05-16 17:55:07,305 INFO live_engine Calibrated-stake [SHADOW] BAL@WSH line=7.5 calibrated_edge=-0.0912 multiplier=0.500 base=$10.00 -> stake=$10.00 (shadow only -- stake unchanged)
2026-05-16 17:55:07,306 INFO live_engine EV policy [SHADOW] BAL@WSH line=7.5 allow=False p_win=0.605 p_fill=0.597 ev_if_filled=-1.83 ev_per_stake=-0.1091
2026-05-16 17:55:07,306 INFO live_engine Correlated-line spacing cap hit for BAL@WSH (line=7.5 within 1.5 of existing line=8.5) -- skipping
2026-05-16 17:55:11,287 INFO live_engine Calibrated-stake [SHADOW] BAL@WSH line=7.5 calibrated_edge=-0.0912 multiplier=0.500 base=$10.00 -> stake=$10.00 (shadow only -- stake unchanged)
2026-05-16 17:55:11,287 INFO live_engine EV policy [SHADOW] BAL@WSH line=7.5 allow=False p_win=0.605 p_fill=0.597 ev_if_filled=-1.83 ev_per_stake=-0.1091
2026-05-16 17:55:11,287 INFO live_engine Correlated-line spacing cap hit for BAL@WSH (line=7.5 within 1.5 of existing line=8.5) -- skipping
2026-05-16 17:55:15,277 INFO live_engine Calibrated-stake [SHADOW] BAL@WSH line=7.5 calibrated_edge=-0.0912 multiplier=0.500 base=$10.00 -> stake=$10.00 (shadow only -- stake unchanged)
2026-05-16 17:55:15,277 INFO live_engine EV policy [SHADOW] BAL@WSH line=7.5 allow=False p_win=0.604 p_fill=0.597 ev_if_filled=-1.83 ev_per_stake=-0.1095
2026-05-16 17:55:15,278 INFO live_engine Correlated-line spacing cap hit for BAL@WSH (line=7.5 within 1.5 of existing line=8.5) -- skipping
2026-05-16 17:55:19,245 INFO live_engine Calibrated-stake [SHADOW] BAL@WSH line=7.5 calibrated_edge=-0.0912 multiplier=0.500 base=$10.00 -> stake=$10.00 (shadow only -- stake unchanged)
2026-05-16 17:55:19,246 INFO live_engine EV policy [SHADOW] BAL@WSH line=7.5 allow=False p_win=0.605 p_fill=0.597 ev_if_filled=-1.82 ev_per_stake=-0.1088
2026-05-16 17:55:19,246 INFO live_engine Correlated-line spacing cap hit for BAL@WSH (line=7.5 within 1.5 of existing line=8.5) -- skipping
2026-05-16 17:55:23,225 INFO live_engine Calibrated-stake [SHADOW] BAL@WSH line=7.5 calibrated_edge=-0.0912 multiplier=0.500 base=$10.00 -> stake=$10.00 (shadow only -- stake unchanged)
2026-05-16 17:55:23,226 INFO live_engine EV policy [SHADOW] BAL@WSH line=7.5 allow=False p_win=0.605 p_fill=0.597 ev_if_filled=-1.83 ev_per_stake=-0.1093
2026-05-16 17:55:23,226 INFO live_engine Correlated-line spacing cap hit for BAL@WSH (line=7.5 within 1.5 of existing line=8.5) -- skipping
2026-05-16 17:55:27,183 INFO live_engine Calibrated-stake [SHADOW] BAL@WSH line=7.5 calibrated_edge=-0.0912 multiplier=0.500 base=$10.00 -> stake=$10.00 (shadow only -- stake unchanged)
2026-05-16 17:55:27,185 INFO live_engine EV policy [SHADOW] BAL@WSH line=7.5 allow=False p_win=0.605 p_fill=0.597 ev_if_filled=-1.82 ev_per_stake=-0.1085
2026-05-16 17:55:27,185 INFO live_engine Correlated-line spacing cap hit for BAL@WSH (line=7.5 within 1.5 of existing line=8.5) -- skipping
2026-05-16 17:55:31,161 INFO live_engine Calibrated-stake [SHADOW] BAL@WSH line=7.5 calibrated_edge=-0.0912 multiplier=0.500 base=$10.00 -> stake=$10.00 (shadow only -- stake unchanged)
2026-05-16 17:55:31,162 INFO live_engine EV policy [SHADOW] BAL@WSH line=7.5 allow=False p_win=0.605 p_fill=0.597 ev_if_filled=-1.83 ev_per_stake=-0.1091
2026-05-16 17:55:31,162 INFO live_engine Correlated-line spacing cap hit for BAL@WSH (line=7.5 within 1.5 of existing line=8.5) -- skipping
2026-05-16 17:55:35,131 INFO live_engine Calibrated-stake [SHADOW] BAL@WSH line=7.5 calibrated_edge=-0.0912 multiplier=0.500 base=$10.00 -> stake=$10.00 (shadow only -- stake unchanged)
2026-05-16 17:55:35,132 INFO live_engine EV policy [SHADOW] BAL@WSH line=7.5 allow=False p_win=0.605 p_fill=0.597 ev_if_filled=-1.82 ev_per_stake=-0.1088
2026-05-16 17:55:35,133 INFO live_engine Correlated-line spacing cap hit for BAL@WSH (line=7.5 within 1.5 of existing line=8.5) -- skipping
2026-05-16 17:55:39,141 INFO live_engine Calibrated-stake [SHADOW] BAL@WSH line=7.5 calibrated_edge=-0.0912 multiplier=0.500 base=$10.00 -> stake=$10.00 (shadow only -- stake unchanged)
2026-05-16 17:55:39,142 INFO live_engine EV policy [SHADOW] BAL@WSH line=7.5 allow=False p_win=0.605 p_fill=0.597 ev_if_filled=-1.83 ev_per_stake=-0.1092
2026-05-16 17:55:39,142 INFO live_engine Correlated-line spacing cap hit for BAL@WSH (line=7.5 within 1.5 of existing line=8.5) -- skipping
2026-05-16 17:55:43,117 INFO live_engine Calibrated-stake [SHADOW] BAL@WSH line=7.5 calibrated_edge=-0.0912 multiplier=0.500 base=$10.00 -> stake=$10.00 (shadow only -- stake unchanged)
2026-05-16 17:55:43,118 INFO live_engine EV policy [SHADOW] BAL@WSH line=7.5 allow=False p_win=0.605 p_fill=0.597 ev_if_filled=-1.83 ev_per_stake=-0.1091
2026-05-16 17:55:43,118 INFO live_engine Correlated-line spacing cap hit for BAL@WSH (line=7.5 within 1.5 of existing line=8.5) -- skipping
2026-05-16 17:55:47,070 INFO live_engine Calibrated-stake [SHADOW] BAL@WSH line=7.5 calibrated_edge=-0.0912 multiplier=0.500 base=$10.00 -> stake=$10.00 (shadow only -- stake unchanged)
2026-05-16 17:55:47,070 INFO live_engine EV policy [SHADOW] BAL@WSH line=7.5 allow=False p_win=0.631 p_fill=0.594 ev_if_filled=-2.11 ev_per_stake=-0.1256
2026-05-16 17:55:47,071 INFO live_engine Correlated-line spacing cap hit for BAL@WSH (line=7.5 within 1.5 of existing line=8.5) -- skipping
2026-05-16 17:55:54,972 DEBUG signal_engine Tape capture skip_2026-05-16_822737_7.5_046856: trades_5s=0 trades_30s=0 signed_30s=None ltp_ask_gap_3=-0.297 stale=248.761s raw_n=100 fetch_ok=True
2026-05-16 17:55:55,100 DEBUG signal_engine Family B capture skip_2026-05-16_822737_7.5_046856: ask_touch=255.0 bid_touch=255.0 imb1=0.5 imb5=0.4999 depth_below=255.0 depth_at=255.0 book_ok=True
2026-05-16 17:55:55,102 DEBUG signal_engine Family C capture skip_2026-05-16_822737_7.5_046856: ask_v5=-0.02342 ask_v30=0.000947 mid_drift=0.025 spread_ratio=0.967 ask_vol=0.042237 buffer_n=120 window_30s_n=8
2026-05-16 17:55:59,079 INFO live_engine Calibrated-stake [SHADOW] BAL@WSH line=7.5 calibrated_edge=-0.0712 multiplier=0.500 base=$10.00 -> stake=$10.00 (shadow only -- stake unchanged)
2026-05-16 17:55:59,080 INFO live_engine EV policy [SHADOW] BAL@WSH line=7.5 allow=False p_win=0.579 p_fill=0.589 ev_if_filled=-2.06 ev_per_stake=-0.1214
2026-05-16 17:55:59,081 INFO live_engine Correlated-line spacing cap hit for BAL@WSH (line=7.5 within 1.5 of existing line=8.5) -- skipping
2026-05-16 17:56:03,074 INFO live_engine Calibrated-stake [SHADOW] BAL@WSH line=7.5 calibrated_edge=-0.0712 multiplier=0.500 base=$10.00 -> stake=$10.00 (shadow only -- stake unchanged)
2026-05-16 17:56:03,075 INFO live_engine EV policy [SHADOW] BAL@WSH line=7.5 allow=False p_win=0.579 p_fill=0.589 ev_if_filled=-2.07 ev_per_stake=-0.1217
2026-05-16 17:56:03,075 INFO live_engine Correlated-line spacing cap hit for BAL@WSH (line=7.5 within 1.5 of existing line=8.5) -- skipping
2026-05-16 17:56:07,044 INFO live_engine Calibrated-stake [SHADOW] BAL@WSH line=7.5 calibrated_edge=-0.0712 multiplier=0.500 base=$10.00 -> stake=$10.00 (shadow only -- stake unchanged)
2026-05-16 17:56:07,045 INFO live_engine EV policy [SHADOW] BAL@WSH line=7.5 allow=False p_win=0.580 p_fill=0.589 ev_if_filled=-2.06 ev_per_stake=-0.1211
2026-05-16 17:56:07,045 INFO live_engine Correlated-line spacing cap hit for BAL@WSH (line=7.5 within 1.5 of existing line=8.5) -- skipping
2026-05-16 17:56:11,068 INFO live_engine Calibrated-stake [SHADOW] BAL@WSH line=7.5 calibrated_edge=-0.0612 multiplier=0.500 base=$10.00 -> stake=$10.00 (shadow only -- stake unchanged)
2026-05-16 17:56:11,069 INFO live_engine EV policy [SHADOW] BAL@WSH line=7.5 allow=False p_win=0.565 p_fill=0.589 ev_if_filled=-2.15 ev_per_stake=-0.1264
2026-05-16 17:56:11,069 INFO live_engine Correlated-line spacing cap hit for BAL@WSH (line=7.5 within 1.5 of existing line=8.5) -- skipping
2026-05-16 17:56:18,919 INFO live_engine Calibrated-stake [SHADOW] BAL@WSH line=7.5 calibrated_edge=-0.0712 multiplier=0.500 base=$10.00 -> stake=$10.00 (shadow only -- stake unchanged)
2026-05-16 17:56:18,920 INFO live_engine EV policy [SHADOW] BAL@WSH line=7.5 allow=False p_win=0.595 p_fill=0.602 ev_if_filled=-1.96 ev_per_stake=-0.1181
2026-05-16 17:56:18,920 INFO live_engine Correlated-line spacing cap hit for BAL@WSH (line=7.5 within 1.5 of existing line=8.5) -- skipping
2026-05-16 17:56:22,860 INFO live_engine Calibrated-stake [SHADOW] BAL@WSH line=7.5 calibrated_edge=-0.0612 multiplier=0.500 base=$10.00 -> stake=$10.00 (shadow only -- stake unchanged)
2026-05-16 17:56:22,861 INFO live_engine EV policy [SHADOW] BAL@WSH line=7.5 allow=False p_win=0.586 p_fill=0.602 ev_if_filled=-2.09 ev_per_stake=-0.1256
2026-05-16 17:56:22,861 INFO live_engine Correlated-line spacing cap hit for BAL@WSH (line=7.5 within 1.5 of existing line=8.5) -- skipping
2026-05-16 17:56:26,806 INFO live_engine Calibrated-stake [SHADOW] BAL@WSH line=7.5 calibrated_edge=-0.0612 multiplier=0.500 base=$10.00 -> stake=$10.00 (shadow only -- stake unchanged)
2026-05-16 17:56:26,806 INFO live_engine EV policy [SHADOW] BAL@WSH line=7.5 allow=False p_win=0.586 p_fill=0.602 ev_if_filled=-2.08 ev_per_stake=-0.1255
2026-05-16 17:56:26,806 INFO live_engine Correlated-line spacing cap hit for BAL@WSH (line=7.5 within 1.5 of existing line=8.5) -- skipping
2026-05-16 17:56:30,780 INFO live_engine Calibrated-stake [SHADOW] BAL@WSH line=7.5 calibrated_edge=-0.0612 multiplier=0.500 base=$10.00 -> stake=$10.00 (shadow only -- stake unchanged)
2026-05-16 17:56:30,781 INFO live_engine EV policy [SHADOW] BAL@WSH line=7.5 allow=False p_win=0.585 p_fill=0.602 ev_if_filled=-2.10 ev_per_stake=-0.1262
2026-05-16 17:56:30,781 INFO live_engine Correlated-line spacing cap hit for BAL@WSH (line=7.5 within 1.5 of existing line=8.5) -- skipping
2026-05-16 17:56:34,741 INFO live_engine Calibrated-stake [SHADOW] BAL@WSH line=7.5 calibrated_edge=-0.0612 multiplier=0.500 base=$10.00 -> stake=$10.00 (shadow only -- stake unchanged)
2026-05-16 17:56:34,741 INFO live_engine EV policy [SHADOW] BAL@WSH line=7.5 allow=False p_win=0.590 p_fill=0.602 ev_if_filled=-2.13 ev_per_stake=-0.1283
2026-05-16 17:56:34,741 INFO live_engine Correlated-line spacing cap hit for BAL@WSH (line=7.5 within 1.5 of existing line=8.5) -- skipping
2026-05-16 17:56:38,692 INFO live_engine Calibrated-stake [SHADOW] BAL@WSH line=7.5 calibrated_edge=-0.0812 multiplier=0.500 base=$10.00 -> stake=$10.00 (shadow only -- stake unchanged)
2026-05-16 17:56:38,694 INFO live_engine EV policy [SHADOW] BAL@WSH line=7.5 allow=False p_win=0.615 p_fill=0.610 ev_if_filled=-1.91 ev_per_stake=-0.1166
2026-05-16 17:56:38,694 INFO live_engine Correlated-line spacing cap hit for BAL@WSH (line=7.5 within 1.5 of existing line=8.5) -- skipping
2026-05-16 17:56:42,718 INFO live_engine Calibrated-stake [SHADOW] BAL@WSH line=7.5 calibrated_edge=-0.0812 multiplier=0.500 base=$10.00 -> stake=$10.00 (shadow only -- stake unchanged)
2026-05-16 17:56:42,718 INFO live_engine EV policy [SHADOW] BAL@WSH line=7.5 allow=False p_win=0.610 p_fill=0.610 ev_if_filled=-1.86 ev_per_stake=-0.1138
2026-05-16 17:56:42,718 INFO live_engine Correlated-line spacing cap hit for BAL@WSH (line=7.5 within 1.5 of existing line=8.5) -- skipping
2026-05-16 17:56:46,691 INFO live_engine Calibrated-stake [SHADOW] BAL@WSH line=7.5 calibrated_edge=-0.0712 multiplier=0.500 base=$10.00 -> stake=$10.00 (shadow only -- stake unchanged)
2026-05-16 17:56:46,691 INFO live_engine EV policy [SHADOW] BAL@WSH line=7.5 allow=False p_win=0.601 p_fill=0.604 ev_if_filled=-1.99 ev_per_stake=-0.1202
2026-05-16 17:56:46,692 INFO live_engine Correlated-line spacing cap hit for BAL@WSH (line=7.5 within 1.5 of existing line=8.5) -- skipping
2026-05-16 17:56:50,660 INFO live_engine Calibrated-stake [SHADOW] BAL@WSH line=7.5 calibrated_edge=-0.0712 multiplier=0.500 base=$10.00 -> stake=$10.00 (shadow only -- stake unchanged)
2026-05-16 17:56:50,661 INFO live_engine EV policy [SHADOW] BAL@WSH line=7.5 allow=False p_win=0.600 p_fill=0.604 ev_if_filled=-2.00 ev_per_stake=-0.1207
2026-05-16 17:56:50,661 INFO live_engine Correlated-line spacing cap hit for BAL@WSH (line=7.5 within 1.5 of existing line=8.5) -- skipping
2026-05-16 17:56:54,620 INFO live_engine Calibrated-stake [SHADOW] BAL@WSH line=7.5 calibrated_edge=-0.0712 multiplier=0.500 base=$10.00 -> stake=$10.00 (shadow only -- stake unchanged)
2026-05-16 17:56:54,621 INFO live_engine EV policy [SHADOW] BAL@WSH line=7.5 allow=False p_win=0.596 p_fill=0.605 ev_if_filled=-1.95 ev_per_stake=-0.1178
2026-05-16 17:56:54,621 INFO live_engine Correlated-line spacing cap hit for BAL@WSH (line=7.5 within 1.5 of existing line=8.5) -- skipping
2026-05-16 17:56:58,597 INFO live_engine Calibrated-stake [SHADOW] BAL@WSH line=7.5 calibrated_edge=-0.0812 multiplier=0.500 base=$10.00 -> stake=$10.00 (shadow only -- stake unchanged)
2026-05-16 17:56:58,598 INFO live_engine EV policy [SHADOW] BAL@WSH line=7.5 allow=False p_win=0.585 p_fill=0.600 ev_if_filled=-1.77 ev_per_stake=-0.1061
2026-05-16 17:56:58,598 INFO live_engine Correlated-line spacing cap hit for BAL@WSH (line=7.5 within 1.5 of existing line=8.5) -- skipping
2026-05-16 17:56:59,115 DEBUG mlb_poly_monitor Market discovery attempted on 1 games; no new mappings this cycle.
2026-05-16 17:57:02,687 INFO live_engine Calibrated-stake [SHADOW] BAL@WSH line=7.5 calibrated_edge=-0.0612 multiplier=0.500 base=$10.00 -> stake=$10.00 (shadow only -- stake unchanged)
2026-05-16 17:57:02,688 INFO live_engine EV policy [SHADOW] BAL@WSH line=7.5 allow=False p_win=0.557 p_fill=0.585 ev_if_filled=-2.15 ev_per_stake=-0.1257
2026-05-16 17:57:02,688 INFO live_engine Correlated-line spacing cap hit for BAL@WSH (line=7.5 within 1.5 of existing line=8.5) -- skipping
2026-05-16 17:57:45,129 DEBUG signal_engine Skip BAL@WSH line=7.5: extreme edge in any inning (edge=0.261 > threshold=0.220  inn=7) - phantom-run risk
2026-05-16 17:57:45,224 DEBUG signal_engine Tape capture skip_2026-05-16_822737_7.5_047567: trades_5s=0 trades_30s=0 signed_30s=None ltp_ask_gap_3=-0.177 stale=359.127s raw_n=100 fetch_ok=True
2026-05-16 17:57:45,338 DEBUG signal_engine Family B capture skip_2026-05-16_822737_7.5_047567: ask_touch=500.0 bid_touch=4576.34 imb1=0.9015 imb5=0.5602 depth_below=500.0 depth_at=500.0 book_ok=True
2026-05-16 17:57:45,340 DEBUG signal_engine Family C capture skip_2026-05-16_822737_7.5_047567: ask_v5=-0.005115 ask_v30=-0.000973 mid_drift=-0.01 spread_ratio=0.2667 ask_vol=0.009258 buffer_n=120 window_30s_n=8
2026-05-16 17:57:45,345 DEBUG signal_engine Skip BAL@WSH line=6.5: Gate 8f saturation (base_fv=1.000 >= threshold=0.990) ask=0.870 | market CONFIRMS (ask>=0.85, likely real run)
2026-05-16 17:57:45,551 DEBUG signal_engine Tape capture skip_2026-05-16_822737_6.5_047573: trades_5s=0 trades_30s=0 signed_30s=None ltp_ask_gap_3=-0.3357 stale=58.346s raw_n=100 fetch_ok=True
2026-05-16 17:57:45,656 DEBUG signal_engine Family B capture skip_2026-05-16_822737_6.5_047573: ask_touch=508.0 bid_touch=8.0 imb1=0.0155 imb5=0.5072 depth_below=0 depth_at=0 book_ok=True
2026-05-16 17:57:45,657 DEBUG signal_engine Family C capture skip_2026-05-16_822737_6.5_047573: ask_v5=0.0 ask_v30=-0.000322 mid_drift=-0.01 spread_ratio=1.1707 ask_vol=0.0 buffer_n=120 window_30s_n=8
2026-05-16 17:58:28,445 DEBUG mlb_poly_monitor Polling 56 token books (4 active games)
2026-05-16 17:58:31,891 DEBUG mlb_poly_monitor Wrote 56 tick snapshots
2026-05-16 17:58:59,873 DEBUG mlb_poly_monitor Market discovery attempted on 1 games; no new mappings this cycle.
2026-05-16 17:59:57,442 INFO live_engine Calibrated-stake [SHADOW] BAL@WSH line=7.5 calibrated_edge=-0.0518 multiplier=0.500 base=$10.00 -> stake=$10.00 (shadow only -- stake unchanged)
2026-05-16 17:59:57,443 INFO live_engine EV policy [SHADOW] BAL@WSH line=7.5 allow=False p_win=0.574 p_fill=0.622 ev_if_filled=-1.92 ev_per_stake=-0.1193
2026-05-16 17:59:57,443 INFO live_engine Correlated-line spacing cap hit for BAL@WSH (line=7.5 within 1.5 of existing line=8.5) -- skipping
2026-05-16 18:00:59,296 INFO live_engine Calibrated-stake [SHADOW] BAL@WSH line=7.5 calibrated_edge=-0.0518 multiplier=0.500 base=$10.00 -> stake=$10.00 (shadow only -- stake unchanged)
2026-05-16 18:00:59,303 INFO live_engine EV policy [SHADOW] BAL@WSH line=7.5 allow=False p_win=0.589 p_fill=0.623 ev_if_filled=-2.05 ev_per_stake=-0.1275
2026-05-16 18:00:59,306 INFO live_engine Correlated-line spacing cap hit for BAL@WSH (line=7.5 within 1.5 of existing line=8.5) -- skipping
2026-05-16 18:00:59,830 DEBUG mlb_poly_monitor Market discovery attempted on 1 games; no new mappings this cycle.
2026-05-16 18:01:03,492 DEBUG signal_engine Tape capture skip_2026-05-16_822737_7.5_048883: trades_5s=0 trades_30s=0 signed_30s=None ltp_ask_gap_3=-0.2657 stale=256.276s raw_n=100 fetch_ok=True
2026-05-16 18:01:03,619 DEBUG signal_engine Family B capture skip_2026-05-16_822737_7.5_048883: ask_touch=10.0 bid_touch=22.63 imb1=0.6935 imb5=0.5765 depth_below=0 depth_at=0 book_ok=True
2026-05-16 18:01:03,621 DEBUG signal_engine Family C capture skip_2026-05-16_822737_7.5_048883: ask_v5=0.014588 ask_v30=0.003213 mid_drift=0.04 spread_ratio=2.2456 ask_vol=0.032923 buffer_n=120 window_30s_n=8
2026-05-16 18:01:38,298 DEBUG signal_engine Skip PHI@PIT line=6.5: blowout/blowout-adjacent gate (trailing=0 lead=5 inn=7 blowout_min=6 adj_min=4 mode=enforce arm=strict_block relax_pass=False) -- Poisson FV unreliable when trailing team shut out late
2026-05-16 18:01:38,490 DEBUG signal_engine Tape capture skip_2026-05-16_823382_6.5_049107: trades_5s=0 trades_30s=0 signed_30s=None ltp_ask_gap_3=-0.1857 stale=291.299s raw_n=100 fetch_ok=True
2026-05-16 18:01:38,629 DEBUG signal_engine Family B capture skip_2026-05-16_823382_6.5_049107: ask_touch=208.0 bid_touch=200.0 imb1=0.4902 imb5=0.4899 depth_below=0 depth_at=0 book_ok=True
2026-05-16 18:01:38,631 DEBUG signal_engine Family C capture skip_2026-05-16_823382_6.5_049107: ask_v5=0.0 ask_v30=0.004542 mid_drift=0.12 spread_ratio=0.2947 ask_vol=0.087505 buffer_n=120 window_30s_n=8
2026-05-16 18:01:54,080 DEBUG signal_engine Skip BAL@WSH line=6.5: Gate 8f saturation (base_fv=1.000 >= threshold=0.990) ask=0.840 | market AMBIGUOUS
2026-05-16 18:01:54,161 DEBUG signal_engine Tape capture skip_2026-05-16_822737_6.5_049221: trades_5s=0 trades_30s=0 signed_30s=None ltp_ask_gap_3=-0.3057 stale=307.08s raw_n=100 fetch_ok=True
2026-05-16 18:01:54,276 DEBUG signal_engine Family B capture skip_2026-05-16_822737_6.5_049221: ask_touch=1580.82 bid_touch=227.0 imb1=0.1256 imb5=0.4198 depth_below=0 depth_at=0 book_ok=True
2026-05-16 18:01:54,278 DEBUG signal_engine Family C capture skip_2026-05-16_822737_6.5_049221: ask_v5=0.0 ask_v30=-0.000642 mid_drift=-0.01 spread_ratio=0.7273 ask_vol=0.008345 buffer_n=120 window_30s_n=8
2026-05-16 18:01:54,286 DEBUG signal_engine Skip BAL@WSH line=7.5: extreme edge in any inning (edge=0.281 > threshold=0.220  inn=7) - phantom-run risk
2026-05-16 18:01:54,364 DEBUG signal_engine Tape capture skip_2026-05-16_822737_7.5_049229: trades_5s=0 trades_30s=0 signed_30s=None ltp_ask_gap_3=-0.1157 stale=307.282s raw_n=100 fetch_ok=True
2026-05-16 18:01:54,490 DEBUG signal_engine Family B capture skip_2026-05-16_822737_7.5_049229: ask_touch=508.0 bid_touch=4534.67 imb1=0.8993 imb5=0.5038 depth_below=0 depth_at=0 book_ok=True
2026-05-16 18:01:54,492 DEBUG signal_engine Family C capture skip_2026-05-16_822737_7.5_049229: ask_v5=0.0 ask_v30=-0.000957 mid_drift=-0.005 spread_ratio=0.5333 ask_vol=0.009258 buffer_n=120 window_30s_n=8
2026-05-16 18:03:00,707 DEBUG mlb_poly_monitor Market discovery attempted on 1 games; no new mappings this cycle.
2026-05-16 18:04:52,257 INFO live_engine Calibrated-stake [SHADOW] BAL@WSH line=7.5 calibrated_edge=-0.0425 multiplier=0.500 base=$10.00 -> stake=$10.00 (shadow only -- stake unchanged)
2026-05-16 18:04:52,258 INFO live_engine EV policy [SHADOW] BAL@WSH line=7.5 allow=False p_win=0.586 p_fill=0.667 ev_if_filled=-1.50 ev_per_stake=-0.1003
2026-05-16 18:04:52,258 INFO live_engine Correlated-line spacing cap hit for BAL@WSH (line=7.5 within 1.5 of existing line=8.5) -- skipping
2026-05-16 18:04:56,228 INFO live_engine Calibrated-stake [SHADOW] BAL@WSH line=7.5 calibrated_edge=-0.0525 multiplier=0.500 base=$10.00 -> stake=$10.00 (shadow only -- stake unchanged)
2026-05-16 18:04:56,229 INFO live_engine EV policy [SHADOW] BAL@WSH line=7.5 allow=False p_win=0.594 p_fill=0.665 ev_if_filled=-1.39 ev_per_stake=-0.0925
2026-05-16 18:04:56,230 INFO live_engine Correlated-line spacing cap hit for BAL@WSH (line=7.5 within 1.5 of existing line=8.5) -- skipping
2026-05-16 18:05:00,257 INFO live_engine Calibrated-stake [SHADOW] BAL@WSH line=7.5 calibrated_edge=-0.0525 multiplier=0.500 base=$10.00 -> stake=$10.00 (shadow only -- stake unchanged)
2026-05-16 18:05:00,258 INFO live_engine EV policy [SHADOW] BAL@WSH line=7.5 allow=False p_win=0.598 p_fill=0.665 ev_if_filled=-1.46 ev_per_stake=-0.0971
2026-05-16 18:05:00,258 INFO live_engine Correlated-line spacing cap hit for BAL@WSH (line=7.5 within 1.5 of existing line=8.5) -- skipping
2026-05-16 18:05:01,165 DEBUG mlb_poly_monitor Market discovery attempted on 1 games; no new mappings this cycle.
2026-05-16 18:05:04,785 INFO live_engine Calibrated-stake [SHADOW] BAL@WSH line=7.5 calibrated_edge=-0.0625 multiplier=0.500 base=$10.00 -> stake=$10.00 (shadow only -- stake unchanged)
2026-05-16 18:05:04,786 INFO live_engine EV policy [SHADOW] BAL@WSH line=7.5 allow=False p_win=0.600 p_fill=0.665 ev_if_filled=-1.30 ev_per_stake=-0.0866
2026-05-16 18:05:04,787 INFO live_engine Correlated-line spacing cap hit for BAL@WSH (line=7.5 within 1.5 of existing line=8.5) -- skipping
2026-05-16 18:05:08,772 INFO live_engine Calibrated-stake [SHADOW] BAL@WSH line=7.5 calibrated_edge=-0.0525 multiplier=0.500 base=$10.00 -> stake=$10.00 (shadow only -- stake unchanged)
2026-05-16 18:05:08,774 INFO live_engine EV policy [SHADOW] BAL@WSH line=7.5 allow=False p_win=0.594 p_fill=0.665 ev_if_filled=-1.40 ev_per_stake=-0.0929
2026-05-16 18:05:08,775 INFO live_engine Correlated-line spacing cap hit for BAL@WSH (line=7.5 within 1.5 of existing line=8.5) -- skipping
2026-05-16 18:05:12,739 INFO live_engine Skip BAL@WSH line=7.5: fresh execution book invalid (bid=0.610 ask=0.900 spread=0.290 max=0.200)
2026-05-16 18:05:16,724 INFO live_engine Calibrated-stake [SHADOW] BAL@WSH line=7.5 calibrated_edge=-0.0425 multiplier=0.500 base=$10.00 -> stake=$10.00 (shadow only -- stake unchanged)
2026-05-16 18:05:16,725 INFO live_engine EV policy [SHADOW] BAL@WSH line=7.5 allow=False p_win=0.584 p_fill=0.671 ev_if_filled=-1.41 ev_per_stake=-0.0947
2026-05-16 18:05:16,725 INFO live_engine Correlated-line spacing cap hit for BAL@WSH (line=7.5 within 1.5 of existing line=8.5) -- skipping
2026-05-16 18:05:20,682 INFO live_engine Calibrated-stake [SHADOW] BAL@WSH line=7.5 calibrated_edge=-0.0325 multiplier=0.500 base=$10.00 -> stake=$10.00 (shadow only -- stake unchanged)
2026-05-16 18:05:20,682 INFO live_engine EV policy [SHADOW] BAL@WSH line=7.5 allow=False p_win=0.570 p_fill=0.671 ev_if_filled=-1.49 ev_per_stake=-0.0999
2026-05-16 18:05:20,684 INFO live_engine Correlated-line spacing cap hit for BAL@WSH (line=7.5 within 1.5 of existing line=8.5) -- skipping
2026-05-16 18:05:32,412 INFO live_engine Calibrated-stake [SHADOW] BAL@WSH line=7.5 calibrated_edge=-0.0228 multiplier=0.500 base=$10.00 -> stake=$10.00 (shadow only -- stake unchanged)
2026-05-16 18:05:32,414 INFO live_engine EV policy [SHADOW] BAL@WSH line=7.5 allow=False p_win=0.603 p_fill=0.732 ev_if_filled=-1.00 ev_per_stake=-0.0730
2026-05-16 18:05:32,415 INFO live_engine Correlated-line spacing cap hit for BAL@WSH (line=7.5 within 1.5 of existing line=8.5) -- skipping
2026-05-16 18:05:47,961 INFO live_engine Calibrated-stake [SHADOW] BAL@WSH line=7.5 calibrated_edge=-0.0228 multiplier=0.500 base=$10.00 -> stake=$10.00 (shadow only -- stake unchanged)
2026-05-16 18:05:47,962 INFO live_engine EV policy [SHADOW] BAL@WSH line=7.5 allow=False p_win=0.603 p_fill=0.732 ev_if_filled=-1.01 ev_per_stake=-0.0736
2026-05-16 18:05:47,962 INFO live_engine Correlated-line spacing cap hit for BAL@WSH (line=7.5 within 1.5 of existing line=8.5) -- skipping
2026-05-16 18:05:51,965 INFO live_engine Skip BAL@WSH line=7.5: fresh execution book invalid (bid=0.610 ask=0.900 spread=0.290 max=0.200)
2026-05-16 18:05:55,954 INFO live_engine Calibrated-stake [SHADOW] BAL@WSH line=7.5 calibrated_edge=-0.0228 multiplier=0.500 base=$10.00 -> stake=$10.00 (shadow only -- stake unchanged)
2026-05-16 18:05:55,955 INFO live_engine EV policy [SHADOW] BAL@WSH line=7.5 allow=False p_win=0.614 p_fill=0.739 ev_if_filled=-0.97 ev_per_stake=-0.0717
2026-05-16 18:05:55,955 INFO live_engine Correlated-line spacing cap hit for BAL@WSH (line=7.5 within 1.5 of existing line=8.5) -- skipping
2026-05-16 18:06:46,237 INFO live_engine Calibrated-stake [SHADOW] BAL@WSH line=7.5 calibrated_edge=-0.0228 multiplier=0.500 base=$10.00 -> stake=$10.00 (shadow only -- stake unchanged)
2026-05-16 18:06:46,238 INFO live_engine EV policy [SHADOW] BAL@WSH line=7.5 allow=False p_win=0.624 p_fill=0.744 ev_if_filled=-0.96 ev_per_stake=-0.0712
2026-05-16 18:06:46,239 INFO live_engine Correlated-line spacing cap hit for BAL@WSH (line=7.5 within 1.5 of existing line=8.5) -- skipping
2026-05-16 18:06:50,200 INFO live_engine Calibrated-stake [SHADOW] BAL@WSH line=7.5 calibrated_edge=-0.0328 multiplier=0.500 base=$10.00 -> stake=$10.00 (shadow only -- stake unchanged)
2026-05-16 18:06:50,200 INFO live_engine EV policy [SHADOW] BAL@WSH line=7.5 allow=False p_win=0.626 p_fill=0.736 ev_if_filled=-0.93 ev_per_stake=-0.0688
2026-05-16 18:06:50,200 INFO live_engine Correlated-line spacing cap hit for BAL@WSH (line=7.5 within 1.5 of existing line=8.5) -- skipping
2026-05-16 18:07:02,334 DEBUG mlb_poly_monitor Market discovery attempted on 1 games; no new mappings this cycle.
2026-05-16 18:07:13,725 DEBUG signal_engine Tape capture skip_2026-05-16_822737_7.5_051294: trades_5s=0 trades_30s=94 signed_30s=3222.6839 ltp_ask_gap_3=0.07 stale=26.503s raw_n=100 fetch_ok=True
2026-05-16 18:07:13,861 DEBUG signal_engine Family B capture skip_2026-05-16_822737_7.5_051294: ask_touch=11.0 bid_touch=12.37 imb1=0.5293 imb5=0.9611 depth_below=0 depth_at=0 book_ok=True
2026-05-16 18:07:13,864 DEBUG signal_engine Family C capture skip_2026-05-16_822737_7.5_051294: ask_v5=0.018074 ask_v30=0.002241 mid_drift=0.0 spread_ratio=2.7826 ask_vol=0.024349 buffer_n=120 window_30s_n=8
2026-05-16 18:07:21,694 DEBUG live_engine Skip BAL@WSH line=7.5: cannot place resting limit while preserving min edge (ask=0.870 bid=0.770 fv=0.922)
2026-05-16 18:07:33,262 DEBUG signal_engine Skip BAL@WSH line=9.5: pace=(7.7/9inn) insufficient for line=9.5 (total=6 inn=7)
2026-05-16 18:07:33,476 DEBUG signal_engine Tape capture skip_2026-05-16_822737_9.5_051417: trades_5s=0 trades_30s=0 signed_30s=None ltp_ask_gap_3=0.24 stale=46.261s raw_n=100 fetch_ok=True
2026-05-16 18:07:33,593 DEBUG signal_engine Family B capture skip_2026-05-16_822737_9.5_051417: ask_touch=5295.0 bid_touch=18213.58 imb1=0.7748 imb5=0.6263 depth_below=0 depth_at=0 book_ok=True
2026-05-16 18:07:33,595 DEBUG signal_engine Family C capture skip_2026-05-16_822737_9.5_051417: ask_v5=0.0 ask_v30=0.005399 mid_drift=0.17 spread_ratio=0.2222 ask_vol=0.17824 buffer_n=120 window_30s_n=8
2026-05-16 18:08:39,236 DEBUG signal_engine Skip BAL@WSH line=7.5: Gate 8f saturation (base_fv=1.000 >= threshold=0.990) ask=0.910 | market CONFIRMS (ask>=0.85, likely real run)
2026-05-16 18:08:39,315 DEBUG signal_engine Tape capture skip_2026-05-16_822737_7.5_051854: trades_5s=0 trades_30s=0 signed_30s=None ltp_ask_gap_3=-0.07 stale=112.234s raw_n=100 fetch_ok=True
2026-05-16 18:08:39,445 DEBUG signal_engine Family B capture skip_2026-05-16_822737_7.5_051854: ask_touch=215.0 bid_touch=10.0 imb1=0.0444 imb5=0.1689 depth_below=215.0 depth_at=215.0 book_ok=True
2026-05-16 18:08:39,447 DEBUG signal_engine Family C capture skip_2026-05-16_822737_7.5_051854: ask_v5=0.010247 ask_v30=0.0 mid_drift=-0.005 spread_ratio=1.0787 ask_vol=0.026424 buffer_n=120 window_30s_n=8
2026-05-16 18:09:03,157 DEBUG mlb_poly_monitor Market discovery attempted on 1 games; no new mappings this cycle.
2026-05-16 18:11:07,024 DEBUG mlb_poly_monitor Market discovery attempted on 1 games; no new mappings this cycle.
2026-05-16 18:12:16,052 DEBUG signal_engine Skip BAL@WSH line=7.5: Gate 8f saturation (base_fv=1.000 >= threshold=0.990) ask=0.790 | market AMBIGUOUS
2026-05-16 18:12:16,276 DEBUG signal_engine Tape capture skip_2026-05-16_822737_7.5_053282: trades_5s=0 trades_30s=75 signed_30s=3448.3643 ltp_ask_gap_3=-0.1 stale=26.048s raw_n=100 fetch_ok=True
2026-05-16 18:12:16,394 DEBUG signal_engine Family B capture skip_2026-05-16_822737_7.5_053282: ask_touch=500.0 bid_touch=22723.78 imb1=0.9785 imb5=0.4961 depth_below=0 depth_at=0 book_ok=True
2026-05-16 18:12:16,396 DEBUG signal_engine Family C capture skip_2026-05-16_822737_7.5_053282: ask_v5=0.0 ask_v30=0.000324 mid_drift=0.01 spread_ratio=0.7619 ask_vol=0.015059 buffer_n=120 window_30s_n=8
2026-05-16 18:13:07,112 DEBUG mlb_poly_monitor Market discovery attempted on 1 games; no new mappings this cycle.
2026-05-16 18:14:35,705 DEBUG signal_engine Tape capture skip_2026-05-16_822737_9.5_054167: trades_5s=0 trades_30s=0 signed_30s=None ltp_ask_gap_3=0.06 stale=165.492s raw_n=100 fetch_ok=True
2026-05-16 18:14:35,817 DEBUG signal_engine Family B capture skip_2026-05-16_822737_9.5_054167: ask_touch=6143.24 bid_touch=8.0 imb1=0.0013 imb5=0.5209 depth_below=0 depth_at=0 book_ok=True
2026-05-16 18:14:35,819 DEBUG signal_engine Family C capture skip_2026-05-16_822737_9.5_054167: ask_v5=-0.007802 ask_v30=0.005179 mid_drift=0.15 spread_ratio=0.2689 ask_vol=0.136067 buffer_n=120 window_30s_n=8
2026-05-16 18:14:51,394 DEBUG signal_engine Tape capture skip_2026-05-16_822737_9.5_054262: trades_5s=0 trades_30s=0 signed_30s=None ltp_ask_gap_3=0.06 stale=181.316s raw_n=100 fetch_ok=True
2026-05-16 18:14:51,511 DEBUG signal_engine Family B capture skip_2026-05-16_822737_9.5_054262: ask_touch=6143.24 bid_touch=13806.12 imb1=0.6921 imb5=0.6279 depth_below=0 depth_at=0 book_ok=True
2026-05-16 18:14:51,513 DEBUG signal_engine Family C capture skip_2026-05-16_822737_9.5_054262: ask_v5=0.0 ask_v30=0.001921 mid_drift=0.115 spread_ratio=0.1538 ask_vol=0.079418 buffer_n=120 window_30s_n=8
2026-05-16 18:15:07,467 DEBUG mlb_poly_monitor Market discovery attempted on 1 games; no new mappings this cycle.
2026-05-16 18:15:53,540 INFO live_engine Calibrated-stake [SHADOW] BAL@WSH line=9.5 calibrated_edge=-0.0234 multiplier=0.500 base=$10.00 -> stake=$10.00 (shadow only -- stake unchanged)
2026-05-16 18:15:53,541 INFO live_engine EV policy [SHADOW] BAL@WSH line=9.5 allow=True p_win=0.672 p_fill=0.803 ev_if_filled=-0.12 ev_per_stake=-0.0094
2026-05-16 18:15:53,541 INFO live_engine Correlated-line spacing cap hit for BAL@WSH (line=9.5 within 1.5 of existing line=8.5) -- skipping
2026-05-16 18:15:57,538 INFO live_engine Calibrated-stake [SHADOW] BAL@WSH line=9.5 calibrated_edge=-0.0134 multiplier=0.500 base=$10.00 -> stake=$10.00 (shadow only -- stake unchanged)
2026-05-16 18:15:57,539 INFO live_engine EV policy [SHADOW] BAL@WSH line=9.5 allow=False p_win=0.668 p_fill=0.804 ev_if_filled=-0.32 ev_per_stake=-0.0254
2026-05-16 18:15:57,539 INFO live_engine Correlated-line spacing cap hit for BAL@WSH (line=9.5 within 1.5 of existing line=8.5) -- skipping
2026-05-16 18:16:01,530 INFO live_engine Calibrated-stake [SHADOW] BAL@WSH line=9.5 calibrated_edge=-0.0134 multiplier=0.500 base=$10.00 -> stake=$10.00 (shadow only -- stake unchanged)
2026-05-16 18:16:01,531 INFO live_engine EV policy [SHADOW] BAL@WSH line=9.5 allow=True p_win=0.674 p_fill=0.809 ev_if_filled=-0.24 ev_per_stake=-0.0191
2026-05-16 18:16:01,531 INFO live_engine Correlated-line spacing cap hit for BAL@WSH (line=9.5 within 1.5 of existing line=8.5) -- skipping
2026-05-16 18:16:05,482 INFO live_engine Calibrated-stake [SHADOW] BAL@WSH line=9.5 calibrated_edge=-0.0134 multiplier=0.500 base=$10.00 -> stake=$10.00 (shadow only -- stake unchanged)
2026-05-16 18:16:05,483 INFO live_engine EV policy [SHADOW] BAL@WSH line=9.5 allow=False p_win=0.677 p_fill=0.808 ev_if_filled=-0.32 ev_per_stake=-0.0260
2026-05-16 18:16:05,483 INFO live_engine Correlated-line spacing cap hit for BAL@WSH (line=9.5 within 1.5 of existing line=8.5) -- skipping
2026-05-16 18:16:09,473 INFO live_engine Calibrated-stake [SHADOW] BAL@WSH line=9.5 calibrated_edge=-0.0234 multiplier=0.500 base=$10.00 -> stake=$10.00 (shadow only -- stake unchanged)
2026-05-16 18:16:09,474 INFO live_engine EV policy [SHADOW] BAL@WSH line=9.5 allow=True p_win=0.686 p_fill=0.811 ev_if_filled=-0.20 ev_per_stake=-0.0160
2026-05-16 18:16:09,476 INFO live_engine Correlated-line spacing cap hit for BAL@WSH (line=9.5 within 1.5 of existing line=8.5) -- skipping
2026-05-16 18:16:13,449 INFO live_engine Calibrated-stake [SHADOW] BAL@WSH line=9.5 calibrated_edge=-0.0234 multiplier=0.500 base=$10.00 -> stake=$10.00 (shadow only -- stake unchanged)
2026-05-16 18:16:13,450 INFO live_engine EV policy [SHADOW] BAL@WSH line=9.5 allow=True p_win=0.687 p_fill=0.811 ev_if_filled=-0.18 ev_per_stake=-0.0149
2026-05-16 18:16:13,450 INFO live_engine Correlated-line spacing cap hit for BAL@WSH (line=9.5 within 1.5 of existing line=8.5) -- skipping
2026-05-16 18:16:17,441 INFO live_engine Calibrated-stake [SHADOW] BAL@WSH line=9.5 calibrated_edge=-0.0234 multiplier=0.500 base=$10.00 -> stake=$10.00 (shadow only -- stake unchanged)
2026-05-16 18:16:17,442 INFO live_engine EV policy [SHADOW] BAL@WSH line=9.5 allow=True p_win=0.689 p_fill=0.812 ev_if_filled=-0.16 ev_per_stake=-0.0128
2026-05-16 18:16:17,442 INFO live_engine Correlated-line spacing cap hit for BAL@WSH (line=9.5 within 1.5 of existing line=8.5) -- skipping
2026-05-16 18:16:21,478 INFO live_engine Calibrated-stake [SHADOW] BAL@WSH line=9.5 calibrated_edge=-0.0234 multiplier=0.500 base=$10.00 -> stake=$10.00 (shadow only -- stake unchanged)
2026-05-16 18:16:21,480 INFO live_engine EV policy [SHADOW] BAL@WSH line=9.5 allow=True p_win=0.689 p_fill=0.812 ev_if_filled=-0.15 ev_per_stake=-0.0123
2026-05-16 18:16:21,482 INFO live_engine Correlated-line spacing cap hit for BAL@WSH (line=9.5 within 1.5 of existing line=8.5) -- skipping
2026-05-16 18:16:25,521 INFO live_engine Calibrated-stake [SHADOW] BAL@WSH line=9.5 calibrated_edge=-0.0234 multiplier=0.500 base=$10.00 -> stake=$10.00 (shadow only -- stake unchanged)
2026-05-16 18:16:25,522 INFO live_engine EV policy [SHADOW] BAL@WSH line=9.5 allow=True p_win=0.689 p_fill=0.812 ev_if_filled=-0.16 ev_per_stake=-0.0134
2026-05-16 18:16:25,522 INFO live_engine Correlated-line spacing cap hit for BAL@WSH (line=9.5 within 1.5 of existing line=8.5) -- skipping
2026-05-16 18:16:29,363 DEBUG signal_engine Gate 8e conditional relax APPLIED PHI@PIT line=5.5 (mode=enforce arm=enforce trail=0 lead=5 inn=8 ask=0.998 rn=0.50)
2026-05-16 18:16:29,364 DEBUG signal_engine Skip PHI@PIT line=5.5: Gate 8f saturation (base_fv=1.000 >= threshold=0.990) ask=0.998 | market CONFIRMS (ask>=0.85, likely real run)
2026-05-16 18:16:29,565 DEBUG signal_engine Tape capture skip_2026-05-16_823382_5.5_054861: trades_5s=0 trades_30s=0 signed_30s=None ltp_ask_gap_3=-0.308 stale=279.363s raw_n=100 fetch_ok=True
2026-05-16 18:16:29,677 DEBUG signal_engine Family B capture skip_2026-05-16_823382_5.5_054861: ask_touch=192.14 bid_touch=5638.4 imb1=0.967 imb5=0.9572 depth_below=269.25 depth_at=269.25 book_ok=True
2026-05-16 18:16:29,679 DEBUG signal_engine Family C capture skip_2026-05-16_823382_5.5_054861: ask_v5=0.0 ask_v30=0.010654 mid_drift=0.3525 spread_ratio=0.0616 ask_vol=0.167616 buffer_n=120 window_30s_n=8
2026-05-16 18:16:29,762 DEBUG signal_engine Tape capture skip_2026-05-16_822737_9.5_054864: trades_5s=0 trades_30s=0 signed_30s=None ltp_ask_gap_3=-0.07 stale=279.681s raw_n=100 fetch_ok=True
2026-05-16 18:16:29,886 DEBUG signal_engine Family B capture skip_2026-05-16_822737_9.5_054864: ask_touch=12.0 bid_touch=4660.62 imb1=0.9974 imb5=0.3061 depth_below=0 depth_at=0 book_ok=True
2026-05-16 18:16:29,888 DEBUG signal_engine Family C capture skip_2026-05-16_822737_9.5_054864: ask_v5=0.011633 ask_v30=0.002123 mid_drift=0.035 spread_ratio=2.1176 ask_vol=0.019226 buffer_n=120 window_30s_n=8
2026-05-16 18:16:33,871 INFO live_engine Calibrated-stake [SHADOW] BAL@WSH line=9.5 calibrated_edge=-0.0434 multiplier=0.500 base=$10.00 -> stake=$10.00 (shadow only -- stake unchanged)
2026-05-16 18:16:33,872 INFO live_engine EV policy [SHADOW] BAL@WSH line=9.5 allow=True p_win=0.706 p_fill=0.814 ev_if_filled=0.08 ev_per_stake=0.0067
2026-05-16 18:16:33,872 INFO live_engine Correlated-line spacing cap hit for BAL@WSH (line=9.5 within 1.5 of existing line=8.5) -- skipping
2026-05-16 18:16:37,854 INFO live_engine Calibrated-stake [SHADOW] BAL@WSH line=9.5 calibrated_edge=-0.0234 multiplier=0.500 base=$10.00 -> stake=$10.00 (shadow only -- stake unchanged)
2026-05-16 18:16:37,855 INFO live_engine EV policy [SHADOW] BAL@WSH line=9.5 allow=True p_win=0.689 p_fill=0.812 ev_if_filled=-0.16 ev_per_stake=-0.0129
2026-05-16 18:16:37,855 INFO live_engine Correlated-line spacing cap hit for BAL@WSH (line=9.5 within 1.5 of existing line=8.5) -- skipping
2026-05-16 18:16:37,858 DEBUG signal_engine Skip PHI@PIT line=6.5: blowout/blowout-adjacent gate (trailing=0 lead=5 inn=8 blowout_min=6 adj_min=4 mode=enforce arm=strict_block relax_pass=False) -- Poisson FV unreliable when trailing team shut out late
2026-05-16 18:16:38,043 DEBUG signal_engine Tape capture skip_2026-05-16_823382_6.5_054933: trades_5s=0 trades_30s=0 signed_30s=None ltp_ask_gap_3=-0.01 stale=287.858s raw_n=100 fetch_ok=True
2026-05-16 18:16:38,171 DEBUG signal_engine Family B capture skip_2026-05-16_823382_6.5_054933: ask_touch=1055.08 bid_touch=177.0 imb1=0.1437 imb5=0.0625 depth_below=0 depth_at=0 book_ok=True
2026-05-16 18:16:38,173 DEBUG signal_engine Family C capture skip_2026-05-16_823382_6.5_054933: ask_v5=-0.002513 ask_v30=0.009161 mid_drift=0.25 spread_ratio=0.2246 ask_vol=0.09838 buffer_n=120 window_30s_n=8
2026-05-16 18:16:42,141 INFO live_engine Calibrated-stake [SHADOW] BAL@WSH line=9.5 calibrated_edge=-0.0234 multiplier=0.500 base=$10.00 -> stake=$10.00 (shadow only -- stake unchanged)
2026-05-16 18:16:42,142 INFO live_engine EV policy [SHADOW] BAL@WSH line=9.5 allow=True p_win=0.689 p_fill=0.812 ev_if_filled=-0.16 ev_per_stake=-0.0128
2026-05-16 18:16:42,142 INFO live_engine Correlated-line spacing cap hit for BAL@WSH (line=9.5 within 1.5 of existing line=8.5) -- skipping
2026-05-16 18:16:53,863 INFO live_engine Calibrated-stake [SHADOW] BAL@WSH line=9.5 calibrated_edge=-0.0134 multiplier=0.500 base=$10.00 -> stake=$10.00 (shadow only -- stake unchanged)
2026-05-16 18:16:53,863 INFO live_engine EV policy [SHADOW] BAL@WSH line=9.5 allow=True p_win=0.675 p_fill=0.810 ev_if_filled=-0.22 ev_per_stake=-0.0178
2026-05-16 18:16:53,864 INFO live_engine Correlated-line spacing cap hit for BAL@WSH (line=9.5 within 1.5 of existing line=8.5) -- skipping
2026-05-16 18:16:57,890 INFO live_engine Calibrated-stake [SHADOW] BAL@WSH line=9.5 calibrated_edge=-0.0134 multiplier=0.500 base=$10.00 -> stake=$10.00 (shadow only -- stake unchanged)
2026-05-16 18:16:57,891 INFO live_engine EV policy [SHADOW] BAL@WSH line=9.5 allow=True p_win=0.674 p_fill=0.813 ev_if_filled=-0.24 ev_per_stake=-0.0191
2026-05-16 18:16:57,891 INFO live_engine Correlated-line spacing cap hit for BAL@WSH (line=9.5 within 1.5 of existing line=8.5) -- skipping
2026-05-16 18:17:01,885 INFO live_engine Calibrated-stake [SHADOW] BAL@WSH line=9.5 calibrated_edge=-0.0134 multiplier=0.500 base=$10.00 -> stake=$10.00 (shadow only -- stake unchanged)
2026-05-16 18:17:01,886 INFO live_engine EV policy [SHADOW] BAL@WSH line=9.5 allow=False p_win=0.672 p_fill=0.811 ev_if_filled=-0.26 ev_per_stake=-0.0210
2026-05-16 18:17:01,886 INFO live_engine Correlated-line spacing cap hit for BAL@WSH (line=9.5 within 1.5 of existing line=8.5) -- skipping
2026-05-16 18:17:05,854 INFO live_engine Calibrated-stake [SHADOW] BAL@WSH line=9.5 calibrated_edge=-0.0134 multiplier=0.500 base=$10.00 -> stake=$10.00 (shadow only -- stake unchanged)
2026-05-16 18:17:05,855 INFO live_engine EV policy [SHADOW] BAL@WSH line=9.5 allow=False p_win=0.672 p_fill=0.811 ev_if_filled=-0.25 ev_per_stake=-0.0207
2026-05-16 18:17:05,856 INFO live_engine Correlated-line spacing cap hit for BAL@WSH (line=9.5 within 1.5 of existing line=8.5) -- skipping
2026-05-16 18:17:09,811 INFO live_engine Calibrated-stake [SHADOW] BAL@WSH line=9.5 calibrated_edge=-0.0134 multiplier=0.500 base=$10.00 -> stake=$10.00 (shadow only -- stake unchanged)
2026-05-16 18:17:09,813 INFO live_engine EV policy [SHADOW] BAL@WSH line=9.5 allow=False p_win=0.673 p_fill=0.811 ev_if_filled=-0.25 ev_per_stake=-0.0203
2026-05-16 18:17:09,813 INFO live_engine Correlated-line spacing cap hit for BAL@WSH (line=9.5 within 1.5 of existing line=8.5) -- skipping
2026-05-16 18:17:10,724 DEBUG mlb_poly_monitor Market discovery attempted on 1 games; no new mappings this cycle.
2026-05-16 18:17:14,292 INFO live_engine Calibrated-stake [SHADOW] BAL@WSH line=9.5 calibrated_edge=+0.0066 multiplier=0.544 base=$10.00 -> stake=$10.00 (shadow only -- stake unchanged)
2026-05-16 18:17:14,293 INFO live_engine EV policy [SHADOW] BAL@WSH line=9.5 allow=False p_win=0.621 p_fill=0.822 ev_if_filled=-0.73 ev_per_stake=-0.0597
2026-05-16 18:17:14,294 INFO live_engine Correlated-line spacing cap hit for BAL@WSH (line=9.5 within 1.5 of existing line=8.5) -- skipping
2026-05-16 18:17:18,269 INFO live_engine Calibrated-stake [SHADOW] BAL@WSH line=9.5 calibrated_edge=+0.0066 multiplier=0.544 base=$10.00 -> stake=$10.00 (shadow only -- stake unchanged)
2026-05-16 18:17:18,270 INFO live_engine EV policy [SHADOW] BAL@WSH line=9.5 allow=False p_win=0.622 p_fill=0.822 ev_if_filled=-0.72 ev_per_stake=-0.0591
2026-05-16 18:17:18,270 INFO live_engine Correlated-line spacing cap hit for BAL@WSH (line=9.5 within 1.5 of existing line=8.5) -- skipping
2026-05-16 18:17:22,353 DEBUG live_engine Skip BAL@WSH line=9.5: cannot place resting limit while preserving min edge (ask=0.680 bid=0.670 fv=0.894)
2026-05-16 18:17:26,319 INFO live_engine Calibrated-stake [SHADOW] BAL@WSH line=9.5 calibrated_edge=-0.0034 multiplier=0.500 base=$10.00 -> stake=$10.00 (shadow only -- stake unchanged)
2026-05-16 18:17:26,322 INFO live_engine EV policy [SHADOW] BAL@WSH line=9.5 allow=False p_win=0.637 p_fill=0.824 ev_if_filled=-0.63 ev_per_stake=-0.0519
2026-05-16 18:17:26,325 INFO live_engine Correlated-line spacing cap hit for BAL@WSH (line=9.5 within 1.5 of existing line=8.5) -- skipping
2026-05-16 18:17:30,230 DEBUG signal_engine Gate 8e conditional relax APPLIED PHI@PIT line=6.5 (mode=enforce arm=enforce trail=0 lead=6 inn=8 ask=0.700 rn=0.50)
2026-05-16 18:17:30,231 DEBUG signal_engine Skip PHI@PIT line=6.5: Gate 8f saturation (base_fv=1.000 >= threshold=0.990) ask=0.700 | market AMBIGUOUS
2026-05-16 18:17:30,322 DEBUG signal_engine Tape capture skip_2026-05-16_823382_6.5_055238: trades_5s=0 trades_30s=0 signed_30s=None ltp_ask_gap_3=-0.01 stale=340.23s raw_n=100 fetch_ok=True
2026-05-16 18:17:30,442 DEBUG signal_engine Family B capture skip_2026-05-16_823382_6.5_055238: ask_touch=26.0 bid_touch=12.0 imb1=0.3158 imb5=0.0775 depth_below=0 depth_at=0 book_ok=True
2026-05-16 18:17:30,445 DEBUG signal_engine Family C capture skip_2026-05-16_823382_6.5_055238: ask_v5=0.0 ask_v30=0.000351 mid_drift=-0.025 spread_ratio=1.0127 ask_vol=0.06424 buffer_n=120 window_30s_n=8
2026-05-16 18:17:30,566 INFO live_engine Calibrated-stake [SHADOW] BAL@WSH line=9.5 calibrated_edge=-0.0034 multiplier=0.500 base=$10.00 -> stake=$10.00 (shadow only -- stake unchanged)
2026-05-16 18:17:30,567 INFO live_engine EV policy [SHADOW] BAL@WSH line=9.5 allow=False p_win=0.637 p_fill=0.824 ev_if_filled=-0.64 ev_per_stake=-0.0524
2026-05-16 18:17:30,567 INFO live_engine Correlated-line spacing cap hit for BAL@WSH (line=9.5 within 1.5 of existing line=8.5) -- skipping
2026-05-16 18:17:34,521 DEBUG live_engine Skip BAL@WSH line=9.5: cannot place resting limit while preserving min edge (ask=0.680 bid=0.670 fv=0.894)
2026-05-16 18:17:38,488 DEBUG live_engine Skip BAL@WSH line=9.5: cannot place resting limit while preserving min edge (ask=0.680 bid=0.670 fv=0.894)
2026-05-16 18:17:42,525 INFO live_engine Calibrated-stake [SHADOW] BAL@WSH line=9.5 calibrated_edge=+0.0066 multiplier=0.544 base=$10.00 -> stake=$10.00 (shadow only -- stake unchanged)
2026-05-16 18:17:42,526 INFO live_engine EV policy [SHADOW] BAL@WSH line=9.5 allow=False p_win=0.620 p_fill=0.823 ev_if_filled=-0.74 ev_per_stake=-0.0613
2026-05-16 18:17:42,526 INFO live_engine Correlated-line spacing cap hit for BAL@WSH (line=9.5 within 1.5 of existing line=8.5) -- skipping
2026-05-16 18:17:46,513 INFO live_engine Calibrated-stake [SHADOW] BAL@WSH line=9.5 calibrated_edge=-0.0434 multiplier=0.500 base=$10.00 -> stake=$10.00 (shadow only -- stake unchanged)
2026-05-16 18:17:46,514 INFO live_engine EV policy [SHADOW] BAL@WSH line=9.5 allow=True p_win=0.686 p_fill=0.805 ev_if_filled=-0.05 ev_per_stake=-0.0043
2026-05-16 18:17:46,514 INFO live_engine Correlated-line spacing cap hit for BAL@WSH (line=9.5 within 1.5 of existing line=8.5) -- skipping
2026-05-16 18:17:50,481 INFO live_engine Calibrated-stake [SHADOW] BAL@WSH line=9.5 calibrated_edge=-0.0434 multiplier=0.500 base=$10.00 -> stake=$10.00 (shadow only -- stake unchanged)
2026-05-16 18:17:50,482 INFO live_engine EV policy [SHADOW] BAL@WSH line=9.5 allow=True p_win=0.673 p_fill=0.805 ev_if_filled=0.20 ev_per_stake=0.0160
2026-05-16 18:17:50,482 INFO live_engine Correlated-line spacing cap hit for BAL@WSH (line=9.5 within 1.5 of existing line=8.5) -- skipping
2026-05-16 18:17:54,479 INFO live_engine Calibrated-stake [SHADOW] BAL@WSH line=9.5 calibrated_edge=-0.0234 multiplier=0.500 base=$10.00 -> stake=$10.00 (shadow only -- stake unchanged)
2026-05-16 18:17:54,480 INFO live_engine EV policy [SHADOW] BAL@WSH line=9.5 allow=True p_win=0.658 p_fill=0.806 ev_if_filled=-0.02 ev_per_stake=-0.0018
2026-05-16 18:17:54,480 INFO live_engine Correlated-line spacing cap hit for BAL@WSH (line=9.5 within 1.5 of existing line=8.5) -- skipping
2026-05-16 18:17:58,352 DEBUG signal_engine Skip BAL@WSH line=9.5: extreme edge in any inning (edge=0.224 > threshold=0.220  inn=7) - phantom-run risk
2026-05-16 18:17:58,428 DEBUG signal_engine Tape capture skip_2026-05-16_822737_9.5_055409: trades_5s=0 trades_30s=0 signed_30s=None ltp_ask_gap_3=0.02 stale=368.349s raw_n=100 fetch_ok=True
2026-05-16 18:17:58,573 DEBUG signal_engine Family B capture skip_2026-05-16_822737_9.5_055409: ask_touch=500.0 bid_touch=11633.6 imb1=0.9588 imb5=0.4936 depth_below=0 depth_at=0 book_ok=True
2026-05-16 18:17:58,575 DEBUG signal_engine Family C capture skip_2026-05-16_822737_9.5_055409: ask_v5=-0.010001 ask_v30=-0.000717 mid_drift=-0.025 spread_ratio=0.5714 ask_vol=0.023867 buffer_n=120 window_30s_n=8
2026-05-16 18:17:59,024 DEBUG mlb_poly_monitor Polling 56 token books (4 active games)
2026-05-16 18:18:02,477 DEBUG mlb_poly_monitor Wrote 56 tick snapshots
2026-05-16 18:18:49,019 DEBUG signal_engine Tape capture skip_2026-05-16_822737_10.5_055718: trades_5s=0 trades_30s=0 signed_30s=None ltp_ask_gap_3=-0.2527 stale=119.81s raw_n=100 fetch_ok=True
2026-05-16 18:18:49,138 DEBUG signal_engine Family B capture skip_2026-05-16_822737_10.5_055718: ask_touch=21.0 bid_touch=8.0 imb1=0.2759 imb5=0.6329 depth_below=0 depth_at=0 book_ok=True
2026-05-16 18:18:49,141 DEBUG signal_engine Family C capture skip_2026-05-16_822737_10.5_055718: ask_v5=-0.057188 ask_v30=0.006791 mid_drift=0.2 spread_ratio=0.5333 ask_vol=0.117769 buffer_n=120 window_30s_n=8
2026-05-16 18:19:12,932 DEBUG mlb_poly_monitor Market discovery attempted on 1 games; no new mappings this cycle.
2026-05-16 18:19:35,743 DEBUG signal_engine Skip BAL@WSH line=9.5: Gate 8f saturation (base_fv=1.000 >= threshold=0.990) ask=0.890 | market CONFIRMS (ask>=0.85, likely real run)
2026-05-16 18:19:35,968 DEBUG signal_engine Tape capture skip_2026-05-16_822737_9.5_055976: trades_5s=0 trades_30s=0 signed_30s=None ltp_ask_gap_3=-0.4427 stale=166.742s raw_n=100 fetch_ok=True
2026-05-16 18:19:36,097 DEBUG signal_engine Family B capture skip_2026-05-16_822737_9.5_055976: ask_touch=10.0 bid_touch=10.0 imb1=0.5 imb5=0.2865 depth_below=0 depth_at=0 book_ok=True
2026-05-16 18:19:36,099 DEBUG signal_engine Family C capture skip_2026-05-16_822737_9.5_055976: ask_v5=0.0 ask_v30=-0.000642 mid_drift=0.01 spread_ratio=0.7417 ask_vol=0.051669 buffer_n=120 window_30s_n=8
2026-05-16 18:19:40,058 DEBUG signal_engine Tape capture skip_2026-05-16_822737_10.5_056019: trades_5s=0 trades_30s=0 signed_30s=None ltp_ask_gap_3=-0.3027 stale=170.973s raw_n=100 fetch_ok=True
2026-05-16 18:19:40,170 DEBUG signal_engine Family B capture skip_2026-05-16_822737_10.5_056019: ask_touch=10.0 bid_touch=10.0 imb1=0.5 imb5=0.7895 depth_below=0 depth_at=0 book_ok=True
2026-05-16 18:19:40,172 DEBUG signal_engine Family C capture skip_2026-05-16_822737_10.5_056019: ask_v5=0.0 ask_v30=-0.001269 mid_drift=0.08 spread_ratio=0.5802 ask_vol=0.109512 buffer_n=120 window_30s_n=8
2026-05-16 18:19:59,599 INFO live_engine Calibrated-stake [SHADOW] BAL@WSH line=10.5 calibrated_edge=-0.0533 multiplier=0.500 base=$10.00 -> stake=$10.00 (shadow only -- stake unchanged)
2026-05-16 18:19:59,600 INFO live_engine EV policy [SHADOW] BAL@WSH line=10.5 allow=False p_win=0.659 p_fill=0.788 ev_if_filled=-0.59 ev_per_stake=-0.0462
2026-05-16 18:19:59,600 INFO live_engine LIVE BET [2026-05-16_822737_10.5_0002] BAL@WSH O/U 10.5 OVER | decision_ask=0.740  exec_bid=0.580  exec_ask=0.760  spread=0.180  ltp=0.480  limit=0.700 | FV=0.900 (base=0.887 S2=+0.117 S3=+0.019) | edge=0.160 | inn=B7  outs=1  score=3-6  rn=1.5  runners=3 | stake=$10.00 shares=14.2857 (flat)
2026-05-16 18:20:00,032 DEBUG polymarket_client Order posted: price=0.700  shares=14.2857  max_cost=$10.00  sign=297ms  post=134ms  resp={'errorMsg': '', 'orderID': '0x0549845f50f958f6237c604778268895c65d6295a3ffbb750ace90d9d909e8fe', 'takingAmount': '', 'makingAmount': '', 'status': 'live', 'success': True}
2026-05-16 18:20:00,032 INFO polymarket_client Order accepted: id=0x0549845f50f958f6237c604778268895c65d6295a3ffbb750ace90d9d909e8fe  status=live  price=0.700  shares=14.2857  max_cost=$10.00  sign=297ms  post=134ms
2026-05-16 18:20:00,034 INFO live_engine ORDER PLACED [2026-05-16_822737_10.5_0002] order_id=0x0549845f50f958f6237c604778268895c65d6295a3ffbb750ace90d9d909e8fe  status=live raw_status=live  sign_ms=297  post_ms=134
2026-05-16 18:20:00,124 DEBUG signal_engine Tape capture 2026-05-16_822737_10.5_0002: trades_5s=0 trades_30s=0 signed_30s=None ltp_ask_gap_3=-0.2927 stale=190.47s raw_n=100 fetch_ok=True
2026-05-16 18:20:00,239 DEBUG signal_engine Family B capture 2026-05-16_822737_10.5_0002: ask_touch=8.0 bid_touch=14.28 imb1=0.6409 imb5=0.4974 depth_below=0 depth_at=0 book_ok=True
2026-05-16 18:20:00,241 DEBUG signal_engine Family C capture 2026-05-16_822737_10.5_0002: ask_v5=-0.002576 ask_v30=-0.006666 mid_drift=-0.075 spread_ratio=0.8636 ask_vol=0.019272 buffer_n=120 window_30s_n=8
2026-05-16 18:20:00,243 DEBUG signal_engine Book capture started: 2026-05-16_822737_10.5_0002  token=996333944568...472989  duration=120s interval=1.0s
2026-05-16 18:20:00,364 DEBUG live_engine Ask-reversal monitor [2026-05-16_822737_10.5_0002] age=0.2s  entry_ask=0.740  current_ask=0.770  drop=-0.030  threshold=0.080
2026-05-16 18:20:00,484 DEBUG live_engine FV check [2026-05-16_822737_10.5_0002] age=0.4s < min_age=90.0s -- hold period active
2026-05-16 18:20:04,460 DEBUG live_engine Ask-reversal monitor [2026-05-16_822737_10.5_0002] age=4.3s  entry_ask=0.740  current_ask=0.790  drop=-0.050  threshold=0.080
2026-05-16 18:20:08,479 DEBUG live_engine Ask-reversal monitor [2026-05-16_822737_10.5_0002] age=8.3s  entry_ask=0.740  current_ask=0.770  drop=-0.030  threshold=0.080
2026-05-16 18:20:08,479 INFO live_engine Ask-reversal window expired [2026-05-16_822737_10.5_0002] entry_ask=0.740  window=5.0s  current_ask=0.770  drop=-0.030  (threshold=0.080  window=5s -- no cancel triggered)
2026-05-16 18:20:08,479 DEBUG live_engine Suppressed duplicate live ledger event bet_id=2026-05-16_822737_10.5_0002 order_id=0x0549845f50f958f6237c604778268895c65d6295a3ffbb750ace90d9d909e8fe event=live
2026-05-16 18:20:08,663 DEBUG live_engine FV check [2026-05-16_822737_10.5_0002] age=8.6s < min_age=90.0s -- hold period active
2026-05-16 18:20:12,653 DEBUG live_engine Ask-reversal monitor [2026-05-16_822737_10.5_0002] age=12.5s  entry_ask=0.740  current_ask=0.810  drop=-0.070  threshold=0.080
2026-05-16 18:20:16,690 DEBUG live_engine FV check [2026-05-16_822737_10.5_0002] age=16.7s < min_age=90.0s -- hold period active
2026-05-16 18:20:24,550 INFO live_engine ORDER FILLED [2026-05-16_822737_10.5_0002] order_id=0x0549845f50f958f6237c604778268895c65d6295a3ffbb750ace90d9d909e8fe  fill_price=0.700  size=14.28
2026-05-16 18:20:36,112 DEBUG signal_engine runtime debug rollup: events=847 unique_keys=32 by_kind={'inference_fallback': 173, 'stage2_adj': 337, 'stage3_adj': 337}
2026-05-16 18:20:36,112 DEBUG signal_engine runtime debug rollup detail kind=stage2_adj count=95 game=BAL@WSH line=7.5 inning=7 state=T7|outs=0|score=2-4|runners=1 source_key=Nationals Park example=Stage-2 adj BAL@WSH line=7.5 inn=7: fv=0.962 -> 0.964  (delta=+0.054  weather_source='weather_v2:open-meteo:ok:usable'  park='Nationals Park'  temp_bin='80+F'  wind_bin='out_10plus')
2026-05-16 18:20:36,112 DEBUG signal_engine runtime debug rollup detail kind=stage3_adj count=95 game=BAL@WSH line=7.5 inning=7 state=T7|outs=0|score=2-4|runners=1 source_key=BAL-WSH|2026-05-16 example=Stage-3 adj BAL@WSH line=7.5 inn=7: s1+s2_fv=0.964 -> adj_fv=0.965  (delta=+0.019  away_rpg=4.05  home_rpg=4.96  expected=9.00 vs avg=8.89)
2026-05-16 18:20:36,112 DEBUG signal_engine runtime debug rollup detail kind=stage2_adj count=63 game=BAL@WSH line=7.5 inning=7 state=T7|outs=1|score=2-4|runners=1 source_key=Nationals Park example=Stage-2 adj BAL@WSH line=7.5 inn=7: fv=0.947 -> 0.950  (delta=+0.054  weather_source='weather_v2:open-meteo:ok:usable'  park='Nationals Park'  temp_bin='80+F'  wind_bin='out_10plus')
2026-05-16 18:20:36,113 DEBUG signal_engine runtime debug rollup detail kind=stage3_adj count=63 game=BAL@WSH line=7.5 inning=7 state=T7|outs=1|score=2-4|runners=1 source_key=BAL-WSH|2026-05-16 example=Stage-3 adj BAL@WSH line=7.5 inn=7: s1+s2_fv=0.950 -> adj_fv=0.951  (delta=+0.019  away_rpg=4.05  home_rpg=4.96  expected=9.00 vs avg=8.89)
2026-05-16 18:20:36,113 DEBUG signal_engine runtime debug rollup detail kind=stage2_adj count=56 game=BAL@WSH line=7.5 inning=7 state=T7|outs=2|score=2-4|runners=1 source_key=Nationals Park example=Stage-2 adj BAL@WSH line=7.5 inn=7: fv=0.926 -> 0.930  (delta=+0.054  weather_source='weather_v2:open-meteo:ok:usable'  park='Nationals Park'  temp_bin='80+F'  wind_bin='out_10plus')
2026-05-16 18:20:36,113 DEBUG signal_engine runtime debug rollup detail kind=stage3_adj count=56 game=BAL@WSH line=7.5 inning=7 state=T7|outs=2|score=2-4|runners=1 source_key=BAL-WSH|2026-05-16 example=Stage-3 adj BAL@WSH line=7.5 inn=7: s1+s2_fv=0.930 -> adj_fv=0.931  (delta=+0.019  away_rpg=4.05  home_rpg=4.96  expected=9.00 vs avg=8.89)
2026-05-16 18:20:36,113 DEBUG signal_engine runtime debug rollup detail kind=inference_fallback count=44 game=BAL@WSH line=7.5 inning=7 state=T7|outs=2|score=2-4|runners=3 source_key=po75 example=inference fallback BAL@WSH line=7.5: cell=3_4_7_T_2_0 level=1 label=bases_empty (line_mode=exact src=po75)
2026-05-16 18:20:36,113 DEBUG signal_engine runtime debug rollup detail kind=stage2_adj count=44 game=BAL@WSH line=7.5 inning=7 state=T7|outs=2|score=2-4|runners=3 source_key=Nationals Park example=Stage-2 adj BAL@WSH line=7.5 inn=7: fv=0.916 -> 0.920  (delta=+0.054  weather_source='weather_v2:open-meteo:ok:usable'  park='Nationals Park'  temp_bin='80+F'  wind_bin='out_10plus')
2026-05-16 18:20:36,113 DEBUG signal_engine runtime debug rollup detail kind=stage3_adj count=44 game=BAL@WSH line=7.5 inning=7 state=T7|outs=2|score=2-4|runners=3 source_key=BAL-WSH|2026-05-16 example=Stage-3 adj BAL@WSH line=7.5 inn=7: s1+s2_fv=0.920 -> adj_fv=0.922  (delta=+0.019  away_rpg=4.05  home_rpg=4.96  expected=9.00 vs avg=8.89)
2026-05-16 18:20:36,113 DEBUG signal_engine runtime debug rollup detail kind=inference_fallback count=30 game=BAL@WSH line=9.5 inning=7 state=B7|outs=1|score=3-5|runners=5 source_key=po95 example=inference fallback BAL@WSH line=9.5: cell=3_6_7_B_1_0 level=1 label=bases_empty (line_mode=exact src=po95)
2026-05-16 18:20:36,113 DEBUG signal_engine runtime debug rollup detail kind=stage2_adj count=30 game=BAL@WSH line=9.5 inning=7 state=B7|outs=1|score=3-5|runners=5 source_key=Nationals Park example=Stage-2 adj BAL@WSH line=9.5 inn=7: fv=0.887 -> 0.892  (delta=+0.051  weather_source='weather_v2:open-meteo:ok:usable'  park='Nationals Park'  temp_bin='80+F'  wind_bin='out_10plus')
2026-05-16 18:20:36,113 DEBUG signal_engine runtime debug rollup detail kind=stage3_adj count=30 game=BAL@WSH line=9.5 inning=7 state=B7|outs=1|score=3-5|runners=5 source_key=BAL-WSH|2026-05-16 example=Stage-3 adj BAL@WSH line=9.5 inn=7: s1+s2_fv=0.892 -> adj_fv=0.894  (delta=+0.019  away_rpg=4.05  home_rpg=4.96  expected=9.00 vs avg=8.89)
2026-05-16 18:20:36,113 DEBUG signal_engine runtime debug rollup detail kind=inference_fallback count=27 game=BAL@WSH line=6.5 inning=7 state=T7|outs=2|score=2-4|runners=3 source_key=po65 example=inference fallback BAL@WSH line=6.5: cell=3_4_7_T_2_0 level=1 label=bases_empty (line_mode=exact src=po65)
2026-05-16 18:20:36,113 DEBUG signal_engine runtime debug rollup detail kind=inference_fallback count=21 game=BAL@WSH line=7.5 inning=7 state=T7|outs=2|score=3-4|runners=3 source_key=po75 example=inference fallback BAL@WSH line=7.5: cell=4_4_7_T_2_0 level=1 label=bases_empty (line_mode=exact src=po75)
2026-05-16 18:20:36,113 DEBUG signal_engine runtime debug rollup detail kind=inference_fallback count=16 game=BAL@WSH line=9.5 inning=7 state=B7|outs=1|score=3-5|runners=2 source_key=po95 example=inference fallback BAL@WSH line=9.5: cell=3_6_7_B_1_0 level=1 label=bases_empty (line_mode=exact src=po95)
2026-05-16 18:20:36,113 DEBUG signal_engine runtime debug rollup detail kind=stage2_adj count=16 game=BAL@WSH line=9.5 inning=7 state=B7|outs=1|score=3-5|runners=2 source_key=Nationals Park example=Stage-2 adj BAL@WSH line=9.5 inn=7: fv=0.887 -> 0.892  (delta=+0.051  weather_source='weather_v2:open-meteo:ok:usable'  park='Nationals Park'  temp_bin='80+F'  wind_bin='out_10plus')
2026-05-16 18:20:36,113 DEBUG signal_engine runtime debug rollup detail kind=stage3_adj count=16 game=BAL@WSH line=9.5 inning=7 state=B7|outs=1|score=3-5|runners=2 source_key=BAL-WSH|2026-05-16 example=Stage-3 adj BAL@WSH line=9.5 inn=7: s1+s2_fv=0.892 -> adj_fv=0.894  (delta=+0.019  away_rpg=4.05  home_rpg=4.96  expected=9.00 vs avg=8.89)
2026-05-16 18:20:36,113 DEBUG signal_engine runtime debug rollup detail kind=stage2_adj count=12 game=BAL@WSH line=7.5 inning=7 state=T7|outs=0|score=2-4|runners=0 source_key=Nationals Park example=Stage-2 adj BAL@WSH line=7.5 inn=7: fv=0.944 -> 0.947  (delta=+0.054  weather_source='weather_v2:open-meteo:ok:usable'  park='Nationals Park'  temp_bin='80+F'  wind_bin='out_10plus')
2026-05-16 18:20:36,113 DEBUG signal_engine runtime debug rollup detail kind=stage3_adj count=12 game=BAL@WSH line=7.5 inning=7 state=T7|outs=0|score=2-4|runners=0 source_key=BAL-WSH|2026-05-16 example=Stage-3 adj BAL@WSH line=7.5 inn=7: s1+s2_fv=0.947 -> adj_fv=0.948  (delta=+0.019  away_rpg=4.05  home_rpg=4.96  expected=9.00 vs avg=8.89)
2026-05-16 18:20:36,113 DEBUG signal_engine runtime debug rollup detail kind=stage2_adj count=11 game=BAL@WSH line=9.5 inning=7 state=B7|outs=1|score=3-4|runners=1 source_key=Nationals Park example=Stage-2 adj BAL@WSH line=9.5 inn=7: fv=0.694 -> 0.704  (delta=+0.051  weather_source='weather_v2:open-meteo:ok:usable'  park='Nationals Park'  temp_bin='80+F'  wind_bin='out_10plus')
2026-05-16 18:20:36,113 DEBUG signal_engine runtime debug rollup detail kind=stage3_adj count=11 game=BAL@WSH line=9.5 inning=7 state=B7|outs=1|score=3-4|runners=1 source_key=BAL-WSH|2026-05-16 example=Stage-3 adj BAL@WSH line=9.5 inn=7: s1+s2_fv=0.704 -> adj_fv=0.708  (delta=+0.019  away_rpg=4.05  home_rpg=4.96  expected=9.00 vs avg=8.89)
2026-05-16 18:20:36,113 DEBUG signal_engine runtime debug rollup detail kind=inference_fallback count=11 game=PHI@PIT line=5.5 inning=8 state=T8|outs=2|score=5-0|runners=1 source_key=po65 example=inference fallback PHI@PIT line=5.5: cell=8_0_8_T_0_0 level=2 label=same_inning_half_any_outs (line_mode=extrapolate_low src=po65)
2026-05-16 18:20:36,113 DEBUG signal_engine runtime debug rollup detail kind=inference_fallback count=11 game=PHI@PIT line=6.5 inning=8 state=T8|outs=2|score=6-0|runners=2 source_key=po65 example=inference fallback PHI@PIT line=6.5: cell=7_0_8_T_0_0 level=2 label=same_inning_half_any_outs (line_mode=exact src=po65)
2026-05-16 18:20:36,113 DEBUG signal_engine runtime debug rollup detail kind=inference_fallback count=7 game=BAL@WSH line=9.5 inning=7 state=B7|outs=1|score=3-6|runners=3 source_key=po95 example=inference fallback BAL@WSH line=9.5: cell=3_7_7_B_1_0 level=1 label=bases_empty (line_mode=exact src=po95)
2026-05-16 18:20:36,113 DEBUG signal_engine runtime debug rollup detail kind=inference_fallback count=5 game=BAL@WSH line=10.5 inning=7 state=B7|outs=1|score=3-6|runners=3 source_key=po105 example=inference fallback BAL@WSH line=10.5: cell=3_7_7_B_1_0 level=1 label=bases_empty (line_mode=exact src=po105)
2026-05-16 18:20:36,113 DEBUG signal_engine runtime debug rollup detail kind=stage2_adj count=5 game=BAL@WSH line=10.5 inning=7 state=B7|outs=1|score=3-6|runners=3 source_key=Nationals Park example=Stage-2 adj BAL@WSH line=10.5 inn=7: fv=0.887 -> 0.898  (delta=+0.117  weather_source='weather_v2:open-meteo:ok:usable'  park='Nationals Park'  temp_bin='80+F'  wind_bin='out_10plus')
2026-05-16 18:20:36,113 DEBUG signal_engine runtime debug rollup detail kind=stage3_adj count=5 game=BAL@WSH line=10.5 inning=7 state=B7|outs=1|score=3-6|runners=3 source_key=BAL-WSH|2026-05-16 example=Stage-3 adj BAL@WSH line=10.5 inn=7: s1+s2_fv=0.898 -> adj_fv=0.900  (delta=+0.019  away_rpg=4.05  home_rpg=4.96  expected=9.00 vs avg=8.89)
2026-05-16 18:20:36,113 DEBUG signal_engine runtime debug rollup detail kind=stage2_adj count=4 game=BAL@WSH line=9.5 inning=7 state=B7|outs=0|score=3-4|runners=1 source_key=Nationals Park example=Stage-2 adj BAL@WSH line=9.5 inn=7: fv=0.764 -> 0.773  (delta=+0.051  weather_source='weather_v2:open-meteo:ok:usable'  park='Nationals Park'  temp_bin='80+F'  wind_bin='out_10plus')
2026-05-16 18:20:36,113 DEBUG signal_engine runtime debug rollup detail kind=stage3_adj count=4 game=BAL@WSH line=9.5 inning=7 state=B7|outs=0|score=3-4|runners=1 source_key=BAL-WSH|2026-05-16 example=Stage-3 adj BAL@WSH line=9.5 inn=7: s1+s2_fv=0.773 -> adj_fv=0.777  (delta=+0.019  away_rpg=4.05  home_rpg=4.96  expected=9.00 vs avg=8.89)
2026-05-16 18:20:36,113 DEBUG signal_engine runtime debug rollup detail kind=inference_fallback count=1 game=BAL@WSH line=10.5 inning=7 state=B7|outs=1|score=3-5|runners=5 source_key=po105 example=inference fallback BAL@WSH line=10.5: cell=3_6_7_B_1_0 level=1 label=bases_empty (line_mode=exact src=po105)
2026-05-16 18:20:36,113 DEBUG signal_engine runtime debug rollup detail kind=stage2_adj count=1 game=BAL@WSH line=10.5 inning=7 state=B7|outs=1|score=3-5|runners=5 source_key=Nationals Park example=Stage-2 adj BAL@WSH line=10.5 inn=7: fv=0.641 -> 0.667  (delta=+0.117  weather_source='weather_v2:open-meteo:ok:usable'  park='Nationals Park'  temp_bin='80+F'  wind_bin='out_10plus')
2026-05-16 18:20:36,113 DEBUG signal_engine runtime debug rollup detail kind=stage3_adj count=1 game=BAL@WSH line=10.5 inning=7 state=B7|outs=1|score=3-5|runners=5 source_key=BAL-WSH|2026-05-16 example=Stage-3 adj BAL@WSH line=10.5 inn=7: s1+s2_fv=0.667 -> adj_fv=0.671  (delta=+0.019  away_rpg=4.05  home_rpg=4.96  expected=9.00 vs avg=8.89)
2026-05-16 18:20:47,721 DEBUG signal_engine Gate 8e conditional relax APPLIED PHI@PIT line=6.5 (mode=enforce arm=enforce trail=0 lead=6 inn=8 ask=0.680 rn=0.50)
2026-05-16 18:20:47,722 DEBUG signal_engine Skip PHI@PIT line=6.5: Gate 8f saturation (base_fv=1.000 >= threshold=0.990) ask=0.680 | market CONTRADICTS (ask<0.70, phantom pattern)
2026-05-16 18:20:47,815 DEBUG signal_engine Tape capture skip_2026-05-16_823382_6.5_056405: trades_5s=0 trades_30s=0 signed_30s=None ltp_ask_gap_3=0.01 stale=537.72s raw_n=100 fetch_ok=True
2026-05-16 18:20:47,976 DEBUG signal_engine Family B capture skip_2026-05-16_823382_6.5_056405: ask_touch=74.0 bid_touch=62.0 imb1=0.4559 imb5=0.1813 depth_below=0 depth_at=0 book_ok=True
2026-05-16 18:20:47,978 DEBUG signal_engine Family C capture skip_2026-05-16_823382_6.5_056405: ask_v5=0.0 ask_v30=0.002561 mid_drift=0.055 spread_ratio=0.5203 ask_vol=0.035757 buffer_n=120 window_30s_n=8
2026-05-16 18:21:15,547 DEBUG mlb_poly_monitor Market discovery attempted on 1 games; no new mappings this cycle.
2026-05-16 18:21:38,246 DEBUG signal_engine tick_buffer health: 35 line_states, 35 nonempty, len min/median/max=120/120/120, newest_age max=4374.6s, oldest_age max=4931.7s
2026-05-16 18:21:59,685 DEBUG signal_engine Book capture complete: 2026-05-16_822737_10.5_0002  (121 snapshots)
2026-05-16 18:22:09,267 DEBUG signal_engine Tape capture skip_2026-05-16_822737_11.5_056892: trades_5s=0 trades_30s=100 signed_30s=-912.6499 ltp_ask_gap_3=-0.0335 stale=22.045s raw_n=100 fetch_ok=True
2026-05-16 18:22:09,386 DEBUG signal_engine Family B capture skip_2026-05-16_822737_11.5_056892: ask_touch=500.0 bid_touch=8204.56 imb1=0.9426 imb5=0.5127 depth_below=0 depth_at=0 book_ok=True
2026-05-16 18:22:09,389 DEBUG signal_engine Family C capture skip_2026-05-16_822737_11.5_056892: ask_v5=-0.002609 ask_v30=0.001299 mid_drift=0.065 spread_ratio=0.7742 ask_vol=0.040356 buffer_n=120 window_30s_n=8
2026-05-16 18:22:09,849 DEBUG mlb_poly_monitor Schedule state-change rollup for 2026-05-16: changes_total=125 changes_since_last_log=25 games=15 live=4 final=3 states=live=5|final=1:72, live=5|final=2:30, live=4|final=2:22, live=4|final=3:1
2026-05-16 18:22:51,871 DEBUG signal_engine Gate 8e conditional relax APPLIED PHI@PIT line=6.5 (mode=enforce arm=enforce trail=0 lead=6 inn=8 ask=0.580 rn=0.50)
2026-05-16 18:22:51,873 DEBUG signal_engine Skip PHI@PIT line=6.5: Gate 8f saturation (base_fv=1.000 >= threshold=0.990) ask=0.580 | market CONTRADICTS (ask<0.70, phantom pattern)
2026-05-16 18:22:52,069 DEBUG signal_engine Tape capture skip_2026-05-16_823382_6.5_057118: trades_5s=0 trades_30s=0 signed_30s=None ltp_ask_gap_3=-0.0135 stale=64.872s raw_n=100 fetch_ok=True
2026-05-16 18:22:52,196 DEBUG signal_engine Family B capture skip_2026-05-16_823382_6.5_057118: ask_touch=11620.82 bid_touch=6163.7 imb1=0.3466 imb5=0.4869 depth_below=0 depth_at=0 book_ok=True
2026-05-16 18:22:52,198 DEBUG signal_engine Family C capture skip_2026-05-16_823382_6.5_057118: ask_v5=0.0 ask_v30=0.000324 mid_drift=0.005 spread_ratio=1.0 ask_vol=0.021002 buffer_n=120 window_30s_n=8
2026-05-16 18:23:57,806 DEBUG signal_engine Skip BAL@WSH line=12.5: Gate 8f saturation (base_fv=1.000 >= threshold=0.990) ask=0.740 | market AMBIGUOUS
2026-05-16 18:23:58,003 DEBUG signal_engine Tape capture skip_2026-05-16_822737_12.5_057519: trades_5s=0 trades_30s=0 signed_30s=None ltp_ask_gap_3=-0.1735 stale=130.804s raw_n=100 fetch_ok=True
2026-05-16 18:23:58,132 DEBUG signal_engine Family B capture skip_2026-05-16_822737_12.5_057519: ask_touch=63.0 bid_touch=12.0 imb1=0.16 imb5=0.7365 depth_below=0 depth_at=0 book_ok=True
2026-05-16 18:23:58,134 DEBUG signal_engine Family C capture skip_2026-05-16_822737_12.5_057519: ask_v5=0.002563 ask_v30=0.008408 mid_drift=0.22 spread_ratio=0.3284 ask_vol=0.178885 buffer_n=120 window_30s_n=8
2026-05-16 18:24:48,299 DEBUG signal_engine Skip BAL@WSH line=12.5: Gate 8f saturation (base_fv=1.000 >= threshold=0.990) ask=0.680 | market CONTRADICTS (ask<0.70, phantom pattern)
2026-05-16 18:24:48,397 DEBUG signal_engine Tape capture skip_2026-05-16_822737_12.5_057793: trades_5s=0 trades_30s=0 signed_30s=None ltp_ask_gap_3=-0.1135 stale=181.298s raw_n=100 fetch_ok=True
2026-05-16 18:24:48,527 DEBUG signal_engine Family B capture skip_2026-05-16_822737_12.5_057793: ask_touch=500.0 bid_touch=637.0 imb1=0.5602 imb5=0.7751 depth_below=0 depth_at=0 book_ok=True
2026-05-16 18:24:48,530 DEBUG signal_engine Family C capture skip_2026-05-16_822737_12.5_057793: ask_v5=0.0 ask_v30=0.000324 mid_drift=0.01 spread_ratio=1.1429 ask_vol=0.005175 buffer_n=120 window_30s_n=8
2026-05-16 18:24:48,533 DEBUG signal_engine Skip BAL@WSH line=11.5: Gate 8f saturation (base_fv=1.000 >= threshold=0.990) ask=0.860 | market CONFIRMS (ask>=0.85, likely real run)
2026-05-16 18:24:48,616 DEBUG signal_engine Tape capture skip_2026-05-16_822737_11.5_057801: trades_5s=0 trades_30s=0 signed_30s=None ltp_ask_gap_3=-0.2935 stale=181.532s raw_n=100 fetch_ok=True
2026-05-16 18:24:48,746 DEBUG signal_engine Family B capture skip_2026-05-16_822737_11.5_057801: ask_touch=500.0 bid_touch=8.0 imb1=0.0157 imb5=0.1739 depth_below=0 depth_at=0 book_ok=True
2026-05-16 18:24:48,749 DEBUG signal_engine Family C capture skip_2026-05-16_822737_11.5_057801: ask_v5=0.0 ask_v30=0.000643 mid_drift=0.02 spread_ratio=1.0323 ask_vol=0.00991 buffer_n=120 window_30s_n=8
2026-05-16 18:29:14,561 DEBUG signal_engine Gate 8e conditional relax APPLIED PHI@PIT line=6.5 (mode=enforce arm=enforce trail=0 lead=6 inn=9 ask=0.570 rn=0.50)
2026-05-16 18:29:14,561 DEBUG signal_engine Skip PHI@PIT line=6.5: Gate 8f saturation (base_fv=1.000 >= threshold=0.990) ask=0.570 | market CONTRADICTS (ask<0.70, phantom pattern)
2026-05-16 18:29:14,778 DEBUG signal_engine Tape capture skip_2026-05-16_823382_6.5_059319: trades_5s=0 trades_30s=0 signed_30s=None ltp_ask_gap_3=-0.0307 stale=145.56s raw_n=100 fetch_ok=True
2026-05-16 18:29:14,889 DEBUG signal_engine Family B capture skip_2026-05-16_823382_6.5_059319: ask_touch=6326.41 bid_touch=7408.56 imb1=0.5394 imb5=0.6098 depth_below=0 depth_at=0 book_ok=True
2026-05-16 18:29:14,891 DEBUG signal_engine Family C capture skip_2026-05-16_823382_6.5_059319: ask_v5=0.0 ask_v30=0.003247 mid_drift=0.085 spread_ratio=0.8511 ask_vol=0.032923 buffer_n=120 window_30s_n=8
2026-05-16 18:29:26,477 DEBUG signal_engine Skip BAL@WSH line=12.5: Gate 8f saturation (base_fv=1.000 >= threshold=0.990) ask=0.600 | market CONTRADICTS (ask<0.70, phantom pattern)
2026-05-16 18:29:26,679 DEBUG signal_engine Tape capture skip_2026-05-16_822737_12.5_059376: trades_5s=0 trades_30s=0 signed_30s=None ltp_ask_gap_3=-0.0607 stale=157.475s raw_n=100 fetch_ok=True
2026-05-16 18:29:26,805 DEBUG signal_engine Family B capture skip_2026-05-16_822737_12.5_059376: ask_touch=9050.07 bid_touch=4660.64 imb1=0.3399 imb5=0.5825 depth_below=0 depth_at=0 book_ok=True
2026-05-16 18:29:26,807 DEBUG signal_engine Family C capture skip_2026-05-16_822737_12.5_059376: ask_v5=0.002562 ask_v30=-0.000642 mid_drift=-0.04 spread_ratio=2.0741 ask_vol=0.006409 buffer_n=120 window_30s_n=8
2026-05-16 18:29:26,821 DEBUG signal_engine Skip BAL@WSH line=11.5: Gate 8f saturation (base_fv=1.000 >= threshold=0.990) ask=0.800 | market AMBIGUOUS
2026-05-16 18:29:27,035 DEBUG signal_engine Tape capture skip_2026-05-16_822737_11.5_059392: trades_5s=0 trades_30s=0 signed_30s=None ltp_ask_gap_3=-0.2607 stale=157.82s raw_n=100 fetch_ok=True
2026-05-16 18:29:27,163 DEBUG signal_engine Family B capture skip_2026-05-16_822737_11.5_059392: ask_touch=20.0 bid_touch=125.07 imb1=0.8621 imb5=0.3847 depth_below=0 depth_at=0 book_ok=True
2026-05-16 18:29:27,165 DEBUG signal_engine Family C capture skip_2026-05-16_822737_11.5_059392: ask_v5=0.002357 ask_v30=-0.000318 mid_drift=-0.03 spread_ratio=1.1429 ask_vol=0.015526 buffer_n=120 window_30s_n=8
2026-05-16 18:37:20,879 DEBUG mlb_poly_monitor Polling 56 token books (4 active games)
2026-05-16 18:37:24,315 DEBUG mlb_poly_monitor Wrote 56 tick snapshots
2026-05-16 18:41:11,031 INFO mlb_poly_monitor Retiring book polling for BAL@WSH game=822737 line=8.5 side=over_yes token=107337453495... cooldown=120s (retire_count=1) after 6 retirable failures | source=gamma status=200 error=gamma_invalid_price:1
2026-05-16 18:41:11,031 INFO mlb_poly_monitor Retiring book polling for BAL@WSH game=822737 line=8.5 side=under_no token=796123197447... cooldown=120s (retire_count=1) after 6 retirable failures | source=gamma status=200 error=gamma_invalid_price:0
2026-05-16 18:41:26,018 DEBUG signal_engine Gate 8e conditional relax APPLIED PHI@PIT line=6.5 (mode=enforce arm=enforce trail=0 lead=6 inn=9 ask=0.590 rn=0.50)
2026-05-16 18:41:26,019 DEBUG signal_engine Skip PHI@PIT line=6.5: Gate 8f saturation (base_fv=1.000 >= threshold=0.990) ask=0.590 | market CONTRADICTS (ask<0.70, phantom pattern)
2026-05-16 18:41:26,228 DEBUG signal_engine Tape capture skip_2026-05-16_823382_6.5_063170: trades_5s=0 trades_30s=0 signed_30s=None ltp_ask_gap_3=-0.3379 stale=278.018s raw_n=100 fetch_ok=True
2026-05-16 18:41:26,250 DEBUG signal_engine Family B capture skip_2026-05-16_823382_6.5_063170: ask_touch=None bid_touch=None imb1=None imb5=None depth_below=None depth_at=None book_ok=False
2026-05-16 18:41:26,252 DEBUG signal_engine Family C capture skip_2026-05-16_823382_6.5_063170: ask_v5=0.0 ask_v30=0.010234 mid_drift=0.345 spread_ratio=0.129 ask_vol=0.226085 buffer_n=120 window_30s_n=8
2026-05-16 18:43:37,336 DEBUG mlb_poly_monitor Retiring book polling for BAL@WSH game=822737 line=8.5 side=under_no token=796123197447... cooldown=240s (retire_count=2) after 6 retirable failures | source=gamma status=200 error=gamma_invalid_price:0
2026-05-16 18:43:37,337 DEBUG mlb_poly_monitor Retiring book polling for BAL@WSH game=822737 line=8.5 side=over_yes token=107337453495... cooldown=240s (retire_count=2) after 6 retirable failures | source=gamma status=200 error=gamma_invalid_price:1
2026-05-16 18:43:59,752 DEBUG signal_engine Skip MIA@TB line=4.5: Gate 8f saturation (base_fv=1.000 >= threshold=0.990) ask=0.999 | market CONFIRMS (ask>=0.85, likely real run)
2026-05-16 18:43:59,991 DEBUG signal_engine Tape capture skip_2026-05-16_822981_4.5_063957: trades_5s=0 trades_30s=0 signed_30s=None ltp_ask_gap_3=-0.226 stale=130.749s raw_n=100 fetch_ok=True
2026-05-16 18:44:00,155 DEBUG signal_engine Family B capture skip_2026-05-16_822981_4.5_063957: ask_touch=100.0 bid_touch=46.0 imb1=0.3151 imb5=0.909 depth_below=0 depth_at=0 book_ok=True
2026-05-16 18:44:00,156 DEBUG signal_engine Family C capture skip_2026-05-16_822981_4.5_063957: ask_v5=0.0 ask_v30=None mid_drift=None spread_ratio=1.0 ask_vol=0.0 buffer_n=120 window_30s_n=3
2026-05-16 18:45:29,910 INFO mlb_poly_monitor START monitoring game 824193 (TEX@HOU, state=Live) — 7 lines ready, 0 deploying
2026-05-16 18:46:33,884 INFO mlb_poly_monitor STOP monitoring game 823382 (PHI@PIT, state=Final)
2026-05-16 18:47:36,658 DEBUG signal_engine Skip MIA@TB line=6.5: pace=(3.6/9inn) insufficient for line=6.5 (total=4 inn=10)
2026-05-16 18:47:36,881 DEBUG signal_engine Tape capture skip_2026-05-16_822981_6.5_064917: trades_5s=0 trades_30s=0 signed_30s=None ltp_ask_gap_3=0.165 stale=48.658s raw_n=100 fetch_ok=True
2026-05-16 18:47:37,002 DEBUG signal_engine Family B capture skip_2026-05-16_822981_6.5_064917: ask_touch=5190.7 bid_touch=3870.73 imb1=0.4272 imb5=0.4641 depth_below=0 depth_at=0 book_ok=True
2026-05-16 18:47:37,004 DEBUG signal_engine Family C capture skip_2026-05-16_822981_6.5_064917: ask_v5=-0.043188 ask_v30=0.001345 mid_drift=0.135 spread_ratio=0.0646 ask_vol=0.084525 buffer_n=120 window_30s_n=9
2026-05-16 18:48:00,025 DEBUG mlb_poly_monitor Retiring book polling for BAL@WSH game=822737 line=8.5 side=over_yes token=107337453495... cooldown=480s (retire_count=3) after 6 retirable failures | source=gamma status=200 error=gamma_invalid_price:1
2026-05-16 18:48:00,025 DEBUG mlb_poly_monitor Retiring book polling for BAL@WSH game=822737 line=8.5 side=under_no token=796123197447... cooldown=480s (retire_count=3) after 6 retirable failures | source=gamma status=200 error=gamma_invalid_price:0
2026-05-16 18:48:08,001 INFO mlb_poly_monitor START monitoring game 823706 (MIL@MIN, state=Live) — 7 lines ready, 0 deploying
2026-05-16 18:49:11,950 INFO mlb_poly_monitor START monitoring game 823627 (NYY@NYM, state=Live) — 7 lines ready, 0 deploying
2026-05-16 18:50:16,971 DEBUG mlb_poly_monitor Schedule state-change rollup for 2026-05-16: changes_total=150 changes_since_last_log=25 games=15 live=7 final=4 states=live=5|final=1:72, live=5|final=2:30, live=4|final=2:22, live=4|final=3:19
2026-05-16 18:50:16,971 INFO mlb_poly_monitor START monitoring game 823139 (SD@SEA, state=Live) — 7 lines ready, 0 deploying
2026-05-16 18:50:41,701 DEBUG signal_engine runtime debug rollup: events=331 unique_keys=20 by_kind={'inference_fallback': 273, 'stage2_adj': 29, 'stage3_adj': 29}
2026-05-16 18:50:41,701 DEBUG signal_engine runtime debug rollup detail kind=inference_fallback count=48 game=BAL@WSH line=12.5 inning=7 state=B7|outs=1|score=3-8|runners=3 source_key=po115 example=inference fallback BAL@WSH line=12.5: cell=3_9_8_B_0_0 level=4 label=near_inning_same_half (line_mode=extrapolate_high src=po115)
2026-05-16 18:50:41,701 DEBUG signal_engine runtime debug rollup detail kind=inference_fallback count=48 game=BAL@WSH line=11.5 inning=7 state=B7|outs=1|score=3-8|runners=3 source_key=po115 example=inference fallback BAL@WSH line=11.5: cell=3_9_8_B_0_0 level=4 label=near_inning_same_half (line_mode=exact src=po115)
2026-05-16 18:50:41,701 DEBUG signal_engine runtime debug rollup detail kind=inference_fallback count=32 game=BAL@WSH line=9.5 inning=7 state=B7|outs=1|score=3-6|runners=3 source_key=po95 example=inference fallback BAL@WSH line=9.5: cell=3_7_7_B_1_0 level=1 label=bases_empty (line_mode=exact src=po95)
2026-05-16 18:50:41,701 DEBUG signal_engine runtime debug rollup detail kind=inference_fallback count=24 game=BAL@WSH line=11.5 inning=7 state=B7|outs=1|score=3-8|runners=6 source_key=po115 example=inference fallback BAL@WSH line=11.5: cell=3_9_8_B_0_0 level=4 label=near_inning_same_half (line_mode=exact src=po115)
2026-05-16 18:50:41,701 DEBUG signal_engine runtime debug rollup detail kind=inference_fallback count=20 game=BAL@WSH line=11.5 inning=7 state=B7|outs=1|score=3-6|runners=7 source_key=po115 example=inference fallback BAL@WSH line=11.5: cell=3_7_7_B_1_0 level=1 label=bases_empty (line_mode=exact src=po115)
2026-05-16 18:50:41,701 DEBUG signal_engine runtime debug rollup detail kind=stage2_adj count=20 game=BAL@WSH line=11.5 inning=7 state=B7|outs=1|score=3-6|runners=7 source_key=Nationals Park example=Stage-2 adj BAL@WSH line=11.5 inn=7: fv=0.641 -> 0.667  (delta=+0.114  weather_source='weather_v2:open-meteo:ok:usable'  park='Nationals Park'  temp_bin='80+F'  wind_bin='out_10plus')
2026-05-16 18:50:41,701 DEBUG signal_engine runtime debug rollup detail kind=stage3_adj count=20 game=BAL@WSH line=11.5 inning=7 state=B7|outs=1|score=3-6|runners=7 source_key=BAL-WSH|2026-05-16 example=Stage-3 adj BAL@WSH line=11.5 inn=7: s1+s2_fv=0.667 -> adj_fv=0.671  (delta=+0.019  away_rpg=4.05  home_rpg=4.96  expected=9.00 vs avg=8.89)
2026-05-16 18:50:41,701 DEBUG signal_engine runtime debug rollup detail kind=inference_fallback count=18 game=BAL@WSH line=12.5 inning=7 state=B7|outs=1|score=3-8|runners=6 source_key=po115 example=inference fallback BAL@WSH line=12.5: cell=3_9_8_B_0_0 level=4 label=near_inning_same_half (line_mode=extrapolate_high src=po115)
2026-05-16 18:50:41,702 DEBUG signal_engine runtime debug rollup detail kind=inference_fallback count=13 game=BAL@WSH line=9.5 inning=7 state=B7|outs=1|score=3-6|runners=7 source_key=po95 example=inference fallback BAL@WSH line=9.5: cell=3_7_7_B_1_0 level=1 label=bases_empty (line_mode=exact src=po95)
2026-05-16 18:50:41,702 DEBUG signal_engine runtime debug rollup detail kind=inference_fallback count=13 game=BAL@WSH line=12.5 inning=7 state=B7|outs=1|score=3-6|runners=7 source_key=po115 example=inference fallback BAL@WSH line=12.5: cell=3_9_8_B_0_0 level=4 label=near_inning_same_half (line_mode=extrapolate_high src=po115)
2026-05-16 18:50:41,702 DEBUG signal_engine runtime debug rollup detail kind=inference_fallback count=11 game=PHI@PIT line=6.5 inning=9 state=B9|outs=1|score=6-0|runners=5 source_key=po65 example=inference fallback PHI@PIT line=6.5: cell=6_1_9_B_1_0 level=1 label=bases_empty (line_mode=exact src=po65)
2026-05-16 18:50:41,702 DEBUG signal_engine runtime debug rollup detail kind=inference_fallback count=10 game=MIA@TB line=4.5 inning=9 state=B9|outs=2|score=2-2|runners=1 source_key=po65 example=inference fallback MIA@TB line=4.5: cell=2_5_9_T_2_0 level=3 label=same_inning_any_half_outs (line_mode=extrapolate_low src=po65)
2026-05-16 18:50:41,702 DEBUG signal_engine runtime debug rollup detail kind=inference_fallback count=9 game=BAL@WSH line=11.5 inning=7 state=B7|outs=1|score=3-6|runners=3 source_key=po115 example=inference fallback BAL@WSH line=11.5: cell=3_7_7_B_1_0 level=1 label=bases_empty (line_mode=exact src=po115)
2026-05-16 18:50:41,702 DEBUG signal_engine runtime debug rollup detail kind=stage2_adj count=9 game=BAL@WSH line=11.5 inning=7 state=B7|outs=1|score=3-6|runners=3 source_key=Nationals Park example=Stage-2 adj BAL@WSH line=11.5 inn=7: fv=0.641 -> 0.667  (delta=+0.114  weather_source='weather_v2:open-meteo:ok:usable'  park='Nationals Park'  temp_bin='80+F'  wind_bin='out_10plus')
2026-05-16 18:50:41,702 DEBUG signal_engine runtime debug rollup detail kind=stage3_adj count=9 game=BAL@WSH line=11.5 inning=7 state=B7|outs=1|score=3-6|runners=3 source_key=BAL-WSH|2026-05-16 example=Stage-3 adj BAL@WSH line=11.5 inn=7: s1+s2_fv=0.667 -> adj_fv=0.671  (delta=+0.019  away_rpg=4.05  home_rpg=4.96  expected=9.00 vs avg=8.89)
2026-05-16 18:50:41,702 DEBUG signal_engine runtime debug rollup detail kind=inference_fallback count=9 game=BAL@WSH line=11.5 inning=7 state=B7|outs=2|score=3-8|runners=3 source_key=po115 example=inference fallback BAL@WSH line=11.5: cell=3_9_8_B_0_0 level=4 label=near_inning_same_half (line_mode=exact src=po115)
2026-05-16 18:50:41,702 DEBUG signal_engine runtime debug rollup detail kind=inference_fallback count=9 game=PHI@PIT line=6.5 inning=9 state=B9|outs=1|score=6-0|runners=1 source_key=po65 example=inference fallback PHI@PIT line=6.5: cell=6_1_9_B_1_0 level=1 label=bases_empty (line_mode=exact src=po65)
2026-05-16 18:50:41,702 DEBUG signal_engine runtime debug rollup detail kind=inference_fallback count=4 game=PHI@PIT line=6.5 inning=8 state=B8|outs=0|score=6-0|runners=1 source_key=po65 example=inference fallback PHI@PIT line=6.5: cell=6_1_8_B_0_0 level=1 label=bases_empty (line_mode=exact src=po65)
2026-05-16 18:50:41,702 DEBUG signal_engine runtime debug rollup detail kind=inference_fallback count=3 game=PHI@PIT line=6.5 inning=9 state=T9|outs=0|score=6-0|runners=1 source_key=po65 example=inference fallback PHI@PIT line=6.5: cell=7_0_9_T_0_0 level=1 label=bases_empty (line_mode=exact src=po65)
2026-05-16 18:50:41,702 DEBUG signal_engine runtime debug rollup detail kind=inference_fallback count=2 game=BAL@WSH line=12.5 inning=7 state=B7|outs=2|score=3-8|runners=3 source_key=po115 example=inference fallback BAL@WSH line=12.5: cell=3_9_8_B_0_0 level=4 label=near_inning_same_half (line_mode=extrapolate_high src=po115)
2026-05-16 18:51:44,339 WARNING signal_engine tick_buffer health: 63 line_states, 63 nonempty, len min/median/max=14/120/120, newest_age max=6180.7s, oldest_age max=6737.7s
2026-05-16 18:51:51,041 INFO mlb_poly_monitor START monitoring game 824600 (CHC@CWS, state=Live) — 7 lines ready, 0 deploying
2026-05-16 18:51:51,041 INFO mlb_poly_monitor START monitoring game 824924 (BOS@ATL, state=Live) — 7 lines ready, 0 deploying
2026-05-16 18:53:10,227 DEBUG signal_engine Skip MIA@TB line=6.5: Gate 8f saturation (base_fv=1.000 >= threshold=0.990) ask=0.930 | market CONFIRMS (ask>=0.85, likely real run)
2026-05-16 18:53:10,451 DEBUG signal_engine Tape capture skip_2026-05-16_822981_6.5_066169: trades_5s=0 trades_30s=0 signed_30s=None ltp_ask_gap_3=-0.277 stale=81.227s raw_n=100 fetch_ok=True
2026-05-16 18:53:10,573 DEBUG signal_engine Family B capture skip_2026-05-16_822981_6.5_066169: ask_touch=54.0 bid_touch=9.0 imb1=0.1429 imb5=0.0783 depth_below=54.0 depth_at=54.0 book_ok=True
2026-05-16 18:53:10,575 DEBUG signal_engine Family C capture skip_2026-05-16_822981_6.5_066169: ask_v5=0.001259 ask_v30=-0.000942 mid_drift=0.17 spread_ratio=0.0541 ask_vol=0.008165 buffer_n=120 window_30s_n=4
2026-05-16 18:55:49,717 DEBUG signal_engine Skip MIA@TB line=8.5: Gate 8f saturation (base_fv=1.000 >= threshold=0.990) ask=0.820 | market AMBIGUOUS
2026-05-16 18:55:49,930 DEBUG signal_engine Tape capture skip_2026-05-16_822981_8.5_066890: trades_5s=0 trades_30s=0 signed_30s=None ltp_ask_gap_3=-0.167 stale=240.716s raw_n=100 fetch_ok=True
2026-05-16 18:55:50,041 DEBUG signal_engine Family B capture skip_2026-05-16_822981_8.5_066890: ask_touch=125.0 bid_touch=8.0 imb1=0.0602 imb5=0.2902 depth_below=0 depth_at=0 book_ok=True
2026-05-16 18:55:50,042 DEBUG signal_engine Family C capture skip_2026-05-16_822981_8.5_066890: ask_v5=-0.012478 ask_v30=0.0 mid_drift=0.0905 spread_ratio=0.2344 ask_vol=0.057361 buffer_n=120 window_30s_n=4
2026-05-16 18:56:14,041 DEBUG signal_engine Skip MIA@TB line=6.5: Gate 8f saturation (base_fv=1.000 >= threshold=0.990) ask=0.999 | market CONFIRMS (ask>=0.85, likely real run)
2026-05-16 18:56:14,113 DEBUG signal_engine Tape capture skip_2026-05-16_822981_6.5_066994: trades_5s=0 trades_30s=0 signed_30s=None ltp_ask_gap_3=-0.346 stale=265.041s raw_n=100 fetch_ok=True
2026-05-16 18:56:14,227 DEBUG signal_engine Family B capture skip_2026-05-16_822981_6.5_066994: ask_touch=50.0 bid_touch=132.8 imb1=0.7265 imb5=0.9872 depth_below=50.0 depth_at=50.0 book_ok=True
2026-05-16 18:56:14,229 DEBUG signal_engine Family C capture skip_2026-05-16_822981_6.5_066994: ask_v5=None ask_v30=None mid_drift=None spread_ratio=None ask_vol=None buffer_n=120 window_30s_n=1
2026-05-16 18:57:26,925 INFO mlb_poly_monitor Retiring book polling for BAL@WSH game=822737 line=8.5 side=under_no token=796123197447... cooldown=120s (retire_count=1) after 6 retirable failures | source=gamma status=200 error=gamma_invalid_price:0
2026-05-16 18:57:42,940 INFO mlb_poly_monitor Retiring book polling for BAL@WSH game=822737 line=8.5 side=over_yes token=107337453495... cooldown=120s (retire_count=1) after 6 retirable failures | source=gamma status=200 error=gamma_invalid_price:1
2026-05-16 19:00:22,753 DEBUG mlb_poly_monitor Retiring book polling for BAL@WSH game=822737 line=8.5 side=under_no token=796123197447... cooldown=240s (retire_count=2) after 6 retirable failures | source=gamma status=200 error=gamma_invalid_price:0
2026-05-16 19:00:30,857 DEBUG signal_engine Skip MIA@TB line=9.5: pace=(7.2/9inn) insufficient for line=9.5 (total=8 inn=10)
2026-05-16 19:00:31,055 DEBUG signal_engine Tape capture skip_2026-05-16_822981_9.5_068617: trades_5s=0 trades_30s=0 signed_30s=None ltp_ask_gap_3=-0.559 stale=220.858s raw_n=100 fetch_ok=True
2026-05-16 19:00:31,210 DEBUG signal_engine Family B capture skip_2026-05-16_822981_9.5_068617: ask_touch=50.0 bid_touch=7217.13 imb1=0.9931 imb5=0.9933 depth_below=50.0 depth_at=50.0 book_ok=True
2026-05-16 19:00:31,211 DEBUG signal_engine Family C capture skip_2026-05-16_822981_9.5_068617: ask_v5=0.0 ask_v30=0.000992 mid_drift=0.29 spread_ratio=0.75 ask_vol=0.0095 buffer_n=120 window_30s_n=4
2026-05-16 19:00:39,159 DEBUG mlb_poly_monitor Retiring book polling for BAL@WSH game=822737 line=8.5 side=over_yes token=107337453495... cooldown=240s (retire_count=2) after 6 retirable failures | source=gamma status=200 error=gamma_invalid_price:1
2026-05-16 19:03:34,816 INFO mlb_poly_monitor STOP monitoring game 822737 (BAL@WSH, state=Final)
2026-05-16 19:03:41,650 INFO signal_engine SETTLED [2026-05-16_822737_8.5_0001] BAL@WSH O/U 8.5 OVER  final=3-13 (total=16 vs line=8.5)  WON  profit=$6.13
2026-05-16 19:03:41,650 INFO signal_engine SETTLED [2026-05-16_822737_10.5_0002] BAL@WSH O/U 10.5 OVER  final=3-13 (total=16 vs line=10.5)  WON  profit=$4.28
2026-05-16 19:03:41,657 INFO live_engine === ORDER LIFECYCLE SUMMARY (2026-05-16) -- placed=2 filled=2 (100%) never_filled=0 other_cancel=0 reserved_on_misses=$0.00 ===
2026-05-16 19:03:41,657 INFO live_engine === GAME SUMMARY (2026-05-16) ===
2026-05-16 19:03:41,658 INFO live_engine   BAL@WSH  final=3-13 (total=16) | O8.5(FILL,W,+6.13)  O10.5(FILL,W,+4.28)
2026-05-16 19:03:41,658 INFO live_engine SETTLED [2026-05-16_822737_8.5_0001] BAL@WSH O/U 8.5 WIN | status=filled  FILLED  profit=+6.13 | final_total=16 (needed 8.5) | fv=0.801  limit=0.620  edge=0.171  S2=+0.091  S3=+0.019  ask_drop_5s=+0.000
2026-05-16 19:03:41,659 INFO live_engine SETTLED [2026-05-16_822737_10.5_0002] BAL@WSH O/U 10.5 WIN | status=filled  FILLED  profit=+4.28 | final_total=16 (needed 10.5) | fv=0.900  limit=0.700  edge=0.160  S2=+0.117  S3=+0.019  ask_drop_5s=-0.030
2026-05-16 19:03:56,499 DEBUG mlb_poly_monitor Polling 112 token books (8 active games)
2026-05-16 19:04:03,373 DEBUG mlb_poly_monitor Wrote 112 tick snapshots
2026-05-16 19:05:37,626 DEBUG signal_engine Skip CIN@CLE line=6.5: current_total=3 < min=4 (mode=shadow arm=shadow relax_pass=True)
2026-05-16 19:18:40,400 INFO mlb_poly_monitor STOP monitoring game 822981 (MIA@TB, state=Final)
2026-05-16 19:18:46,406 INFO live_engine === ORDER LIFECYCLE SUMMARY (2026-05-16) -- placed=2 filled=2 (100%) never_filled=0 other_cancel=0 reserved_on_misses=$0.00 ===
2026-05-16 19:18:46,406 INFO live_engine === GAME SUMMARY (2026-05-16) ===
2026-05-16 19:18:46,407 INFO live_engine   BAL@WSH  final=3-13 (total=16) | O8.5(FILL,W,+6.13)  O10.5(FILL,W,+4.28)
2026-05-16 19:20:16,349 DEBUG mlb_poly_monitor Schedule refreshed for 2026-05-16: 15 games (7 live, 6 final; unchanged)
2026-05-16 19:20:47,874 DEBUG signal_engine runtime debug rollup: events=29 unique_keys=4 by_kind={'inference_fallback': 29}
2026-05-16 19:20:47,874 DEBUG signal_engine runtime debug rollup detail kind=inference_fallback count=17 game=MIA@TB line=8.5 inning=10 state=T10|outs=1|score=6-2|runners=3 source_key=po85 example=inference fallback MIA@TB line=8.5: cell=7_2_9_T_1_0 level=4 label=near_inning_same_half (line_mode=exact src=po85)
2026-05-16 19:20:47,874 DEBUG signal_engine runtime debug rollup detail kind=inference_fallback count=5 game=MIA@TB line=6.5 inning=10 state=T10|outs=0|score=4-2|runners=5 source_key=po65 example=inference fallback MIA@TB line=6.5: cell=5_2_9_T_0_0 level=4 label=near_inning_same_half (line_mode=exact src=po65)
2026-05-16 19:20:47,874 DEBUG signal_engine runtime debug rollup detail kind=inference_fallback count=4 game=MIA@TB line=6.5 inning=10 state=T10|outs=1|score=6-2|runners=3 source_key=po65 example=inference fallback MIA@TB line=6.5: cell=7_2_9_T_1_0 level=4 label=near_inning_same_half (line_mode=exact src=po65)
2026-05-16 19:20:47,874 DEBUG signal_engine runtime debug rollup detail kind=inference_fallback count=3 game=MIA@TB line=8.5 inning=10 state=T10|outs=1|score=6-2|runners=7 source_key=po85 example=inference fallback MIA@TB line=8.5: cell=7_2_9_T_1_0 level=4 label=near_inning_same_half (line_mode=exact src=po85)
2026-05-16 19:21:32,677 DEBUG signal_engine Skip CIN@CLE line=5.5: current_total=3 < min=4 (mode=shadow arm=strict_block relax_pass=False)
2026-05-16 19:21:45,442 DEBUG signal_engine tick_buffer health: 77 line_states, 77 nonempty, len min/median/max=120/120/120, newest_age max=7981.8s, oldest_age max=8538.8s
2026-05-16 19:23:27,790 DEBUG signal_engine Skip CIN@CLE line=6.5: current_total=3 < min=4 (mode=shadow arm=strict_block relax_pass=False)
2026-05-16 19:23:27,791 DEBUG signal_engine Skip CIN@CLE line=5.5: current_total=3 < min=4 (mode=shadow arm=strict_block relax_pass=False)
2026-05-16 19:24:32,213 DEBUG mlb_poly_monitor Schedule state-change rollup for 2026-05-16: changes_total=175 changes_since_last_log=25 games=15 live=7 final=6 states=live=5|final=1:72, live=5|final=2:30, live=4|final=2:22, live=4|final=3:19
2026-05-16 19:29:06,958 DEBUG signal_engine Skip CIN@CLE line=5.5: current_total=3 < min=4 (mode=shadow arm=strict_block relax_pass=False)
2026-05-16 19:32:25,221 DEBUG signal_engine Skip CIN@CLE line=7.5: current_total=3 < min=4 (mode=shadow arm=strict_block relax_pass=False)
2026-05-16 19:32:38,017 DEBUG signal_engine Skip CIN@CLE line=6.5: current_total=3 < min=4 (mode=shadow arm=strict_block relax_pass=False)
2026-05-16 19:33:09,957 DEBUG signal_engine Skip CIN@CLE line=7.5: inning 5 bullpen-transition dead zone (rn=3.5 >= threshold 2.5) -- same rn at inn4 is 6W/0L
2026-05-16 19:33:10,165 DEBUG signal_engine Tape capture skip_2026-05-16_824435_7.5_082167: trades_5s=0 trades_30s=0 signed_30s=None ltp_ask_gap_3=-0.43 stale=79.957s raw_n=100 fetch_ok=True
2026-05-16 19:33:10,189 DEBUG signal_engine Family B capture skip_2026-05-16_824435_7.5_082167: ask_touch=None bid_touch=None imb1=None imb5=None depth_below=None depth_at=None book_ok=False
2026-05-16 19:33:10,193 DEBUG signal_engine Family C capture skip_2026-05-16_824435_7.5_082167: ask_v5=0.007784 ask_v30=0.008455 mid_drift=0.23 spread_ratio=0.6044 ask_vol=0.160406 buffer_n=120 window_30s_n=5
2026-05-16 19:33:10,199 DEBUG signal_engine Skip CIN@CLE line=6.5: inning 5 bullpen-transition dead zone (rn=2.5 >= threshold 2.5) -- same rn at inn4 is 6W/0L
2026-05-16 19:33:10,401 DEBUG signal_engine Tape capture skip_2026-05-16_824435_6.5_082181: trades_5s=0 trades_30s=0 signed_30s=None ltp_ask_gap_3=-0.48 stale=80.199s raw_n=100 fetch_ok=True
2026-05-16 19:33:10,564 DEBUG signal_engine Family B capture skip_2026-05-16_824435_6.5_082181: ask_touch=6.67 bid_touch=24.0 imb1=0.7825 imb5=0.8259 depth_below=0 depth_at=0 book_ok=True
2026-05-16 19:33:10,567 DEBUG signal_engine Family C capture skip_2026-05-16_824435_6.5_082181: ask_v5=0.0 ask_v30=0.002797 mid_drift=0.075 spread_ratio=0.6024 ask_vol=0.043818 buffer_n=120 window_30s_n=5
2026-05-16 19:33:29,729 DEBUG signal_engine Skip CIN@CLE line=8.5: runs_needed=4.5 > max=3.5 (total=4)
2026-05-16 19:33:29,896 DEBUG signal_engine Tape capture skip_2026-05-16_824435_8.5_082334: trades_5s=0 trades_30s=0 signed_30s=None ltp_ask_gap_3=-0.32 stale=99.729s raw_n=100 fetch_ok=True
2026-05-16 19:33:30,020 DEBUG signal_engine Family B capture skip_2026-05-16_824435_8.5_082334: ask_touch=1039.54 bid_touch=12.0 imb1=0.0114 imb5=0.3726 depth_below=0 depth_at=0 book_ok=True
2026-05-16 19:33:30,021 DEBUG signal_engine Family C capture skip_2026-05-16_824435_8.5_082334: ask_v5=0.001565 ask_v30=-0.00706 mid_drift=0.065 spread_ratio=0.3041 ask_vol=0.104067 buffer_n=120 window_30s_n=5
2026-05-16 19:36:22,737 DEBUG signal_engine Tape capture skip_2026-05-16_824435_7.5_083606: trades_5s=0 trades_30s=0 signed_30s=None ltp_ask_gap_3=-0.46 stale=272.641s raw_n=100 fetch_ok=True
2026-05-16 19:36:22,861 DEBUG signal_engine Family B capture skip_2026-05-16_824435_7.5_083606: ask_touch=8.0 bid_touch=5.63 imb1=0.4131 imb5=0.0298 depth_below=0 depth_at=0 book_ok=True
2026-05-16 19:36:22,862 DEBUG signal_engine Family C capture skip_2026-05-16_824435_7.5_083606: ask_v5=0.0 ask_v30=0.000939 mid_drift=0.015 spread_ratio=1.0 ask_vol=0.014142 buffer_n=120 window_30s_n=5
2026-05-16 19:36:22,866 DEBUG signal_engine Skip CIN@CLE line=6.5: Gate 8f saturation (base_fv=1.000 >= threshold=0.990) ask=0.960 | market CONFIRMS (ask>=0.85, likely real run)
2026-05-16 19:36:22,944 DEBUG signal_engine Tape capture skip_2026-05-16_824435_6.5_083608: trades_5s=0 trades_30s=0 signed_30s=None ltp_ask_gap_3=-0.53 stale=272.866s raw_n=100 fetch_ok=True
2026-05-16 19:36:23,064 DEBUG signal_engine Family B capture skip_2026-05-16_824435_6.5_083608: ask_touch=270.0 bid_touch=42.0 imb1=0.1346 imb5=0.5164 depth_below=0 depth_at=0 book_ok=True
2026-05-16 19:36:23,067 DEBUG signal_engine Family C capture skip_2026-05-16_824435_6.5_083608: ask_v5=-0.001503 ask_v30=0.000311 mid_drift=-0.01 spread_ratio=0.625 ask_vol=0.005477 buffer_n=120 window_30s_n=5
2026-05-16 19:36:23,079 DEBUG signal_engine Skip CIN@CLE line=8.5: inning 5 bullpen-transition dead zone (rn=2.5 >= threshold 2.5) -- same rn at inn4 is 6W/0L
2026-05-16 19:36:23,149 DEBUG signal_engine Tape capture skip_2026-05-16_824435_8.5_083650: trades_5s=0 trades_30s=0 signed_30s=None ltp_ask_gap_3=-0.37 stale=273.08s raw_n=100 fetch_ok=True
2026-05-16 19:36:23,270 DEBUG signal_engine Family B capture skip_2026-05-16_824435_8.5_083650: ask_touch=346.0 bid_touch=8.0 imb1=0.0226 imb5=0.051 depth_below=0 depth_at=0 book_ok=True
2026-05-16 19:36:23,272 DEBUG signal_engine Family C capture skip_2026-05-16_824435_8.5_083650: ask_v5=-0.001457 ask_v30=0.000309 mid_drift=0.0 spread_ratio=0.9524 ask_vol=0.008367 buffer_n=120 window_30s_n=5
2026-05-16 19:37:40,351 DEBUG mlb_poly_monitor Polling 98 token books (7 active games)
2026-05-16 19:37:46,448 INFO live_engine Calibrated-stake [SHADOW] CIN@CLE line=7.5 calibrated_edge=-0.1197 multiplier=0.500 base=$10.00 -> stake=$10.00 (shadow only -- stake unchanged)
2026-05-16 19:37:46,450 INFO live_engine EV policy [SHADOW] CIN@CLE line=7.5 allow=False p_win=0.772 p_fill=0.610 ev_if_filled=-0.34 ev_per_stake=-0.0210
2026-05-16 19:37:46,450 INFO live_engine LIVE BET [2026-05-16_824435_7.5_0003] CIN@CLE O/U 7.5 OVER | decision_ask=0.810  exec_bid=0.780  exec_ask=0.810  spread=0.030  ltp=0.170  limit=0.800 | FV=0.984 (base=0.988 S2=-0.270 S3=+0.009) | edge=0.174 | inn=B5  outs=0  score=4-2  rn=1.5  runners=1 | stake=$10.00 shares=12.5000 (flat)
2026-05-16 19:37:46,797 DEBUG polymarket_client Order posted: price=0.800  shares=12.5000  max_cost=$10.00  sign=213ms  post=134ms  resp={'errorMsg': '', 'orderID': '0x29ccec25b3d6282d9d3f5d5dd2ea895768ce54e5ac814a5b09a514bbbd3b57a2', 'takingAmount': '', 'makingAmount': '', 'status': 'live', 'success': True}
2026-05-16 19:37:46,797 INFO polymarket_client Order accepted: id=0x29ccec25b3d6282d9d3f5d5dd2ea895768ce54e5ac814a5b09a514bbbd3b57a2  status=live  price=0.800  shares=12.5000  max_cost=$10.00  sign=213ms  post=134ms
2026-05-16 19:37:46,797 INFO live_engine ORDER PLACED [2026-05-16_824435_7.5_0003] order_id=0x29ccec25b3d6282d9d3f5d5dd2ea895768ce54e5ac814a5b09a514bbbd3b57a2  status=live raw_status=live  sign_ms=213  post_ms=134
2026-05-16 19:37:46,804 INFO live_engine === ORDER LIFECYCLE SUMMARY (2026-05-16) -- placed=3 filled=2 (67%) never_filled=0 other_cancel=0 reserved_on_misses=$0.00 ===
2026-05-16 19:37:46,804 INFO live_engine === GAME SUMMARY (2026-05-16) ===
2026-05-16 19:37:46,804 INFO live_engine   BAL@WSH  final=3-13 (total=16) | O8.5(FILL,W,+6.13)  O10.5(FILL,W,+4.28)
2026-05-16 19:37:46,875 DEBUG signal_engine Tape capture 2026-05-16_824435_7.5_0003: trades_5s=0 trades_30s=0 signed_30s=None ltp_ask_gap_3=-0.38 stale=356.323s raw_n=100 fetch_ok=True
2026-05-16 19:37:47,004 DEBUG signal_engine Family B capture 2026-05-16_824435_7.5_0003: ask_touch=508.0 bid_touch=12.5 imb1=0.024 imb5=0.7144 depth_below=0 depth_at=0 book_ok=True
2026-05-16 19:37:47,005 DEBUG signal_engine Family C capture 2026-05-16_824435_7.5_0003: ask_v5=-0.004702 ask_v30=-0.000939 mid_drift=-0.04 spread_ratio=0.6522 ask_vol=0.020736 buffer_n=120 window_30s_n=5
2026-05-16 19:37:47,007 DEBUG signal_engine Book capture started: 2026-05-16_824435_7.5_0003  token=101733401833...252006  duration=120s interval=1.0s
2026-05-16 19:37:47,138 DEBUG live_engine Ask-reversal monitor [2026-05-16_824435_7.5_0003] age=0.2s  entry_ask=0.810  current_ask=0.810  drop=+0.000  threshold=0.080
2026-05-16 19:37:47,275 DEBUG live_engine FV check [2026-05-16_824435_7.5_0003] age=0.5s < min_age=90.0s -- hold period active
2026-05-16 19:37:47,275 DEBUG mlb_poly_monitor Wrote 98 tick snapshots
2026-05-16 19:37:53,771 DEBUG live_engine Ask-reversal monitor [2026-05-16_824435_7.5_0003] age=6.9s  entry_ask=0.810  current_ask=0.860  drop=-0.050  threshold=0.080
2026-05-16 19:37:53,772 INFO live_engine Ask-reversal window expired [2026-05-16_824435_7.5_0003] entry_ask=0.810  window=5.0s  current_ask=0.860  drop=-0.050  (threshold=0.080  window=5s -- no cancel triggered)
2026-05-16 19:37:53,772 DEBUG live_engine Suppressed duplicate live ledger event bet_id=2026-05-16_824435_7.5_0003 order_id=0x29ccec25b3d6282d9d3f5d5dd2ea895768ce54e5ac814a5b09a514bbbd3b57a2 event=live
2026-05-16 19:37:53,776 INFO live_engine === ORDER LIFECYCLE SUMMARY (2026-05-16) -- placed=3 filled=2 (67%) never_filled=0 other_cancel=0 reserved_on_misses=$0.00 ===
2026-05-16 19:37:53,776 INFO live_engine === GAME SUMMARY (2026-05-16) ===
2026-05-16 19:37:53,776 INFO live_engine   BAL@WSH  final=3-13 (total=16) | O8.5(FILL,W,+6.13)  O10.5(FILL,W,+4.28)
2026-05-16 19:38:00,214 DEBUG signal_engine Skip CIN@CLE line=6.5: Gate 8f saturation (base_fv=1.000 >= threshold=0.990) ask=0.960 | market CONFIRMS (ask>=0.85, likely real run)
2026-05-16 19:38:00,315 DEBUG signal_engine Tape capture skip_2026-05-16_824435_6.5_084367: trades_5s=0 trades_30s=0 signed_30s=None ltp_ask_gap_3=-0.53 stale=370.215s raw_n=100 fetch_ok=True
2026-05-16 19:38:00,449 DEBUG signal_engine Family B capture skip_2026-05-16_824435_6.5_084367: ask_touch=1034.99 bid_touch=181.0 imb1=0.1488 imb5=0.0533 depth_below=0 depth_at=0 book_ok=True
2026-05-16 19:38:00,450 DEBUG signal_engine Family C capture skip_2026-05-16_824435_6.5_084367: ask_v5=0.003044 ask_v30=0.0 mid_drift=0.0 spread_ratio=1.2963 ask_vol=0.013038 buffer_n=120 window_30s_n=5
2026-05-16 19:38:00,452 DEBUG signal_engine Skip CIN@CLE line=8.5: inning 5 bullpen-transition dead zone (rn=2.5 >= threshold 2.5) -- same rn at inn4 is 6W/0L
2026-05-16 19:38:00,522 DEBUG signal_engine Tape capture skip_2026-05-16_824435_8.5_084372: trades_5s=0 trades_30s=0 signed_30s=None ltp_ask_gap_3=-0.3 stale=370.452s raw_n=100 fetch_ok=True
2026-05-16 19:38:00,646 DEBUG signal_engine Family B capture skip_2026-05-16_824435_8.5_084372: ask_touch=1201.54 bid_touch=8.0 imb1=0.0066 imb5=0.0813 depth_below=0 depth_at=0 book_ok=True
2026-05-16 19:38:00,648 DEBUG signal_engine Family C capture skip_2026-05-16_824435_8.5_084372: ask_v5=0.001468 ask_v30=-0.000744 mid_drift=-0.015 spread_ratio=1.1538 ask_vol=0.017889 buffer_n=120 window_30s_n=5
2026-05-16 19:38:00,765 DEBUG live_engine Ask-reversal monitor [2026-05-16_824435_7.5_0003] age=13.9s  entry_ask=0.810  current_ask=0.840  drop=-0.030  threshold=0.080
2026-05-16 19:38:00,951 DEBUG live_engine FV check [2026-05-16_824435_7.5_0003] age=14.2s < min_age=90.0s -- hold period active
2026-05-16 19:38:13,907 DEBUG live_engine FV check [2026-05-16_824435_7.5_0003] age=27.1s < min_age=90.0s -- hold period active
2026-05-16 19:38:26,838 DEBUG live_engine FV check [2026-05-16_824435_7.5_0003] age=40.0s < min_age=90.0s -- hold period active
2026-05-16 19:38:39,803 DEBUG live_engine FV check [2026-05-16_824435_7.5_0003] age=53.0s < min_age=90.0s -- hold period active
2026-05-16 19:38:52,735 DEBUG live_engine FV check [2026-05-16_824435_7.5_0003] age=65.9s < min_age=90.0s -- hold period active
2026-05-16 19:39:05,784 DEBUG live_engine FV check [2026-05-16_824435_7.5_0003] age=79.0s < min_age=90.0s -- hold period active
2026-05-16 19:39:18,784 DEBUG live_engine FV check [2026-05-16_824435_7.5_0003] current_fv=0.884  limit=0.800  edge_at_limit=0.084  OK
2026-05-16 19:39:31,722 DEBUG live_engine FV check [2026-05-16_824435_7.5_0003] current_fv=0.884  limit=0.800  edge_at_limit=0.084  OK
2026-05-16 19:39:44,702 DEBUG live_engine FV check [2026-05-16_824435_7.5_0003] current_fv=0.884  limit=0.800  edge_at_limit=0.084  OK
2026-05-16 19:39:46,426 DEBUG signal_engine Book capture complete: 2026-05-16_824435_7.5_0003  (121 snapshots)
2026-05-16 19:39:57,651 DEBUG live_engine FV check [2026-05-16_824435_7.5_0003] current_fv=0.884  limit=0.800  edge_at_limit=0.084  OK
2026-05-16 19:40:10,672 DEBUG live_engine FV check [2026-05-16_824435_7.5_0003] current_fv=0.884  limit=0.800  edge_at_limit=0.084  OK
2026-05-16 19:40:23,666 DEBUG live_engine FV check [2026-05-16_824435_7.5_0003] current_fv=0.884  limit=0.800  edge_at_limit=0.084  OK
2026-05-16 19:40:36,588 INFO live_engine ORDER FILLED [2026-05-16_824435_7.5_0003] order_id=0x29ccec25b3d6282d9d3f5d5dd2ea895768ce54e5ac814a5b09a514bbbd3b57a2  fill_price=0.800  size=12.50
2026-05-16 19:40:36,594 INFO live_engine === ORDER LIFECYCLE SUMMARY (2026-05-16) -- placed=3 filled=3 (100%) never_filled=0 other_cancel=0 reserved_on_misses=$0.00 ===
2026-05-16 19:40:36,594 INFO live_engine === GAME SUMMARY (2026-05-16) ===
2026-05-16 19:40:36,594 INFO live_engine   BAL@WSH  final=3-13 (total=16) | O8.5(FILL,W,+6.13)  O10.5(FILL,W,+4.28)
2026-05-16 19:42:50,938 DEBUG signal_engine Skip CIN@CLE line=6.5: Gate 8f saturation (base_fv=1.000 >= threshold=0.990) ask=0.910 | market CONFIRMS (ask>=0.85, likely real run)
2026-05-16 19:42:51,152 DEBUG signal_engine Tape capture skip_2026-05-16_824435_6.5_086455: trades_5s=0 trades_30s=0 signed_30s=None ltp_ask_gap_3=-0.3367 stale=58.937s raw_n=100 fetch_ok=True
2026-05-16 19:42:51,284 DEBUG signal_engine Family B capture skip_2026-05-16_824435_6.5_086455: ask_touch=709.0 bid_touch=203.0 imb1=0.2226 imb5=0.4818 depth_below=0 depth_at=0 book_ok=True
2026-05-16 19:42:51,285 DEBUG signal_engine Family C capture skip_2026-05-16_824435_6.5_086455: ask_v5=0.0 ask_v30=0.0 mid_drift=0.0 spread_ratio=1.0 ask_vol=0.0 buffer_n=120 window_30s_n=5
2026-05-16 19:42:51,286 DEBUG signal_engine Skip CIN@CLE line=8.5: inning 6 setup-reliever dead zone (rn=2.5 >= threshold 2.5) -- 5yr backtest: 63% WR on 1569 bets
2026-05-16 19:42:51,490 DEBUG signal_engine Tape capture skip_2026-05-16_824435_8.5_086458: trades_5s=0 trades_30s=0 signed_30s=None ltp_ask_gap_3=-0.0867 stale=59.287s raw_n=100 fetch_ok=True
2026-05-16 19:42:51,612 DEBUG signal_engine Family B capture skip_2026-05-16_824435_8.5_086458: ask_touch=1050.46 bid_touch=703.0 imb1=0.4009 imb5=0.4325 depth_below=0 depth_at=0 book_ok=True
2026-05-16 19:42:51,613 DEBUG signal_engine Family C capture skip_2026-05-16_824435_8.5_086458: ask_v5=0.0 ask_v30=0.0 mid_drift=0.0 spread_ratio=1.0 ask_vol=0.0 buffer_n=120 window_30s_n=5
2026-05-16 19:44:59,451 DEBUG signal_engine Skip CIN@CLE line=6.5: Gate 8f saturation (base_fv=1.000 >= threshold=0.990) ask=0.920 | market CONFIRMS (ask>=0.85, likely real run)
2026-05-16 19:44:59,534 DEBUG signal_engine Tape capture skip_2026-05-16_824435_6.5_087405: trades_5s=0 trades_30s=0 signed_30s=None ltp_ask_gap_3=-0.3467 stale=187.452s raw_n=100 fetch_ok=True
2026-05-16 19:44:59,657 DEBUG signal_engine Family B capture skip_2026-05-16_824435_6.5_087405: ask_touch=500.0 bid_touch=166.0 imb1=0.2492 imb5=0.0462 depth_below=500.0 depth_at=500.0 book_ok=True
2026-05-16 19:44:59,660 DEBUG signal_engine Family C capture skip_2026-05-16_824435_6.5_087405: ask_v5=0.0 ask_v30=0.0 mid_drift=0.005 spread_ratio=0.8537 ask_vol=0.008944 buffer_n=120 window_30s_n=5
2026-05-16 19:44:59,666 DEBUG signal_engine Skip CIN@CLE line=8.5: inning 6 setup-reliever dead zone (rn=2.5 >= threshold 2.5) -- 5yr backtest: 63% WR on 1569 bets
2026-05-16 19:44:59,738 DEBUG signal_engine Tape capture skip_2026-05-16_824435_8.5_087421: trades_5s=0 trades_30s=0 signed_30s=None ltp_ask_gap_3=-0.0567 stale=187.667s raw_n=100 fetch_ok=True
2026-05-16 19:44:59,860 DEBUG signal_engine Family B capture skip_2026-05-16_824435_8.5_087421: ask_touch=1031.54 bid_touch=4660.64 imb1=0.8188 imb5=0.5151 depth_below=1031.54 depth_at=1031.54 book_ok=True
2026-05-16 19:44:59,862 DEBUG signal_engine Family C capture skip_2026-05-16_824435_8.5_087421: ask_v5=0.0 ask_v30=-0.000622 mid_drift=-0.02 spread_ratio=0.1667 ask_vol=0.046583 buffer_n=120 window_30s_n=5
2026-05-16 19:45:57,790 DEBUG mlb_poly_monitor Schedule state-change rollup for 2026-05-16: changes_total=200 changes_since_last_log=25 games=15 live=7 final=6 states=live=5|final=1:72, live=7|final=6:32, live=5|final=2:30, live=4|final=2:22
2026-05-16 19:46:03,753 DEBUG signal_engine Skip CIN@CLE line=6.5: Gate 8f saturation (base_fv=1.000 >= threshold=0.990) ask=0.930 | market CONFIRMS (ask>=0.85, likely real run)
2026-05-16 19:46:03,829 DEBUG signal_engine Tape capture skip_2026-05-16_824435_6.5_087864: trades_5s=0 trades_30s=0 signed_30s=None ltp_ask_gap_3=-0.3567 stale=251.753s raw_n=100 fetch_ok=True
2026-05-16 19:46:03,952 DEBUG signal_engine Family B capture skip_2026-05-16_824435_6.5_087864: ask_touch=5.0 bid_touch=45.0 imb1=0.9 imb5=0.9665 depth_below=0 depth_at=0 book_ok=True
2026-05-16 19:46:03,954 DEBUG signal_engine Family C capture skip_2026-05-16_824435_6.5_087864: ask_v5=0.006238 ask_v30=0.0 mid_drift=-0.02 spread_ratio=2.069 ask_vol=0.019494 buffer_n=120 window_30s_n=5
2026-05-16 19:46:10,353 DEBUG signal_engine Skip CIN@CLE line=8.5: inning 6 setup-reliever dead zone (rn=2.5 >= threshold 2.5) -- 5yr backtest: 63% WR on 1569 bets
2026-05-16 19:46:10,465 DEBUG signal_engine Tape capture skip_2026-05-16_824435_8.5_087945: trades_5s=0 trades_30s=0 signed_30s=None ltp_ask_gap_3=-0.0367 stale=258.353s raw_n=100 fetch_ok=True
2026-05-16 19:46:10,595 DEBUG signal_engine Family B capture skip_2026-05-16_824435_8.5_087945: ask_touch=1039.54 bid_touch=8.0 imb1=0.0076 imb5=0.4251 depth_below=0 depth_at=0 book_ok=True
2026-05-16 19:46:10,597 DEBUG signal_engine Family C capture skip_2026-05-16_824435_8.5_087945: ask_v5=-0.007815 ask_v30=-0.000932 mid_drift=-0.01 spread_ratio=0.2222 ask_vol=0.017889 buffer_n=120 window_30s_n=5
2026-05-16 19:49:15,908 DEBUG signal_engine Skip CIN@CLE line=8.5: inning 6 setup-reliever dead zone (rn=2.5 >= threshold 2.5) -- 5yr backtest: 63% WR on 1569 bets
2026-05-16 19:49:16,087 DEBUG signal_engine Tape capture skip_2026-05-16_824435_8.5_089271: trades_5s=0 trades_30s=0 signed_30s=None ltp_ask_gap_3=-0.0863 stale=144.909s raw_n=100 fetch_ok=True
2026-05-16 19:49:16,198 DEBUG signal_engine Family B capture skip_2026-05-16_824435_8.5_089271: ask_touch=5615.5 bid_touch=8.0 imb1=0.0014 imb5=0.4932 depth_below=0 depth_at=0 book_ok=True
2026-05-16 19:49:16,200 DEBUG signal_engine Family C capture skip_2026-05-16_824435_8.5_089271: ask_v5=0.0 ask_v30=0.0 mid_drift=-0.005 spread_ratio=1.3636 ask_vol=0.0 buffer_n=120 window_30s_n=5
2026-05-16 19:49:16,203 DEBUG signal_engine Skip CIN@CLE line=6.5: Gate 8f saturation (base_fv=1.000 >= threshold=0.990) ask=0.910 | market CONFIRMS (ask>=0.85, likely real run)
2026-05-16 19:49:16,398 DEBUG signal_engine Tape capture skip_2026-05-16_824435_6.5_089282: trades_5s=0 trades_30s=0 signed_30s=None ltp_ask_gap_3=-0.3963 stale=145.203s raw_n=100 fetch_ok=True
2026-05-16 19:49:16,501 DEBUG signal_engine Family B capture skip_2026-05-16_824435_6.5_089282: ask_touch=49.5 bid_touch=1195.99 imb1=0.9603 imb5=0.8062 depth_below=49.5 depth_at=49.5 book_ok=True
2026-05-16 19:49:16,502 DEBUG signal_engine Family C capture skip_2026-05-16_824435_6.5_089282: ask_v5=0.004461 ask_v30=0.001242 mid_drift=0.01 spread_ratio=1.5217 ask_vol=0.018708 buffer_n=120 window_30s_n=5
2026-05-16 19:50:52,318 DEBUG signal_engine runtime debug rollup: events=82 unique_keys=6 by_kind={'inference_fallback': 68, 'stage2_adj': 14}
2026-05-16 19:50:52,318 DEBUG signal_engine runtime debug rollup detail kind=inference_fallback count=24 game=CIN@CLE line=6.5 inning=5 state=B5|outs=2|score=4-2|runners=2 source_key=po65 example=inference fallback CIN@CLE line=6.5: cell=4_3_5_B_2_0 level=1 label=bases_empty (line_mode=exact src=po65)
2026-05-16 19:50:52,318 DEBUG signal_engine runtime debug rollup detail kind=inference_fallback count=15 game=CIN@CLE line=6.5 inning=5 state=B5|outs=0|score=4-2|runners=1 source_key=po65 example=inference fallback CIN@CLE line=6.5: cell=4_3_5_B_0_0 level=1 label=bases_empty (line_mode=exact src=po65)
2026-05-16 19:50:52,318 DEBUG signal_engine runtime debug rollup detail kind=inference_fallback count=14 game=CIN@CLE line=7.5 inning=5 state=B5|outs=0|score=4-2|runners=1 source_key=po75 example=inference fallback CIN@CLE line=7.5: cell=4_3_5_B_0_0 level=1 label=bases_empty (line_mode=exact src=po75)
2026-05-16 19:50:52,318 DEBUG signal_engine runtime debug rollup detail kind=stage2_adj count=14 game=CIN@CLE line=7.5 inning=5 state=B5|outs=0|score=4-2|runners=1 source_key=Progressive Field example=Stage-2 adj CIN@CLE line=7.5 inn=5: fv=0.988 -> 0.984  (delta=-0.270  weather_source='weather_v2:open-meteo:ok:usable'  park='Progressive Field'  temp_bin='65-79F'  wind_bin='out_6to9')
2026-05-16 19:50:52,318 DEBUG signal_engine runtime debug rollup detail kind=inference_fallback count=10 game=CIN@CLE line=6.5 inning=6 state=T6|outs=2|score=4-2|runners=1 source_key=po65 example=inference fallback CIN@CLE line=6.5: cell=5_2_6_T_2_0 level=1 label=bases_empty (line_mode=exact src=po65)
2026-05-16 19:50:52,318 DEBUG signal_engine runtime debug rollup detail kind=inference_fallback count=5 game=CIN@CLE line=6.5 inning=5 state=B5|outs=2|score=4-2|runners=4 source_key=po65 example=inference fallback CIN@CLE line=6.5: cell=4_3_5_B_2_0 level=1 label=bases_empty (line_mode=exact src=po65)
2026-05-16 19:51:49,760 WARNING signal_engine tick_buffer health: 77 line_states, 77 nonempty, len min/median/max=120/120/120, newest_age max=9786.1s, oldest_age max=10343.2s
2026-05-16 19:52:34,456 DEBUG signal_engine Skip CIN@CLE line=9.5: inning 6 setup-reliever dead zone (rn=3.5 >= threshold 2.5) -- 5yr backtest: 63% WR on 1569 bets
2026-05-16 19:52:34,667 DEBUG signal_engine Tape capture skip_2026-05-16_824435_9.5_090762: trades_5s=0 trades_30s=0 signed_30s=None ltp_ask_gap_3=0.2977 stale=42.457s raw_n=100 fetch_ok=True
2026-05-16 19:52:34,779 DEBUG signal_engine Family B capture skip_2026-05-16_824435_9.5_090762: ask_touch=6.0 bid_touch=8.69 imb1=0.5916 imb5=0.5761 depth_below=0 depth_at=0 book_ok=True
2026-05-16 19:52:34,781 DEBUG signal_engine Family C capture skip_2026-05-16_824435_9.5_090762: ask_v5=-0.003138 ask_v30=0.005642 mid_drift=0.165 spread_ratio=0.3012 ask_vol=0.142899 buffer_n=120 window_30s_n=5
2026-05-16 19:55:39,784 DEBUG signal_engine Skip CIN@CLE line=9.5: inning 6 setup-reliever dead zone (rn=3.5 >= threshold 2.5) -- 5yr backtest: 63% WR on 1569 bets
2026-05-16 19:55:39,873 DEBUG signal_engine Tape capture skip_2026-05-16_824435_9.5_092083: trades_5s=0 trades_30s=0 signed_30s=None ltp_ask_gap_3=0.2977 stale=227.785s raw_n=100 fetch_ok=True
2026-05-16 19:55:39,980 DEBUG signal_engine Family B capture skip_2026-05-16_824435_9.5_092083: ask_touch=25.1 bid_touch=49.0 imb1=0.6613 imb5=0.5556 depth_below=0 depth_at=0 book_ok=True
2026-05-16 19:55:39,981 DEBUG signal_engine Family C capture skip_2026-05-16_824435_9.5_092083: ask_v5=0.012441 ask_v30=0.003133 mid_drift=0.03 spread_ratio=3.2609 ask_vol=0.038471 buffer_n=120 window_30s_n=5
2026-05-16 19:55:39,986 DEBUG signal_engine Skip CIN@CLE line=6.5: Gate 8f saturation (base_fv=1.000 >= threshold=0.990) ask=0.970 | market CONFIRMS (ask>=0.85, likely real run)
2026-05-16 19:55:40,181 DEBUG signal_engine Tape capture skip_2026-05-16_824435_6.5_092093: trades_5s=0 trades_30s=0 signed_30s=None ltp_ask_gap_3=-0.0423 stale=227.986s raw_n=100 fetch_ok=True
2026-05-16 19:55:40,289 DEBUG signal_engine Family B capture skip_2026-05-16_824435_6.5_092093: ask_touch=5.0 bid_touch=10.0 imb1=0.6667 imb5=0.8387 depth_below=0 depth_at=0 book_ok=True
2026-05-16 19:55:40,290 DEBUG signal_engine Family C capture skip_2026-05-16_824435_6.5_092093: ask_v5=0.0 ask_v30=-0.000311 mid_drift=-0.005 spread_ratio=0.6 ask_vol=0.008367 buffer_n=120 window_30s_n=5
2026-05-16 19:55:40,299 DEBUG signal_engine Skip CIN@CLE line=8.5: inning 6 setup-reliever dead zone (rn=2.5 >= threshold 2.5) -- 5yr backtest: 63% WR on 1569 bets
2026-05-16 19:55:40,488 DEBUG signal_engine Tape capture skip_2026-05-16_824435_8.5_092111: trades_5s=0 trades_30s=0 signed_30s=None ltp_ask_gap_3=0.1477 stale=228.3s raw_n=100 fetch_ok=True
2026-05-16 19:55:40,600 DEBUG signal_engine Family B capture skip_2026-05-16_824435_8.5_092111: ask_touch=6.0 bid_touch=6.0 imb1=0.5 imb5=0.0306 depth_below=0 depth_at=0 book_ok=True
2026-05-16 19:55:40,602 DEBUG signal_engine Family C capture skip_2026-05-16_824435_8.5_092111: ask_v5=0.0 ask_v30=0.0 mid_drift=-0.015 spread_ratio=2.1429 ask_vol=0.008944 buffer_n=120 window_30s_n=5
2026-05-16 19:56:44,423 DEBUG signal_engine Skip CIN@CLE line=8.5: Stage-2 extreme suppression gate (s2_delta=-0.201 <= threshold=-0.200  inn=6 >= 6) - extreme park/weather suppression
2026-05-16 19:56:44,493 DEBUG signal_engine Tape capture skip_2026-05-16_824435_8.5_092527: trades_5s=0 trades_30s=0 signed_30s=None ltp_ask_gap_3=-0.0123 stale=292.424s raw_n=100 fetch_ok=True
2026-05-16 19:56:44,625 DEBUG signal_engine Family B capture skip_2026-05-16_824435_8.5_092527: ask_touch=6.0 bid_touch=20.0 imb1=0.7692 imb5=0.9516 depth_below=0 depth_at=0 book_ok=True
2026-05-16 19:56:44,627 DEBUG signal_engine Family C capture skip_2026-05-16_824435_8.5_092527: ask_v5=-0.003112 ask_v30=-0.000627 mid_drift=-0.035 spread_ratio=0.6198 ask_vol=0.013416 buffer_n=120 window_30s_n=5
2026-05-16 19:56:44,835 DEBUG signal_engine Tape capture skip_2026-05-16_824600_7.5_092537: trades_5s=0 trades_30s=0 signed_30s=None ltp_ask_gap_3=0.0377 stale=292.634s raw_n=100 fetch_ok=True
2026-05-16 19:56:44,939 DEBUG signal_engine Family B capture skip_2026-05-16_824600_7.5_092537: ask_touch=255.0 bid_touch=255.0 imb1=0.5 imb5=0.37 depth_below=0 depth_at=0 book_ok=True
2026-05-16 19:56:44,940 DEBUG signal_engine Family C capture skip_2026-05-16_824600_7.5_092537: ask_v5=-0.001509 ask_v30=0.000311 mid_drift=0.02 spread_ratio=0.3529 ask_vol=0.013416 buffer_n=120 window_30s_n=5
2026-05-16 19:56:57,689 DEBUG signal_engine Skip CIN@CLE line=9.5: inning 6 setup-reliever dead zone (rn=2.5 >= threshold 2.5) -- 5yr backtest: 63% WR on 1569 bets
2026-05-16 19:56:57,778 DEBUG signal_engine Tape capture skip_2026-05-16_824435_9.5_092600: trades_5s=0 trades_30s=0 signed_30s=None ltp_ask_gap_3=0.1277 stale=305.689s raw_n=100 fetch_ok=True
2026-05-16 19:56:57,884 DEBUG signal_engine Family B capture skip_2026-05-16_824435_9.5_092600: ask_touch=6555.78 bid_touch=5415.02 imb1=0.4524 imb5=0.4569 depth_below=0 depth_at=0 book_ok=True
2026-05-16 19:56:57,886 DEBUG signal_engine Family C capture skip_2026-05-16_824435_9.5_092600: ask_v5=-0.00942 ask_v30=0.003084 mid_drift=0.07 spread_ratio=0.7391 ask_vol=0.082462 buffer_n=120 window_30s_n=5
2026-05-16 19:57:17,081 DEBUG signal_engine Skip BOS@ATL line=6.5: current_total=1 < min=4 (mode=shadow arm=strict_block relax_pass=False)
2026-05-16 19:57:17,092 DEBUG signal_engine Skip BOS@ATL line=5.5: current_total=1 < min=4 (mode=shadow arm=strict_block relax_pass=False)
2026-05-16 19:58:21,091 DEBUG signal_engine Tape capture skip_2026-05-16_824600_7.5_093169: trades_5s=0 trades_30s=0 signed_30s=None ltp_ask_gap_3=0.0977 stale=388.99s raw_n=100 fetch_ok=True
2026-05-16 19:58:21,202 DEBUG signal_engine Family B capture skip_2026-05-16_824600_7.5_093169: ask_touch=500.0 bid_touch=1274.03 imb1=0.7182 imb5=0.4211 depth_below=0 depth_at=0 book_ok=True
2026-05-16 19:58:21,203 DEBUG signal_engine Family C capture skip_2026-05-16_824600_7.5_093169: ask_v5=-0.004668 ask_v30=-0.000626 mid_drift=-0.005 spread_ratio=0.4286 ask_vol=0.016432 buffer_n=120 window_30s_n=5
2026-05-16 19:58:40,343 DEBUG signal_engine Skip BOS@ATL line=7.5: current_total=1 < min=4 (mode=shadow arm=strict_block relax_pass=False)
2026-05-16 19:59:44,226 DEBUG signal_engine Skip CIN@CLE line=10.5: inning 6 setup-reliever dead zone (rn=3.5 >= threshold 2.5) -- 5yr backtest: 63% WR on 1569 bets
2026-05-16 19:59:44,451 DEBUG signal_engine Tape capture skip_2026-05-16_824435_10.5_093735: trades_5s=0 trades_30s=0 signed_30s=None ltp_ask_gap_3=0.0933 stale=172.226s raw_n=100 fetch_ok=True
2026-05-16 19:59:44,561 DEBUG signal_engine Family B capture skip_2026-05-16_824435_10.5_093735: ask_touch=6127.5 bid_touch=10242.22 imb1=0.6257 imb5=0.4986 depth_below=0 depth_at=0 book_ok=True
2026-05-16 19:59:44,562 DEBUG signal_engine Family C capture skip_2026-05-16_824435_10.5_093735: ask_v5=-0.048643 ask_v30=0.001253 mid_drift=0.035 spread_ratio=0.3636 ask_vol=0.153036 buffer_n=120 window_30s_n=5
2026-05-16 20:01:33,229 DEBUG signal_engine Tape capture skip_2026-05-16_824600_7.5_094402: trades_5s=0 trades_30s=0 signed_30s=None ltp_ask_gap_3=0.1077 stale=581.154s raw_n=100 fetch_ok=True
2026-05-16 20:01:33,342 DEBUG signal_engine Family B capture skip_2026-05-16_824600_7.5_094402: ask_touch=99.0 bid_touch=255.0 imb1=0.7203 imb5=0.5172 depth_below=0 depth_at=0 book_ok=True
2026-05-16 20:01:33,343 DEBUG signal_engine Family C capture skip_2026-05-16_824600_7.5_094402: ask_v5=-0.006238 ask_v30=-0.00188 mid_drift=-0.03 spread_ratio=0.4651 ask_vol=0.024495 buffer_n=120 window_30s_n=5
2026-05-16 20:01:46,122 DEBUG signal_engine Skip MIL@MIN line=6.5: current_total=1 < min=4 (mode=shadow arm=strict_block relax_pass=False)
2026-05-16 20:03:41,218 DEBUG signal_engine Skip CIN@CLE line=9.5: Stage-2 extreme suppression gate (s2_delta=-0.201 <= threshold=-0.200  inn=6 >= 6) - extreme park/weather suppression
2026-05-16 20:03:41,448 DEBUG signal_engine Tape capture skip_2026-05-16_824435_9.5_095214: trades_5s=0 trades_30s=0 signed_30s=None ltp_ask_gap_3=-0.2137 stale=108.218s raw_n=100 fetch_ok=True
2026-05-16 20:03:41,557 DEBUG signal_engine Family B capture skip_2026-05-16_824435_9.5_095214: ask_touch=4657.0 bid_touch=4649.0 imb1=0.4996 imb5=0.5008 depth_below=0 depth_at=0 book_ok=True
2026-05-16 20:03:41,559 DEBUG signal_engine Family C capture skip_2026-05-16_824435_9.5_095214: ask_v5=-0.004646 ask_v30=-0.000313 mid_drift=-0.005 spread_ratio=0.4255 ask_vol=0.013416 buffer_n=120 window_30s_n=5
2026-05-16 20:03:41,564 DEBUG signal_engine Skip CIN@CLE line=10.5: inning 6 setup-reliever dead zone (rn=2.5 >= threshold 2.5) -- 5yr backtest: 63% WR on 1569 bets
2026-05-16 20:03:41,635 DEBUG signal_engine Tape capture skip_2026-05-16_824435_10.5_095227: trades_5s=0 trades_30s=0 signed_30s=None ltp_ask_gap_3=0.0733 stale=409.564s raw_n=100 fetch_ok=True
2026-05-16 20:03:41,749 DEBUG signal_engine Family B capture skip_2026-05-16_824435_10.5_095227: ask_touch=12318.51 bid_touch=8.0 imb1=0.0006 imb5=0.5103 depth_below=0 depth_at=0 book_ok=True
2026-05-16 20:03:41,750 DEBUG signal_engine Family C capture skip_2026-05-16_824435_10.5_095227: ask_v5=0.0 ask_v30=0.0 mid_drift=0.005 spread_ratio=0.4412 ask_vol=0.029496 buffer_n=120 window_30s_n=5
2026-05-16 20:05:17,829 DEBUG signal_engine Tape capture skip_2026-05-16_824600_7.5_095818: trades_5s=0 trades_30s=0 signed_30s=None ltp_ask_gap_3=-0.3337 stale=204.604s raw_n=100 fetch_ok=True
2026-05-16 20:05:17,939 DEBUG signal_engine Family B capture skip_2026-05-16_824600_7.5_095818: ask_touch=255.0 bid_touch=255.0 imb1=0.5 imb5=0.2913 depth_below=0 depth_at=0 book_ok=True
2026-05-16 20:05:17,940 DEBUG signal_engine Family C capture skip_2026-05-16_824600_7.5_095818: ask_v5=-0.001552 ask_v30=0.001251 mid_drift=0.05 spread_ratio=0.2212 ask_vol=0.020494 buffer_n=120 window_30s_n=5
2026-05-16 20:06:22,026 DEBUG signal_engine Skip CIN@CLE line=9.5: Stage-2 extreme suppression gate (s2_delta=-0.201 <= threshold=-0.200  inn=7 >= 6) - extreme park/weather suppression
2026-05-16 20:06:22,123 DEBUG signal_engine Tape capture skip_2026-05-16_824435_9.5_096218: trades_5s=0 trades_30s=0 signed_30s=None ltp_ask_gap_3=-0.1437 stale=269.025s raw_n=100 fetch_ok=True
2026-05-16 20:06:22,237 DEBUG signal_engine Family B capture skip_2026-05-16_824435_9.5_096218: ask_touch=8.0 bid_touch=1021.3 imb1=0.9922 imb5=0.6131 depth_below=0 depth_at=0 book_ok=True
2026-05-16 20:06:22,239 DEBUG signal_engine Family C capture skip_2026-05-16_824435_9.5_096218: ask_v5=-0.028023 ask_v30=-0.000313 mid_drift=-0.035 spread_ratio=0.7778 ask_vol=0.075697 buffer_n=120 window_30s_n=5
2026-05-16 20:06:28,606 DEBUG signal_engine Skip TEX@HOU line=5.5: current_total=2 < min=4 (mode=shadow arm=strict_block relax_pass=False)
2026-05-16 20:06:28,613 DEBUG signal_engine Skip TEX@HOU line=6.5: current_total=2 < min=4 (mode=shadow arm=strict_block relax_pass=False)
2026-05-16 20:07:06,990 DEBUG signal_engine Skip MIL@MIN line=6.5: current_total=1 < min=4 (mode=shadow arm=strict_block relax_pass=False)
2026-05-16 20:07:07,000 DEBUG signal_engine Skip MIL@MIN line=5.5: current_total=1 < min=4 (mode=shadow arm=strict_block relax_pass=False)
2026-05-16 20:07:26,188 DEBUG signal_engine Skip CIN@CLE line=9.5: Stage-2 extreme suppression gate (s2_delta=-0.201 <= threshold=-0.200  inn=7 >= 6) - extreme park/weather suppression
2026-05-16 20:07:26,279 DEBUG signal_engine Tape capture skip_2026-05-16_824435_9.5_096607: trades_5s=0 trades_30s=0 signed_30s=None ltp_ask_gap_3=-0.1337 stale=333.187s raw_n=100 fetch_ok=True
2026-05-16 20:07:26,403 DEBUG signal_engine Family B capture skip_2026-05-16_824435_9.5_096607: ask_touch=167.0 bid_touch=8.0 imb1=0.0457 imb5=0.5298 depth_below=0 depth_at=0 book_ok=True
2026-05-16 20:07:26,405 DEBUG signal_engine Family C capture skip_2026-05-16_824435_9.5_096607: ask_v5=0.0 ask_v30=0.000313 mid_drift=0.005 spread_ratio=0.8333 ask_vol=0.0 buffer_n=120 window_30s_n=5
2026-05-16 20:07:51,929 DEBUG signal_engine Skip CIN@CLE line=8.5: Gate 8f saturation (base_fv=1.000 >= threshold=0.990) ask=0.999 | market CONFIRMS (ask>=0.85, likely real run)
2026-05-16 20:07:52,109 DEBUG signal_engine Tape capture skip_2026-05-16_824435_8.5_096785: trades_5s=0 trades_30s=0 signed_30s=None ltp_ask_gap_3=-0.5749 stale=57.93s raw_n=100 fetch_ok=True
2026-05-16 20:07:52,217 DEBUG signal_engine Family B capture skip_2026-05-16_824435_8.5_096785: ask_touch=50.0 bid_touch=99.31 imb1=0.6651 imb5=0.9303 depth_below=50.0 depth_at=50.0 book_ok=True
2026-05-16 20:07:52,219 DEBUG signal_engine Family C capture skip_2026-05-16_824435_8.5_096785: ask_v5=None ask_v30=None mid_drift=None spread_ratio=None ask_vol=None buffer_n=120 window_30s_n=1
2026-05-16 20:08:30,545 DEBUG signal_engine Skip MIL@MIN line=6.5: current_total=2 < min=4 (mode=shadow arm=strict_block relax_pass=False)
2026-05-16 20:09:34,400 DEBUG signal_engine Skip CIN@CLE line=8.5: Gate 8f saturation (base_fv=1.000 >= threshold=0.990) ask=0.999 | market CONFIRMS (ask>=0.85, likely real run)
2026-05-16 20:09:34,507 DEBUG signal_engine Tape capture skip_2026-05-16_824435_8.5_097395: trades_5s=0 trades_30s=0 signed_30s=None ltp_ask_gap_3=-0.5749 stale=160.401s raw_n=100 fetch_ok=True
2026-05-16 20:09:34,622 DEBUG signal_engine Family B capture skip_2026-05-16_824435_8.5_097395: ask_touch=50.0 bid_touch=284.0 imb1=0.8503 imb5=0.9943 depth_below=50.0 depth_at=50.0 book_ok=True
2026-05-16 20:09:34,624 DEBUG signal_engine Family C capture skip_2026-05-16_824435_8.5_097395: ask_v5=0.0 ask_v30=0.0 mid_drift=0.001 spread_ratio=0.8974 ask_vol=0.0 buffer_n=120 window_30s_n=5
2026-05-16 20:09:34,631 DEBUG signal_engine Skip CIN@CLE line=9.5: Stage-2 extreme suppression gate (s2_delta=-0.201 <= threshold=-0.200  inn=7 >= 6) - extreme park/weather suppression
2026-05-16 20:09:34,844 DEBUG signal_engine Tape capture skip_2026-05-16_824435_9.5_097408: trades_5s=0 trades_30s=0 signed_30s=None ltp_ask_gap_3=-0.2259 stale=160.63s raw_n=100 fetch_ok=True
2026-05-16 20:09:34,950 DEBUG signal_engine Family B capture skip_2026-05-16_824435_9.5_097408: ask_touch=500.0 bid_touch=4821.0 imb1=0.906 imb5=0.6116 depth_below=0 depth_at=0 book_ok=True
2026-05-16 20:09:34,952 DEBUG signal_engine Family C capture skip_2026-05-16_824435_9.5_097408: ask_v5=0.0 ask_v30=0.0 mid_drift=0.0 spread_ratio=1.0 ask_vol=0.0 buffer_n=120 window_30s_n=5
2026-05-16 20:09:48,124 DEBUG mlb_poly_monitor Polling 98 token books (7 active games)
2026-05-16 20:09:54,097 DEBUG signal_engine Skip TEX@HOU line=5.5: current_total=2 < min=4 (mode=shadow arm=strict_block relax_pass=False)
2026-05-16 20:09:54,097 DEBUG mlb_poly_monitor Wrote 98 tick snapshots
2026-05-16 20:11:36,771 DEBUG mlb_poly_monitor Schedule state-change rollup for 2026-05-16: changes_total=225 changes_since_last_log=25 games=15 live=7 final=6 states=live=5|final=1:72, live=7|final=6:57, live=5|final=2:30, live=4|final=2:22
2026-05-16 20:13:18,658 DEBUG signal_engine Skip MIL@MIN line=5.5: current_total=2 < min=4 (mode=shadow arm=strict_block relax_pass=False)
2026-05-16 20:13:25,027 DEBUG signal_engine Skip SD@SEA line=5.5: current_total=1 < min=4 (mode=shadow arm=strict_block relax_pass=False)
2026-05-16 20:13:31,409 DEBUG signal_engine Skip MIL@MIN line=6.5: current_total=2 < min=4 (mode=shadow arm=strict_block relax_pass=False)
2026-05-16 20:13:37,784 DEBUG signal_engine Skip SD@SEA line=4.5: current_total=1 < min=4 (mode=shadow arm=strict_block relax_pass=False)
2026-05-16 20:13:44,618 DEBUG mlb_poly_monitor Schedule refreshed for 2026-05-16: 15 games (7 live, 6 final; unchanged)
2026-05-16 20:16:30,209 DEBUG signal_engine Skip CIN@CLE line=9.5: Stage-2 extreme suppression gate (s2_delta=-0.201 <= threshold=-0.200  inn=7 >= 6) - extreme park/weather suppression
2026-05-16 20:16:30,406 DEBUG signal_engine Tape capture skip_2026-05-16_824435_9.5_100035: trades_5s=0 trades_30s=0 signed_30s=None ltp_ask_gap_3=-0.028 stale=275.207s raw_n=100 fetch_ok=True
2026-05-16 20:16:30,429 DEBUG signal_engine Family B capture skip_2026-05-16_824435_9.5_100035: ask_touch=None bid_touch=None imb1=None imb5=None depth_below=None depth_at=None book_ok=False
2026-05-16 20:16:30,431 DEBUG signal_engine Family C capture skip_2026-05-16_824435_9.5_100035: ask_v5=0.0 ask_v30=-0.005946 mid_drift=-0.08 spread_ratio=0.4255 ask_vol=0.088431 buffer_n=120 window_30s_n=5
2026-05-16 20:16:30,432 DEBUG signal_engine Skip MIL@MIN line=6.5: current_total=2 < min=4 (mode=shadow arm=strict_block relax_pass=False)
2026-05-16 20:16:30,439 DEBUG signal_engine Skip CIN@CLE line=8.5: Gate 8f saturation (base_fv=1.000 >= threshold=0.990) ask=0.999 | market CONFIRMS (ask>=0.85, likely real run)
2026-05-16 20:16:30,630 DEBUG signal_engine Tape capture skip_2026-05-16_824435_8.5_100047: trades_5s=0 trades_30s=0 signed_30s=None ltp_ask_gap_3=-0.327 stale=275.439s raw_n=100 fetch_ok=True
2026-05-16 20:16:30,787 DEBUG signal_engine Family B capture skip_2026-05-16_824435_8.5_100047: ask_touch=47.0 bid_touch=10.0 imb1=0.1754 imb5=0.9951 depth_below=47.0 depth_at=47.0 book_ok=True
2026-05-16 20:16:30,788 DEBUG signal_engine Family C capture skip_2026-05-16_824435_8.5_100047: ask_v5=0.0 ask_v30=0.0 mid_drift=0.0005 spread_ratio=0.7143 ask_vol=0.0 buffer_n=120 window_30s_n=5
2026-05-16 20:16:43,545 DEBUG signal_engine Skip TEX@HOU line=5.5: current_total=3 < min=4 (mode=shadow arm=shadow relax_pass=True)
2026-05-16 20:16:43,548 DEBUG signal_engine Skip TEX@HOU line=7.5: current_total=3 < min=4 (mode=shadow arm=shadow relax_pass=True)
2026-05-16 20:16:43,556 DEBUG signal_engine Skip TEX@HOU line=6.5: current_total=3 < min=4 (mode=shadow arm=shadow relax_pass=True)
2026-05-16 20:17:34,641 DEBUG signal_engine Skip TEX@HOU line=6.5: extreme edge in any inning (edge=0.224 > threshold=0.220  inn=4) - phantom-run risk
2026-05-16 20:17:34,834 DEBUG signal_engine Tape capture skip_2026-05-16_824193_6.5_100452: trades_5s=0 trades_30s=0 signed_30s=None ltp_ask_gap_3=-0.1457 stale=38.639s raw_n=100 fetch_ok=True
2026-05-16 20:17:34,945 DEBUG signal_engine Family B capture skip_2026-05-16_824193_6.5_100452: ask_touch=6.0 bid_touch=9298.0 imb1=0.9994 imb5=0.4514 depth_below=6.0 depth_at=6.0 book_ok=True
2026-05-16 20:17:34,946 DEBUG signal_engine Family C capture skip_2026-05-16_824193_6.5_100452: ask_v5=-0.001559 ask_v30=0.000627 mid_drift=0.03 spread_ratio=0.4545 ask_vol=0.008367 buffer_n=120 window_30s_n=5
2026-05-16 20:17:35,139 DEBUG signal_engine Tape capture skip_2026-05-16_824193_5.5_100459: trades_5s=0 trades_30s=0 signed_30s=None ltp_ask_gap_3=-0.2957 stale=38.951s raw_n=100 fetch_ok=True
2026-05-16 20:17:35,249 DEBUG signal_engine Family B capture skip_2026-05-16_824193_5.5_100459: ask_touch=42.0 bid_touch=33.0 imb1=0.44 imb5=0.4635 depth_below=0 depth_at=0 book_ok=True
2026-05-16 20:17:35,250 DEBUG signal_engine Family C capture skip_2026-05-16_824193_5.5_100459: ask_v5=0.0 ask_v30=0.000931 mid_drift=0.005 spread_ratio=0.9783 ask_vol=0.0 buffer_n=120 window_30s_n=5
2026-05-16 20:17:35,260 DEBUG signal_engine Skip TEX@HOU line=7.5: extreme edge in any inning (edge=0.291 > threshold=0.220  inn=4) - phantom-run risk
2026-05-16 20:17:35,472 DEBUG signal_engine Tape capture skip_2026-05-16_824193_7.5_100471: trades_5s=0 trades_30s=0 signed_30s=None ltp_ask_gap_3=-0.0057 stale=39.259s raw_n=100 fetch_ok=True
2026-05-16 20:17:35,598 DEBUG signal_engine Family B capture skip_2026-05-16_824193_7.5_100471: ask_touch=1062.54 bid_touch=5.0 imb1=0.0047 imb5=0.4995 depth_below=1062.54 depth_at=1062.54 book_ok=True
2026-05-16 20:17:35,601 DEBUG signal_engine Family C capture skip_2026-05-16_824193_7.5_100471: ask_v5=-0.001422 ask_v30=0.0 mid_drift=0.0 spread_ratio=0.4545 ask_vol=0.016432 buffer_n=120 window_30s_n=5
2026-05-16 20:17:41,993 DEBUG signal_engine Pitcher quality note TEX@HOU line=6.5: pitcher_era=2.62 < 3.75  inn=4  edge=0.194 passes boosted_min=0.183
2026-05-16 20:17:42,115 INFO live_engine Calibrated-stake [SHADOW] TEX@HOU line=6.5 calibrated_edge=-0.0717 multiplier=0.500 base=$10.00 -> stake=$10.00 (shadow only -- stake unchanged)
2026-05-16 20:17:42,116 INFO live_engine EV policy [SHADOW] TEX@HOU line=6.5 allow=False p_win=0.607 p_fill=0.610 ev_if_filled=-1.69 ev_per_stake=-0.1031
2026-05-16 20:17:42,116 INFO live_engine LIVE BET [2026-05-16_824193_6.5_0004] TEX@HOU O/U 6.5 OVER | decision_ask=0.760  exec_bid=0.720  exec_ask=0.740  spread=0.020  ltp=0.620  limit=0.730 | FV=0.954 (base=0.961 S2=-0.086 S3=-0.082) | edge=0.194 | inn=B4  outs=2  score=0-4  rn=2.5  runners=0 | stake=$10.00 shares=13.6986 (flat)
2026-05-16 20:17:42,466 DEBUG polymarket_client Order posted: price=0.730  shares=13.6986  max_cost=$10.00  sign=186ms  post=164ms  resp={'errorMsg': '', 'orderID': '0xbd26c2b5ee8e7c7d849fbc2b87ebd4153b004c97bd94ebc1741bfee22060cf59', 'takingAmount': '', 'makingAmount': '', 'status': 'live', 'success': True}
2026-05-16 20:17:42,467 INFO polymarket_client Order accepted: id=0xbd26c2b5ee8e7c7d849fbc2b87ebd4153b004c97bd94ebc1741bfee22060cf59  status=live  price=0.730  shares=13.6986  max_cost=$10.00  sign=186ms  post=164ms
2026-05-16 20:17:42,467 INFO live_engine ORDER PLACED [2026-05-16_824193_6.5_0004] order_id=0xbd26c2b5ee8e7c7d849fbc2b87ebd4153b004c97bd94ebc1741bfee22060cf59  status=live raw_status=live  sign_ms=186  post_ms=164
2026-05-16 20:17:42,475 INFO live_engine === ORDER LIFECYCLE SUMMARY (2026-05-16) -- placed=4 filled=3 (75%) never_filled=0 other_cancel=0 reserved_on_misses=$0.00 ===
2026-05-16 20:17:42,475 INFO live_engine === GAME SUMMARY (2026-05-16) ===
2026-05-16 20:17:42,475 INFO live_engine   BAL@WSH  final=3-13 (total=16) | O8.5(FILL,W,+6.13)  O10.5(FILL,W,+4.28)
2026-05-16 20:17:42,565 DEBUG signal_engine Tape capture 2026-05-16_824193_6.5_0004: trades_5s=0 trades_30s=0 signed_30s=None ltp_ask_gap_3=-0.1757 stale=45.993s raw_n=100 fetch_ok=True
2026-05-16 20:17:42,670 DEBUG signal_engine Family B capture 2026-05-16_824193_6.5_0004: ask_touch=6.0 bid_touch=13.69 imb1=0.6953 imb5=0.1683 depth_below=0 depth_at=0 book_ok=True
2026-05-16 20:17:42,671 DEBUG signal_engine Family C capture 2026-05-16_824193_6.5_0004: ask_v5=0.00408 ask_v30=0.001216 mid_drift=0.01 spread_ratio=3.2353 ask_vol=0.012247 buffer_n=120 window_30s_n=5
2026-05-16 20:17:42,673 DEBUG signal_engine Book capture started: 2026-05-16_824193_6.5_0004  token=713419732366...394392  duration=120s interval=1.0s
2026-05-16 20:17:42,778 DEBUG live_engine Ask-reversal monitor [2026-05-16_824193_6.5_0004] age=0.2s  entry_ask=0.760  current_ask=0.740  drop=+0.020  threshold=0.080
2026-05-16 20:17:49,273 DEBUG live_engine Ask-reversal monitor [2026-05-16_824193_6.5_0004] age=6.7s  entry_ask=0.760  current_ask=0.740  drop=+0.020  threshold=0.080
2026-05-16 20:17:49,273 INFO live_engine Ask-reversal window expired [2026-05-16_824193_6.5_0004] entry_ask=0.760  window=5.0s  current_ask=0.740  drop=+0.020  (threshold=0.080  window=5s -- no cancel triggered)
2026-05-16 20:17:49,273 DEBUG live_engine Suppressed duplicate live ledger event bet_id=2026-05-16_824193_6.5_0004 order_id=0xbd26c2b5ee8e7c7d849fbc2b87ebd4153b004c97bd94ebc1741bfee22060cf59 event=live
2026-05-16 20:17:49,279 INFO live_engine === ORDER LIFECYCLE SUMMARY (2026-05-16) -- placed=4 filled=3 (75%) never_filled=0 other_cancel=0 reserved_on_misses=$0.00 ===
2026-05-16 20:17:49,279 INFO live_engine === GAME SUMMARY (2026-05-16) ===
2026-05-16 20:17:49,279 INFO live_engine   BAL@WSH  final=3-13 (total=16) | O8.5(FILL,W,+6.13)  O10.5(FILL,W,+4.28)
2026-05-16 20:17:49,443 DEBUG live_engine FV check [2026-05-16_824193_6.5_0004] age=7.0s < min_age=90.0s -- hold period active
2026-05-16 20:17:55,827 DEBUG signal_engine Skip SD@SEA line=6.5: current_total=1 < min=4 (mode=shadow arm=strict_block relax_pass=False)
2026-05-16 20:17:55,944 DEBUG live_engine Ask-reversal monitor [2026-05-16_824193_6.5_0004] age=13.4s  entry_ask=0.760  current_ask=0.740  drop=+0.020  threshold=0.080
2026-05-16 20:18:02,496 INFO live_engine ORDER FILLED [2026-05-16_824193_6.5_0004] order_id=0xbd26c2b5ee8e7c7d849fbc2b87ebd4153b004c97bd94ebc1741bfee22060cf59  fill_price=0.730  size=13.69
2026-05-16 20:18:02,502 INFO live_engine === ORDER LIFECYCLE SUMMARY (2026-05-16) -- placed=4 filled=4 (100%) never_filled=0 other_cancel=0 reserved_on_misses=$0.00 ===
2026-05-16 20:18:02,502 INFO live_engine === GAME SUMMARY (2026-05-16) ===
2026-05-16 20:18:02,503 INFO live_engine   BAL@WSH  final=3-13 (total=16) | O8.5(FILL,W,+6.13)  O10.5(FILL,W,+4.28)
2026-05-16 20:18:15,313 DEBUG signal_engine Skip SD@SEA line=7.5: current_total=1 < min=4 (mode=shadow arm=strict_block relax_pass=False)
2026-05-16 20:18:40,922 DEBUG signal_engine Skip SD@SEA line=6.5: Gate 8f saturation (base_fv=0.996 >= threshold=0.990) ask=0.890 | market CONFIRMS (ask>=0.85, likely real run)
2026-05-16 20:18:41,111 DEBUG signal_engine Tape capture skip_2026-05-16_823139_6.5_100852: trades_5s=0 trades_30s=0 signed_30s=None ltp_ask_gap_3=-0.3057 stale=104.921s raw_n=100 fetch_ok=True
2026-05-16 20:18:41,222 DEBUG signal_engine Family B capture skip_2026-05-16_823139_6.5_100852: ask_touch=5.22 bid_touch=12.0 imb1=0.6969 imb5=0.4811 depth_below=0 depth_at=0 book_ok=True
2026-05-16 20:18:41,224 DEBUG signal_engine Family C capture skip_2026-05-16_823139_6.5_100852: ask_v5=0.001555 ask_v30=0.000313 mid_drift=-0.065 spread_ratio=1.9792 ask_vol=0.005477 buffer_n=120 window_30s_n=5
2026-05-16 20:18:41,337 INFO live_engine Calibrated-stake [SHADOW] SD@SEA line=7.5 calibrated_edge=-0.1008 multiplier=0.500 base=$10.00 -> stake=$10.00 (shadow only -- stake unchanged)
2026-05-16 20:18:41,337 INFO live_engine EV policy [SHADOW] SD@SEA line=7.5 allow=False p_win=0.703 p_fill=0.593 ev_if_filled=-0.50 ev_per_stake=-0.0296
2026-05-16 20:18:41,337 INFO live_engine LIVE BET [2026-05-16_823139_7.5_0005] SD@SEA O/U 7.5 OVER | decision_ask=0.790  exec_bid=0.670  exec_ask=0.780  spread=0.110  ltp=0.460  limit=0.740 | FV=0.971 (base=0.974 S2=+0.040 S3=-0.135) | edge=0.181 | inn=T4  outs=2  score=5-0  rn=2.5  runners=0 | stake=$10.00 shares=13.5135 (flat)
2026-05-16 20:18:41,733 DEBUG polymarket_client Order posted: price=0.740  shares=13.5135  max_cost=$10.00  sign=213ms  post=183ms  resp={'errorMsg': '', 'orderID': '0x949666d817a036d456fe72335e33113cc51f791e9bdd8de3aa97a2aba4b3fbfa', 'takingAmount': '', 'makingAmount': '', 'status': 'live', 'success': True}
2026-05-16 20:18:41,733 INFO polymarket_client Order accepted: id=0x949666d817a036d456fe72335e33113cc51f791e9bdd8de3aa97a2aba4b3fbfa  status=live  price=0.740  shares=13.5135  max_cost=$10.00  sign=213ms  post=183ms
2026-05-16 20:18:41,733 INFO live_engine ORDER PLACED [2026-05-16_823139_7.5_0005] order_id=0x949666d817a036d456fe72335e33113cc51f791e9bdd8de3aa97a2aba4b3fbfa  status=live raw_status=live  sign_ms=213  post_ms=183
2026-05-16 20:18:41,740 INFO live_engine === ORDER LIFECYCLE SUMMARY (2026-05-16) -- placed=5 filled=4 (80%) never_filled=0 other_cancel=0 reserved_on_misses=$0.00 ===
2026-05-16 20:18:41,740 INFO live_engine === GAME SUMMARY (2026-05-16) ===
2026-05-16 20:18:41,740 INFO live_engine   BAL@WSH  final=3-13 (total=16) | O8.5(FILL,W,+6.13)  O10.5(FILL,W,+4.28)
2026-05-16 20:18:41,945 DEBUG signal_engine Tape capture 2026-05-16_823139_7.5_0005: trades_5s=0 trades_30s=0 signed_30s=None ltp_ask_gap_3=-0.2057 stale=105.232s raw_n=100 fetch_ok=True
2026-05-16 20:18:42,050 DEBUG signal_engine Family B capture 2026-05-16_823139_7.5_0005: ask_touch=20.0 bid_touch=13.51 imb1=0.4032 imb5=0.3825 depth_below=0 depth_at=0 book_ok=True
2026-05-16 20:18:42,051 DEBUG signal_engine Family C capture 2026-05-16_823139_7.5_0005: ask_v5=0.001481 ask_v30=0.000619 mid_drift=-0.025 spread_ratio=1.1268 ask_vol=0.008367 buffer_n=120 window_30s_n=5
2026-05-16 20:18:42,053 DEBUG signal_engine Book capture started: 2026-05-16_823139_7.5_0005  token=487228840833...364150  duration=120s interval=1.0s
2026-05-16 20:18:42,182 DEBUG live_engine Ask-reversal monitor [2026-05-16_823139_7.5_0005] age=0.3s  entry_ask=0.790  current_ask=0.780  drop=+0.010  threshold=0.080
2026-05-16 20:18:42,294 DEBUG live_engine FV check [2026-05-16_823139_7.5_0005] age=0.6s < min_age=90.0s -- hold period active
2026-05-16 20:18:48,781 DEBUG live_engine Ask-reversal monitor [2026-05-16_823139_7.5_0005] age=6.9s  entry_ask=0.790  current_ask=0.780  drop=+0.010  threshold=0.080
2026-05-16 20:18:48,781 INFO live_engine Ask-reversal window expired [2026-05-16_823139_7.5_0005] entry_ask=0.790  window=5.0s  current_ask=0.780  drop=+0.010  (threshold=0.080  window=5s -- no cancel triggered)
2026-05-16 20:18:48,781 DEBUG live_engine Suppressed duplicate live ledger event bet_id=2026-05-16_823139_7.5_0005 order_id=0x949666d817a036d456fe72335e33113cc51f791e9bdd8de3aa97a2aba4b3fbfa event=live
2026-05-16 20:18:48,787 INFO live_engine === ORDER LIFECYCLE SUMMARY (2026-05-16) -- placed=5 filled=4 (80%) never_filled=0 other_cancel=0 reserved_on_misses=$0.00 ===
2026-05-16 20:18:48,787 INFO live_engine === GAME SUMMARY (2026-05-16) ===
2026-05-16 20:18:48,787 INFO live_engine   BAL@WSH  final=3-13 (total=16) | O8.5(FILL,W,+6.13)  O10.5(FILL,W,+4.28)
2026-05-16 20:18:55,183 DEBUG signal_engine Skip SD@SEA line=5.5: Gate 8f saturation (base_fv=0.999 >= threshold=0.990) ask=0.980 | market CONFIRMS (ask>=0.85, likely real run)
2026-05-16 20:18:55,387 DEBUG signal_engine Tape capture skip_2026-05-16_823139_5.5_100942: trades_5s=0 trades_30s=0 signed_30s=None ltp_ask_gap_3=-0.3957 stale=119.182s raw_n=100 fetch_ok=True
2026-05-16 20:18:55,498 DEBUG signal_engine Family B capture skip_2026-05-16_823139_5.5_100942: ask_touch=255.0 bid_touch=10.0 imb1=0.0377 imb5=0.0469 depth_below=0 depth_at=0 book_ok=True
2026-05-16 20:18:55,500 DEBUG signal_engine Family C capture skip_2026-05-16_823139_5.5_100942: ask_v5=0.0 ask_v30=0.0 mid_drift=-0.01 spread_ratio=0.6349 ask_vol=0.0 buffer_n=120 window_30s_n=5
2026-05-16 20:18:55,621 DEBUG live_engine Ask-reversal monitor [2026-05-16_823139_7.5_0005] age=13.8s  entry_ask=0.790  current_ask=0.780  drop=+0.010  threshold=0.080
2026-05-16 20:18:55,778 DEBUG live_engine FV check [2026-05-16_823139_7.5_0005] age=14.0s < min_age=90.0s -- hold period active
2026-05-16 20:19:08,707 DEBUG live_engine FV check [2026-05-16_823139_7.5_0005] age=27.0s < min_age=90.0s -- hold period active
2026-05-16 20:19:15,117 DEBUG signal_engine Skip CIN@CLE line=9.5: Stage-2 extreme suppression gate (s2_delta=-0.201 <= threshold=-0.200  inn=7 >= 6) - extreme park/weather suppression
2026-05-16 20:19:15,207 DEBUG signal_engine Tape capture skip_2026-05-16_824435_9.5_101057: trades_5s=0 trades_30s=0 signed_30s=None ltp_ask_gap_3=0.012 stale=440.116s raw_n=100 fetch_ok=True
2026-05-16 20:19:15,315 DEBUG signal_engine Family B capture skip_2026-05-16_824435_9.5_101057: ask_touch=4649.0 bid_touch=4657.0 imb1=0.5004 imb5=0.6054 depth_below=0 depth_at=0 book_ok=True
2026-05-16 20:19:15,317 DEBUG signal_engine Family C capture skip_2026-05-16_824435_9.5_101057: ask_v5=0.0 ask_v30=0.000302 mid_drift=0.01 spread_ratio=0.9091 ask_vol=0.005477 buffer_n=120 window_30s_n=5
2026-05-16 20:19:15,320 DEBUG signal_engine Skip CIN@CLE line=8.5: Gate 8f saturation (base_fv=1.000 >= threshold=0.990) ask=0.999 | market CONFIRMS (ask>=0.85, likely real run)
2026-05-16 20:19:15,400 DEBUG signal_engine Tape capture skip_2026-05-16_824435_8.5_101063: trades_5s=0 trades_30s=0 signed_30s=None ltp_ask_gap_3=-0.327 stale=440.32s raw_n=100 fetch_ok=True
2026-05-16 20:19:15,507 DEBUG signal_engine Family B capture skip_2026-05-16_824435_8.5_101063: ask_touch=47.0 bid_touch=100.0 imb1=0.6803 imb5=0.9956 depth_below=47.0 depth_at=47.0 book_ok=True
2026-05-16 20:19:15,509 DEBUG signal_engine Family C capture skip_2026-05-16_824435_8.5_101063: ask_v5=0.0 ask_v30=0.0 mid_drift=-0.003 spread_ratio=1.2963 ask_vol=0.0 buffer_n=120 window_30s_n=5
2026-05-16 20:19:22,042 DEBUG live_engine FV check [2026-05-16_823139_7.5_0005] age=40.3s < min_age=90.0s -- hold period active
2026-05-16 20:19:34,960 DEBUG live_engine FV check [2026-05-16_823139_7.5_0005] age=53.2s < min_age=90.0s -- hold period active
2026-05-16 20:19:42,096 DEBUG signal_engine Book capture complete: 2026-05-16_824193_6.5_0004  (121 snapshots)
2026-05-16 20:19:47,952 DEBUG signal_engine Tape capture skip_2026-05-16_824600_7.5_101267: trades_5s=0 trades_30s=0 signed_30s=None ltp_ask_gap_3=-0.2657 stale=171.768s raw_n=100 fetch_ok=True
2026-05-16 20:19:48,063 DEBUG signal_engine Family B capture skip_2026-05-16_824600_7.5_101267: ask_touch=33.0 bid_touch=21.0 imb1=0.3889 imb5=0.4856 depth_below=0 depth_at=0 book_ok=True
2026-05-16 20:19:48,065 DEBUG signal_engine Family C capture skip_2026-05-16_824600_7.5_101267: ask_v5=-0.001559 ask_v30=-0.00093 mid_drift=-0.01 spread_ratio=0.8824 ask_vol=0.010954 buffer_n=120 window_30s_n=5
2026-05-16 20:19:48,248 DEBUG live_engine FV check [2026-05-16_823139_7.5_0005] age=66.5s < min_age=90.0s -- hold period active
2026-05-16 20:20:01,192 DEBUG live_engine FV check [2026-05-16_823139_7.5_0005] age=79.5s < min_age=90.0s -- hold period active
2026-05-16 20:20:14,109 DEBUG live_engine FV check [2026-05-16_823139_7.5_0005] current_fv=0.904  limit=0.740  edge_at_limit=0.164  OK
2026-05-16 20:20:27,069 DEBUG live_engine FV check [2026-05-16_823139_7.5_0005] current_fv=0.904  limit=0.740  edge_at_limit=0.164  OK
2026-05-16 20:20:40,017 DEBUG live_engine FV check [2026-05-16_823139_7.5_0005] current_fv=0.904  limit=0.740  edge_at_limit=0.164  OK
2026-05-16 20:20:41,335 DEBUG signal_engine Book capture complete: 2026-05-16_823139_7.5_0005  (121 snapshots)
2026-05-16 20:20:52,812 DEBUG signal_engine Skip TEX@HOU line=7.5: inning 5 bullpen-transition dead zone (rn=3.5 >= threshold 2.5) -- same rn at inn4 is 6W/0L
2026-05-16 20:20:52,897 DEBUG signal_engine Tape capture skip_2026-05-16_824193_7.5_101675: trades_5s=0 trades_30s=0 signed_30s=None ltp_ask_gap_3=-0.0157 stale=236.812s raw_n=100 fetch_ok=True
2026-05-16 20:20:53,025 DEBUG signal_engine Family B capture skip_2026-05-16_824193_7.5_101675: ask_touch=5612.5 bid_touch=11841.2 imb1=0.6784 imb5=0.611 depth_below=0 depth_at=0 book_ok=True
2026-05-16 20:20:53,027 DEBUG signal_engine Family C capture skip_2026-05-16_824193_7.5_101675: ask_v5=0.003118 ask_v30=0.000929 mid_drift=0.025 spread_ratio=1.875 ask_vol=0.010954 buffer_n=120 window_30s_n=5
2026-05-16 20:20:53,132 DEBUG signal_engine Tape capture skip_2026-05-16_824193_5.5_101691: trades_5s=0 trades_30s=0 signed_30s=None ltp_ask_gap_3=-0.3357 stale=237.032s raw_n=100 fetch_ok=True
2026-05-16 20:20:53,242 DEBUG signal_engine Family B capture skip_2026-05-16_824193_5.5_101691: ask_touch=31.0 bid_touch=8.0 imb1=0.2051 imb5=0.6498 depth_below=0 depth_at=0 book_ok=True
2026-05-16 20:20:53,243 DEBUG signal_engine Family C capture skip_2026-05-16_824193_5.5_101691: ask_v5=0.004526 ask_v30=0.001846 mid_drift=0.03 spread_ratio=1.6176 ask_vol=0.0251 buffer_n=120 window_30s_n=5
2026-05-16 20:20:53,246 DEBUG signal_engine runtime debug rollup: events=947 unique_keys=51 by_kind={'inference_fallback': 323, 'stage2_adj': 387, 'stage3_adj': 237}
2026-05-16 20:20:53,246 DEBUG signal_engine runtime debug rollup detail kind=inference_fallback count=130 game=CHC@CWS line=7.5 inning=4 state=B4|outs=0|score=0-5|runners=2 source_key=po75 example=inference fallback CHC@CWS line=7.5: cell=0_6_4_B_0_0 level=1 label=bases_empty (line_mode=exact src=po75)
2026-05-16 20:20:53,246 DEBUG signal_engine runtime debug rollup detail kind=stage2_adj count=130 game=CHC@CWS line=7.5 inning=4 state=B4|outs=0|score=0-5|runners=2 source_key=Rate Field example=Stage-2 adj CHC@CWS line=7.5 inn=4: fv=0.972 -> 0.975  (delta=+0.132  weather_source='weather_v2:open-meteo:ok:usable'  park='Rate Field'  temp_bin='65-79F'  wind_bin='in_6to9')
2026-05-16 20:20:53,246 DEBUG signal_engine runtime debug rollup detail kind=stage3_adj count=130 game=CHC@CWS line=7.5 inning=4 state=B4|outs=0|score=0-5|runners=2 source_key=CHC-CWS|2026-05-16 example=Stage-3 adj CHC@CWS line=7.5 inn=4: s1+s2_fv=0.975 -> adj_fv=0.976  (delta=+0.014  away_rpg=4.51  home_rpg=4.48  expected=8.99 vs avg=8.89)
2026-05-16 20:20:53,246 DEBUG signal_engine runtime debug rollup detail kind=stage2_adj count=35 game=CIN@CLE line=9.5 inning=7 state=T7|outs=2|score=4-4|runners=0 source_key=Progressive Field example=Stage-2 adj CIN@CLE line=9.5 inn=7: fv=0.916 -> 0.900  (delta=-0.201  weather_source='weather_v2:open-meteo:ok:usable'  park='Progressive Field'  temp_bin='65-79F'  wind_bin='out_6to9')
2026-05-16 20:20:53,246 DEBUG signal_engine runtime debug rollup detail kind=inference_fallback count=25 game=CIN@CLE line=8.5 inning=6 state=B6|outs=1|score=4-3|runners=5 source_key=po85 example=inference fallback CIN@CLE line=8.5: cell=4_4_6_B_1_0 level=1 label=bases_empty (line_mode=exact src=po85)
2026-05-16 20:20:53,246 DEBUG signal_engine runtime debug rollup detail kind=stage2_adj count=25 game=CIN@CLE line=8.5 inning=6 state=B6|outs=1|score=4-3|runners=5 source_key=Progressive Field example=Stage-2 adj CIN@CLE line=8.5 inn=6: fv=0.957 -> 0.948  (delta=-0.201  weather_source='weather_v2:open-meteo:ok:usable'  park='Progressive Field'  temp_bin='65-79F'  wind_bin='out_6to9')
2026-05-16 20:20:53,246 DEBUG signal_engine runtime debug rollup detail kind=inference_fallback count=20 game=CIN@CLE line=6.5 inning=6 state=B6|outs=0|score=4-2|runners=6 source_key=po65 example=inference fallback CIN@CLE line=6.5: cell=4_3_6_B_0_0 level=1 label=bases_empty (line_mode=exact src=po65)
2026-05-16 20:20:53,246 DEBUG signal_engine runtime debug rollup detail kind=inference_fallback count=20 game=CHC@CWS line=7.5 inning=4 state=T4|outs=1|score=0-5|runners=3 source_key=po75 example=inference fallback CHC@CWS line=7.5: cell=1_5_4_T_1_0 level=1 label=bases_empty (line_mode=exact src=po75)
2026-05-16 20:20:53,246 DEBUG signal_engine runtime debug rollup detail kind=stage2_adj count=20 game=CHC@CWS line=7.5 inning=4 state=T4|outs=1|score=0-5|runners=3 source_key=Rate Field example=Stage-2 adj CHC@CWS line=7.5 inn=4: fv=0.977 -> 0.980  (delta=+0.132  weather_source='weather_v2:open-meteo:ok:usable'  park='Rate Field'  temp_bin='65-79F'  wind_bin='in_6to9')
2026-05-16 20:20:53,246 DEBUG signal_engine runtime debug rollup detail kind=stage3_adj count=20 game=CHC@CWS line=7.5 inning=4 state=T4|outs=1|score=0-5|runners=3 source_key=CHC-CWS|2026-05-16 example=Stage-3 adj CHC@CWS line=7.5 inn=4: s1+s2_fv=0.980 -> adj_fv=0.980  (delta=+0.014  away_rpg=4.51  home_rpg=4.48  expected=8.99 vs avg=8.89)
2026-05-16 20:20:53,246 DEBUG signal_engine runtime debug rollup detail kind=stage2_adj count=20 game=CIN@CLE line=9.5 inning=7 state=T7|outs=1|score=4-4|runners=0 source_key=Progressive Field example=Stage-2 adj CIN@CLE line=9.5 inn=7: fv=0.929 -> 0.914  (delta=-0.201  weather_source='weather_v2:open-meteo:ok:usable'  park='Progressive Field'  temp_bin='65-79F'  wind_bin='out_6to9')
2026-05-16 20:20:53,246 DEBUG signal_engine runtime debug rollup detail kind=inference_fallback count=18 game=CIN@CLE line=8.5 inning=6 state=B6|outs=1|score=4-3|runners=6 source_key=po85 example=inference fallback CIN@CLE line=8.5: cell=4_4_6_B_1_0 level=1 label=bases_empty (line_mode=exact src=po85)
2026-05-16 20:20:53,246 DEBUG signal_engine runtime debug rollup detail kind=stage2_adj count=18 game=CIN@CLE line=8.5 inning=6 state=B6|outs=1|score=4-3|runners=6 source_key=Progressive Field example=Stage-2 adj CIN@CLE line=8.5 inn=6: fv=0.957 -> 0.948  (delta=-0.201  weather_source='weather_v2:open-meteo:ok:usable'  park='Progressive Field'  temp_bin='65-79F'  wind_bin='out_6to9')
2026-05-16 20:20:53,246 DEBUG signal_engine runtime debug rollup detail kind=inference_fallback count=16 game=CIN@CLE line=8.5 inning=7 state=B7|outs=1|score=4-4|runners=1 source_key=po85 example=inference fallback CIN@CLE line=8.5: cell=4_5_7_B_1_0 level=1 label=bases_empty (line_mode=exact src=po85)
2026-05-16 20:20:53,246 DEBUG signal_engine runtime debug rollup detail kind=inference_fallback count=15 game=CIN@CLE line=9.5 inning=7 state=B7|outs=0|score=4-4|runners=1 source_key=po95 example=inference fallback CIN@CLE line=9.5: cell=4_5_7_B_0_0 level=1 label=bases_empty (line_mode=exact src=po95)
2026-05-16 20:20:53,246 DEBUG signal_engine runtime debug rollup detail kind=stage2_adj count=15 game=CIN@CLE line=9.5 inning=7 state=B7|outs=0|score=4-4|runners=1 source_key=Progressive Field example=Stage-2 adj CIN@CLE line=9.5 inn=7: fv=0.909 -> 0.891  (delta=-0.201  weather_source='weather_v2:open-meteo:ok:usable'  park='Progressive Field'  temp_bin='65-79F'  wind_bin='out_6to9')
2026-05-16 20:20:53,246 DEBUG signal_engine runtime debug rollup detail kind=stage3_adj count=15 game=TEX@HOU line=5.5 inning=4 state=B4|outs=2|score=0-4|runners=0 source_key=TEX-HOU|2026-05-16 example=Stage-3 adj TEX@HOU line=5.5 inn=4: s1+s2_fv=0.988 -> adj_fv=0.987  (delta=-0.082  away_rpg=4.00  home_rpg=4.20  expected=8.20 vs avg=8.89)
2026-05-16 20:20:53,246 DEBUG signal_engine runtime debug rollup detail kind=stage2_adj count=15 game=TEX@HOU line=7.5 inning=4 state=B4|outs=2|score=0-4|runners=0 source_key=Daikin Park example=Stage-2 adj TEX@HOU line=7.5 inn=4: fv=0.878 -> 0.889  (delta=+0.110  weather_source='weather_v2:open-meteo:ok:not_usable'  park='Daikin Park'  temp_bin='unknown'  wind_bin='unknown')
2026-05-16 20:20:53,246 DEBUG signal_engine runtime debug rollup detail kind=stage3_adj count=15 game=TEX@HOU line=7.5 inning=4 state=B4|outs=2|score=0-4|runners=0 source_key=TEX-HOU|2026-05-16 example=Stage-3 adj TEX@HOU line=7.5 inn=4: s1+s2_fv=0.889 -> adj_fv=0.881  (delta=-0.082  away_rpg=4.00  home_rpg=4.20  expected=8.20 vs avg=8.89)
2026-05-16 20:20:53,246 DEBUG signal_engine runtime debug rollup detail kind=inference_fallback count=15 game=CIN@CLE line=8.5 inning=7 state=B7|outs=0|score=4-4|runners=1 source_key=po85 example=inference fallback CIN@CLE line=8.5: cell=4_5_7_B_0_0 level=1 label=bases_empty (line_mode=exact src=po85)
2026-05-16 20:20:53,246 DEBUG signal_engine runtime debug rollup detail kind=inference_fallback count=14 game=CHC@CWS line=7.5 inning=4 state=T4|outs=2|score=0-5|runners=5 source_key=po75 example=inference fallback CHC@CWS line=7.5: cell=1_5_4_T_2_0 level=1 label=bases_empty (line_mode=exact src=po75)
2026-05-16 20:20:53,246 DEBUG signal_engine runtime debug rollup detail kind=stage2_adj count=14 game=CHC@CWS line=7.5 inning=4 state=T4|outs=2|score=0-5|runners=5 source_key=Rate Field example=Stage-2 adj CHC@CWS line=7.5 inn=4: fv=0.974 -> 0.977  (delta=+0.132  weather_source='weather_v2:open-meteo:ok:usable'  park='Rate Field'  temp_bin='65-79F'  wind_bin='in_6to9')
2026-05-16 20:20:53,246 DEBUG signal_engine runtime debug rollup detail kind=stage3_adj count=14 game=CHC@CWS line=7.5 inning=4 state=T4|outs=2|score=0-5|runners=5 source_key=CHC-CWS|2026-05-16 example=Stage-3 adj CHC@CWS line=7.5 inn=4: s1+s2_fv=0.977 -> adj_fv=0.977  (delta=+0.014  away_rpg=4.51  home_rpg=4.48  expected=8.99 vs avg=8.89)
2026-05-16 20:20:53,246 DEBUG signal_engine runtime debug rollup detail kind=inference_fallback count=11 game=CHC@CWS line=7.5 inning=4 state=B4|outs=1|score=0-5|runners=2 source_key=po75 example=inference fallback CHC@CWS line=7.5: cell=0_6_4_B_1_0 level=1 label=bases_empty (line_mode=exact src=po75)
2026-05-16 20:20:53,246 DEBUG signal_engine runtime debug rollup detail kind=stage2_adj count=11 game=CHC@CWS line=7.5 inning=4 state=B4|outs=1|score=0-5|runners=2 source_key=Rate Field example=Stage-2 adj CHC@CWS line=7.5 inn=4: fv=0.965 -> 0.969  (delta=+0.132  weather_source='weather_v2:open-meteo:ok:usable'  park='Rate Field'  temp_bin='65-79F'  wind_bin='in_6to9')
2026-05-16 20:20:53,246 DEBUG signal_engine runtime debug rollup detail kind=stage3_adj count=11 game=CHC@CWS line=7.5 inning=4 state=B4|outs=1|score=0-5|runners=2 source_key=CHC-CWS|2026-05-16 example=Stage-3 adj CHC@CWS line=7.5 inn=4: s1+s2_fv=0.969 -> adj_fv=0.969  (delta=+0.014  away_rpg=4.51  home_rpg=4.48  expected=8.99 vs avg=8.89)
2026-05-16 20:20:53,246 DEBUG signal_engine runtime debug rollup detail kind=inference_fallback count=10 game=CIN@CLE line=9.5 inning=6 state=B6|outs=2|score=4-4|runners=3 source_key=po95 example=inference fallback CIN@CLE line=9.5: cell=4_5_6_B_2_0 level=1 label=bases_empty (line_mode=exact src=po95)
2026-05-16 20:20:53,246 DEBUG signal_engine runtime debug rollup detail kind=stage2_adj count=10 game=CIN@CLE line=9.5 inning=6 state=B6|outs=2|score=4-4|runners=3 source_key=Progressive Field example=Stage-2 adj CIN@CLE line=9.5 inn=6: fv=0.948 -> 0.937  (delta=-0.201  weather_source='weather_v2:open-meteo:ok:usable'  park='Progressive Field'  temp_bin='65-79F'  wind_bin='out_6to9')
2026-05-16 20:20:53,246 DEBUG signal_engine runtime debug rollup detail kind=stage2_adj count=10 game=CIN@CLE line=9.5 inning=7 state=T7|outs=0|score=4-4|runners=0 source_key=Progressive Field example=Stage-2 adj CIN@CLE line=9.5 inn=7: fv=0.944 -> 0.932  (delta=-0.201  weather_source='weather_v2:open-meteo:ok:usable'  park='Progressive Field'  temp_bin='65-79F'  wind_bin='out_6to9')
2026-05-16 20:20:53,247 DEBUG signal_engine runtime debug rollup detail kind=stage2_adj count=10 game=CIN@CLE line=9.5 inning=7 state=B7|outs=0|score=4-4|runners=0 source_key=Progressive Field example=Stage-2 adj CIN@CLE line=9.5 inn=7: fv=0.909 -> 0.891  (delta=-0.201  weather_source='weather_v2:open-meteo:ok:usable'  park='Progressive Field'  temp_bin='65-79F'  wind_bin='out_6to9')
2026-05-16 20:20:53,247 DEBUG signal_engine runtime debug rollup detail kind=inference_fallback count=10 game=CIN@CLE line=9.5 inning=7 state=B7|outs=1|score=4-4|runners=1 source_key=po95 example=inference fallback CIN@CLE line=9.5: cell=4_5_7_B_1_0 level=1 label=bases_empty (line_mode=exact src=po95)
2026-05-16 20:20:53,247 DEBUG signal_engine runtime debug rollup detail kind=stage2_adj count=10 game=CIN@CLE line=9.5 inning=7 state=B7|outs=1|score=4-4|runners=1 source_key=Progressive Field example=Stage-2 adj CIN@CLE line=9.5 inn=7: fv=0.887 -> 0.865  (delta=-0.201  weather_source='weather_v2:open-meteo:ok:usable'  park='Progressive Field'  temp_bin='65-79F'  wind_bin='out_6to9')
2026-05-16 20:20:53,247 DEBUG signal_engine runtime debug rollup detail kind=inference_fallback count=9 game=CIN@CLE line=8.5 inning=6 state=B6|outs=1|score=4-3|runners=4 source_key=po85 example=inference fallback CIN@CLE line=8.5: cell=4_4_6_B_1_0 level=1 label=bases_empty (line_mode=exact src=po85)
2026-05-16 20:20:53,247 DEBUG signal_engine runtime debug rollup detail kind=stage2_adj count=9 game=CIN@CLE line=8.5 inning=6 state=B6|outs=1|score=4-3|runners=4 source_key=Progressive Field example=Stage-2 adj CIN@CLE line=8.5 inn=6: fv=0.957 -> 0.948  (delta=-0.201  weather_source='weather_v2:open-meteo:ok:usable'  park='Progressive Field'  temp_bin='65-79F'  wind_bin='out_6to9')
2026-05-16 20:20:53,247 DEBUG signal_engine runtime debug rollup detail kind=stage2_adj count=9 game=CHC@CWS line=7.5 inning=4 state=T4|outs=0|score=0-5|runners=0 source_key=Rate Field example=Stage-2 adj CHC@CWS line=7.5 inn=4: fv=0.982 -> 0.984  (delta=+0.132  weather_source='weather_v2:open-meteo:ok:usable'  park='Rate Field'  temp_bin='65-79F'  wind_bin='in_6to9')
2026-05-16 20:20:53,247 DEBUG signal_engine runtime debug rollup detail kind=stage3_adj count=9 game=CHC@CWS line=7.5 inning=4 state=T4|outs=0|score=0-5|runners=0 source_key=CHC-CWS|2026-05-16 example=Stage-3 adj CHC@CWS line=7.5 inn=4: s1+s2_fv=0.984 -> adj_fv=0.984  (delta=+0.014  away_rpg=4.51  home_rpg=4.48  expected=8.99 vs avg=8.89)
2026-05-16 20:20:53,247 DEBUG signal_engine runtime debug rollup detail kind=stage2_adj count=9 game=CHC@CWS line=7.5 inning=4 state=T4|outs=1|score=0-5|runners=1 source_key=Rate Field example=Stage-2 adj CHC@CWS line=7.5 inn=4: fv=0.982 -> 0.984  (delta=+0.132  weather_source='weather_v2:open-meteo:ok:usable'  park='Rate Field'  temp_bin='65-79F'  wind_bin='in_6to9')
2026-05-16 20:20:53,247 DEBUG signal_engine runtime debug rollup detail kind=stage3_adj count=9 game=CHC@CWS line=7.5 inning=4 state=T4|outs=1|score=0-5|runners=1 source_key=CHC-CWS|2026-05-16 example=Stage-3 adj CHC@CWS line=7.5 inn=4: s1+s2_fv=0.984 -> adj_fv=0.984  (delta=+0.014  away_rpg=4.51  home_rpg=4.48  expected=8.99 vs avg=8.89)
2026-05-16 20:20:53,247 DEBUG signal_engine runtime debug rollup detail kind=inference_fallback count=5 game=CHC@CWS line=7.5 inning=4 state=T4|outs=0|score=0-5|runners=1 source_key=po75 example=inference fallback CHC@CWS line=7.5: cell=1_5_4_T_0_0 level=1 label=bases_empty (line_mode=exact src=po75)
2026-05-16 20:20:53,247 DEBUG signal_engine runtime debug rollup detail kind=stage2_adj count=5 game=CHC@CWS line=7.5 inning=4 state=T4|outs=0|score=0-5|runners=1 source_key=Rate Field example=Stage-2 adj CHC@CWS line=7.5 inn=4: fv=0.982 -> 0.984  (delta=+0.132  weather_source='weather_v2:open-meteo:ok:usable'  park='Rate Field'  temp_bin='65-79F'  wind_bin='in_6to9')
2026-05-16 20:20:53,247 DEBUG signal_engine runtime debug rollup detail kind=stage3_adj count=5 game=CHC@CWS line=7.5 inning=4 state=T4|outs=0|score=0-5|runners=1 source_key=CHC-CWS|2026-05-16 example=Stage-3 adj CHC@CWS line=7.5 inn=4: s1+s2_fv=0.984 -> adj_fv=0.984  (delta=+0.014  away_rpg=4.51  home_rpg=4.48  expected=8.99 vs avg=8.89)
2026-05-16 20:20:53,247 DEBUG signal_engine runtime debug rollup detail kind=stage2_adj count=5 game=CHC@CWS line=7.5 inning=4 state=B4|outs=0|score=0-5|runners=0 source_key=Rate Field example=Stage-2 adj CHC@CWS line=7.5 inn=4: fv=0.972 -> 0.975  (delta=+0.132  weather_source='weather_v2:open-meteo:ok:usable'  park='Rate Field'  temp_bin='65-79F'  wind_bin='in_6to9')
2026-05-16 20:20:53,247 DEBUG signal_engine runtime debug rollup detail kind=stage3_adj count=5 game=CHC@CWS line=7.5 inning=4 state=B4|outs=0|score=0-5|runners=0 source_key=CHC-CWS|2026-05-16 example=Stage-3 adj CHC@CWS line=7.5 inn=4: s1+s2_fv=0.975 -> adj_fv=0.976  (delta=+0.014  away_rpg=4.51  home_rpg=4.48  expected=8.99 vs avg=8.89)
2026-05-16 20:20:53,247 DEBUG signal_engine runtime debug rollup detail kind=inference_fallback count=4 game=CIN@CLE line=9.5 inning=6 state=B6|outs=2|score=4-4|runners=2 source_key=po95 example=inference fallback CIN@CLE line=9.5: cell=4_5_6_B_2_0 level=1 label=bases_empty (line_mode=exact src=po95)
2026-05-16 20:20:53,247 DEBUG signal_engine runtime debug rollup detail kind=stage2_adj count=4 game=CIN@CLE line=9.5 inning=6 state=B6|outs=2|score=4-4|runners=2 source_key=Progressive Field example=Stage-2 adj CIN@CLE line=9.5 inn=6: fv=0.948 -> 0.937  (delta=-0.201  weather_source='weather_v2:open-meteo:ok:usable'  park='Progressive Field'  temp_bin='65-79F'  wind_bin='out_6to9')
2026-05-16 20:20:53,247 DEBUG signal_engine runtime debug rollup detail kind=stage2_adj count=2 game=TEX@HOU line=6.5 inning=4 state=B4|outs=2|score=0-4|runners=0 source_key=Daikin Park example=Stage-2 adj TEX@HOU line=6.5 inn=4: fv=0.961 -> 0.957  (delta=-0.086  weather_source='weather_v2:open-meteo:ok:not_usable'  park='Daikin Park'  temp_bin='unknown'  wind_bin='unknown')
2026-05-16 20:20:53,247 DEBUG signal_engine runtime debug rollup detail kind=stage3_adj count=2 game=TEX@HOU line=6.5 inning=4 state=B4|outs=2|score=0-4|runners=0 source_key=TEX-HOU|2026-05-16 example=Stage-3 adj TEX@HOU line=6.5 inn=4: s1+s2_fv=0.957 -> adj_fv=0.954  (delta=-0.082  away_rpg=4.00  home_rpg=4.20  expected=8.20 vs avg=8.89)
2026-05-16 20:20:53,247 DEBUG signal_engine runtime debug rollup detail kind=inference_fallback count=1 game=CIN@CLE line=6.5 inning=6 state=B6|outs=1|score=4-2|runners=6 source_key=po65 example=inference fallback CIN@CLE line=6.5: cell=4_3_6_B_1_0 level=1 label=bases_empty (line_mode=exact src=po65)
2026-05-16 20:20:53,247 DEBUG signal_engine runtime debug rollup detail kind=stage2_adj count=1 game=SD@SEA line=7.5 inning=4 state=T4|outs=2|score=5-0|runners=0 source_key=T-Mobile Park example=Stage-2 adj SD@SEA line=7.5 inn=4: fv=0.974 -> 0.975  (delta=+0.040  weather_source='weather_v2:open-meteo:ok:not_usable'  park='T-Mobile Park'  temp_bin='unknown'  wind_bin='unknown')
2026-05-16 20:20:53,247 DEBUG signal_engine runtime debug rollup detail kind=stage3_adj count=1 game=SD@SEA line=7.5 inning=4 state=T4|outs=2|score=5-0|runners=0 source_key=SD-SEA|2026-05-16 example=Stage-3 adj SD@SEA line=7.5 inn=4: s1+s2_fv=0.975 -> adj_fv=0.971  (delta=-0.135  away_rpg=3.51  home_rpg=4.17  expected=7.68 vs avg=8.89)
2026-05-16 20:20:53,247 DEBUG signal_engine runtime debug rollup detail omitted_keys=1
2026-05-16 20:20:53,411 DEBUG live_engine FV check [2026-05-16_823139_7.5_0005] current_fv=0.904  limit=0.740  edge_at_limit=0.164  OK
2026-05-16 20:21:06,311 DEBUG live_engine FV check [2026-05-16_823139_7.5_0005] current_fv=0.904  limit=0.740  edge_at_limit=0.164  OK
2026-05-16 20:21:19,208 DEBUG live_engine FV check [2026-05-16_823139_7.5_0005] current_fv=0.904  limit=0.740  edge_at_limit=0.164  OK
2026-05-16 20:21:25,622 DEBUG signal_engine Skip CIN@CLE line=8.5: Gate 8f saturation (base_fv=1.000 >= threshold=0.990) ask=0.999 | market CONFIRMS (ask>=0.85, likely real run)
2026-05-16 20:21:25,720 DEBUG signal_engine Tape capture skip_2026-05-16_824435_8.5_101887: trades_5s=0 trades_30s=0 signed_30s=None ltp_ask_gap_3=-0.327 stale=570.621s raw_n=100 fetch_ok=True
2026-05-16 20:21:25,830 DEBUG signal_engine Family B capture skip_2026-05-16_824435_8.5_101887: ask_touch=47.0 bid_touch=10.0 imb1=0.1754 imb5=0.9951 depth_below=47.0 depth_at=47.0 book_ok=True
2026-05-16 20:21:25,832 DEBUG signal_engine Family C capture skip_2026-05-16_824435_8.5_101887: ask_v5=0.0 ask_v30=0.0 mid_drift=0.0 spread_ratio=1.0 ask_vol=0.0 buffer_n=120 window_30s_n=5
2026-05-16 20:21:32,464 DEBUG live_engine FV check [2026-05-16_823139_7.5_0005] current_fv=0.904  limit=0.740  edge_at_limit=0.164  OK
2026-05-16 20:21:45,417 DEBUG live_engine FV check [2026-05-16_823139_7.5_0005] current_fv=0.904  limit=0.740  edge_at_limit=0.164  OK
2026-05-16 20:21:51,808 WARNING signal_engine tick_buffer health: 77 line_states, 77 nonempty, len min/median/max=120/120/120, newest_age max=11588.1s, oldest_age max=12145.2s
2026-05-16 20:21:58,424 DEBUG live_engine FV check [2026-05-16_823139_7.5_0005] current_fv=0.904  limit=0.740  edge_at_limit=0.164  OK
2026-05-16 20:22:11,338 DEBUG live_engine FV check [2026-05-16_823139_7.5_0005] current_fv=0.904  limit=0.740  edge_at_limit=0.164  OK
2026-05-16 20:22:24,277 DEBUG live_engine FV check [2026-05-16_823139_7.5_0005] current_fv=0.904  limit=0.740  edge_at_limit=0.164  OK
2026-05-16 20:22:30,707 DEBUG signal_engine Skip TEX@HOU line=5.5: Gate 8f saturation (base_fv=0.991 >= threshold=0.990) ask=0.920 | market CONFIRMS (ask>=0.85, likely real run)
2026-05-16 20:22:30,795 DEBUG signal_engine Tape capture skip_2026-05-16_824193_5.5_102282: trades_5s=0 trades_30s=0 signed_30s=None ltp_ask_gap_3=-0.3357 stale=334.708s raw_n=100 fetch_ok=True
2026-05-16 20:22:30,907 DEBUG signal_engine Family B capture skip_2026-05-16_824193_5.5_102282: ask_touch=1075.64 bid_touch=188.0 imb1=0.1488 imb5=0.0643 depth_below=0 depth_at=0 book_ok=True
2026-05-16 20:22:30,908 DEBUG signal_engine Family C capture skip_2026-05-16_824193_5.5_102282: ask_v5=0.003034 ask_v30=0.000616 mid_drift=0.0 spread_ratio=1.25 ask_vol=0.008944 buffer_n=120 window_30s_n=5
2026-05-16 20:22:30,984 DEBUG signal_engine Tape capture skip_2026-05-16_824600_7.5_102289: trades_5s=0 trades_30s=0 signed_30s=None ltp_ask_gap_3=-0.2357 stale=334.911s raw_n=100 fetch_ok=True
2026-05-16 20:22:31,094 DEBUG signal_engine Family B capture skip_2026-05-16_824600_7.5_102289: ask_touch=1019.03 bid_touch=255.0 imb1=0.2002 imb5=0.4897 depth_below=0 depth_at=0 book_ok=True
2026-05-16 20:22:31,095 DEBUG signal_engine Family C capture skip_2026-05-16_824600_7.5_102289: ask_v5=-0.001471 ask_v30=-0.000306 mid_drift=0.0 spread_ratio=0.9722 ask_vol=0.008367 buffer_n=120 window_30s_n=5
2026-05-16 20:22:37,656 DEBUG live_engine FV check [2026-05-16_823139_7.5_0005] current_fv=0.904  limit=0.740  edge_at_limit=0.164  OK
2026-05-16 20:22:50,524 INFO live_engine Calibrated-stake [SHADOW] CHC@CWS line=7.5 calibrated_edge=-0.1011 multiplier=0.500 base=$10.00 -> stake=$10.00 (shadow only -- stake unchanged)
2026-05-16 20:22:50,524 INFO live_engine EV policy [SHADOW] CHC@CWS line=7.5 allow=False p_win=0.628 p_fill=0.654 ev_if_filled=-1.73 ev_per_stake=-0.1133
2026-05-16 20:22:50,525 INFO live_engine LIVE BET [2026-05-16_824600_7.5_0006] CHC@CWS O/U 7.5 OVER | decision_ask=0.790  exec_bid=0.710  exec_ask=0.790  spread=0.080  ltp=0.660  limit=0.760 | FV=0.966 (base=0.961 S2=+0.132 S3=+0.014) | edge=0.176 | inn=B4  outs=2  score=0-5  rn=2.5  runners=4 | stake=$10.00 shares=13.1579 (flat)
2026-05-16 20:22:51,159 DEBUG polymarket_client Order posted: price=0.760  shares=13.1579  max_cost=$10.00  sign=189ms  post=445ms  resp={'errorMsg': '', 'orderID': '0xd521df2faa1802c0dcf623c1a922dba3308c10203436234d3088702a731ca546', 'takingAmount': '', 'makingAmount': '', 'status': 'live', 'success': True}
2026-05-16 20:22:51,159 INFO polymarket_client Order accepted: id=0xd521df2faa1802c0dcf623c1a922dba3308c10203436234d3088702a731ca546  status=live  price=0.760  shares=13.1579  max_cost=$10.00  sign=189ms  post=445ms
2026-05-16 20:22:51,159 INFO live_engine ORDER PLACED [2026-05-16_824600_7.5_0006] order_id=0xd521df2faa1802c0dcf623c1a922dba3308c10203436234d3088702a731ca546  status=live raw_status=live  sign_ms=189  post_ms=445
2026-05-16 20:22:51,166 INFO live_engine === ORDER LIFECYCLE SUMMARY (2026-05-16) -- placed=6 filled=4 (67%) never_filled=0 other_cancel=0 reserved_on_misses=$0.00 ===
2026-05-16 20:22:51,166 INFO live_engine === GAME SUMMARY (2026-05-16) ===
2026-05-16 20:22:51,166 INFO live_engine   BAL@WSH  final=3-13 (total=16) | O8.5(FILL,W,+6.13)  O10.5(FILL,W,+4.28)
2026-05-16 20:22:51,253 DEBUG signal_engine Tape capture 2026-05-16_824600_7.5_0006: trades_5s=0 trades_30s=0 signed_30s=None ltp_ask_gap_3=-0.2057 stale=354.406s raw_n=100 fetch_ok=True
2026-05-16 20:22:51,366 DEBUG signal_engine Family B capture 2026-05-16_824600_7.5_0006: ask_touch=297.0 bid_touch=13.15 imb1=0.0424 imb5=0.8374 depth_below=0 depth_at=0 book_ok=True
2026-05-16 20:22:51,368 DEBUG signal_engine Family C capture 2026-05-16_824600_7.5_0006: ask_v5=-0.003136 ask_v30=-0.000918 mid_drift=-0.025 spread_ratio=0.9302 ask_vol=0.016733 buffer_n=120 window_30s_n=5
2026-05-16 20:22:51,371 DEBUG signal_engine Book capture started: 2026-05-16_824600_7.5_0006  token=550710526393...292332  duration=120s interval=1.0s
2026-05-16 20:22:51,475 DEBUG live_engine Ask-reversal monitor [2026-05-16_824600_7.5_0006] age=0.2s  entry_ask=0.790  current_ask=0.810  drop=-0.020  threshold=0.080
2026-05-16 20:22:51,706 DEBUG live_engine FV check [2026-05-16_823139_7.5_0005] current_fv=0.904  limit=0.740  edge_at_limit=0.164  OK
2026-05-16 20:22:51,706 DEBUG live_engine FV check [2026-05-16_824600_7.5_0006] age=0.5s < min_age=90.0s -- hold period active
2026-05-16 20:22:58,194 DEBUG live_engine Ask-reversal monitor [2026-05-16_824600_7.5_0006] age=6.9s  entry_ask=0.790  current_ask=0.810  drop=-0.020  threshold=0.080
2026-05-16 20:22:58,194 INFO live_engine Ask-reversal window expired [2026-05-16_824600_7.5_0006] entry_ask=0.790  window=5.0s  current_ask=0.810  drop=-0.020  (threshold=0.080  window=5s -- no cancel triggered)
2026-05-16 20:22:58,194 DEBUG live_engine Suppressed duplicate live ledger event bet_id=2026-05-16_824600_7.5_0006 order_id=0xd521df2faa1802c0dcf623c1a922dba3308c10203436234d3088702a731ca546 event=live
2026-05-16 20:22:58,201 INFO live_engine === ORDER LIFECYCLE SUMMARY (2026-05-16) -- placed=6 filled=4 (67%) never_filled=0 other_cancel=0 reserved_on_misses=$0.00 ===
2026-05-16 20:22:58,201 INFO live_engine === GAME SUMMARY (2026-05-16) ===
2026-05-16 20:22:58,201 INFO live_engine   BAL@WSH  final=3-13 (total=16) | O8.5(FILL,W,+6.13)  O10.5(FILL,W,+4.28)
2026-05-16 20:23:04,760 DEBUG live_engine Ask-reversal monitor [2026-05-16_824600_7.5_0006] age=13.5s  entry_ask=0.790  current_ask=0.800  drop=-0.010  threshold=0.080
2026-05-16 20:23:05,051 DEBUG live_engine FV check [2026-05-16_824600_7.5_0006] age=13.9s < min_age=90.0s -- hold period active
2026-05-16 20:23:11,416 DEBUG signal_engine Skip CIN@CLE line=9.5: Stage-2 extreme suppression gate (s2_delta=-0.201 <= threshold=-0.200  inn=7 >= 6) - extreme park/weather suppression
2026-05-16 20:23:11,600 DEBUG signal_engine Tape capture skip_2026-05-16_824435_9.5_102502: trades_5s=0 trades_30s=0 signed_30s=None ltp_ask_gap_3=-0.1049 stale=76.416s raw_n=100 fetch_ok=True
2026-05-16 20:23:11,714 DEBUG signal_engine Family B capture skip_2026-05-16_824435_9.5_102502: ask_touch=6125.0 bid_touch=8.0 imb1=0.0013 imb5=0.5235 depth_below=6125.0 depth_at=6125.0 book_ok=True
2026-05-16 20:23:11,716 DEBUG signal_engine Family C capture skip_2026-05-16_824435_9.5_102502: ask_v5=0.001476 ask_v30=0.000365 mid_drift=0.01 spread_ratio=1.0 ask_vol=0.004472 buffer_n=120 window_30s_n=5
2026-05-16 20:23:18,393 DEBUG live_engine FV check [2026-05-16_824600_7.5_0006] age=27.2s < min_age=90.0s -- hold period active
2026-05-16 20:23:31,446 DEBUG live_engine FV check [2026-05-16_824600_7.5_0006] age=40.3s < min_age=90.0s -- hold period active
2026-05-16 20:23:44,500 DEBUG live_engine FV check [2026-05-16_824600_7.5_0006] age=53.3s < min_age=90.0s -- hold period active
2026-05-16 20:23:57,545 DEBUG live_engine FV check [2026-05-16_824600_7.5_0006] age=66.4s < min_age=90.0s -- hold period active
2026-05-16 20:24:10,648 DEBUG signal_engine Tape capture skip_2026-05-16_824193_5.5_102893: trades_5s=0 trades_30s=0 signed_30s=None ltp_ask_gap_3=-0.4049 stale=135.333s raw_n=100 fetch_ok=True
2026-05-16 20:24:10,760 DEBUG signal_engine Family B capture skip_2026-05-16_824193_5.5_102893: ask_touch=1075.64 bid_touch=201.0 imb1=0.1574 imb5=0.2313 depth_below=0 depth_at=0 book_ok=True
2026-05-16 20:24:10,762 DEBUG signal_engine Family C capture skip_2026-05-16_824193_5.5_102893: ask_v5=0.001557 ask_v30=0.001539 mid_drift=0.025 spread_ratio=1.125 ask_vol=0.013038 buffer_n=120 window_30s_n=5
2026-05-16 20:24:10,771 DEBUG signal_engine Skip TEX@HOU line=7.5: inning 5 bullpen-transition dead zone (rn=3.5 >= threshold 2.5) -- same rn at inn4 is 6W/0L
2026-05-16 20:24:10,956 DEBUG signal_engine Tape capture skip_2026-05-16_824193_7.5_102905: trades_5s=0 trades_30s=0 signed_30s=None ltp_ask_gap_3=-0.1049 stale=135.77s raw_n=100 fetch_ok=True
2026-05-16 20:24:11,061 DEBUG signal_engine Family B capture skip_2026-05-16_824193_7.5_102905: ask_touch=10966.54 bid_touch=10748.87 imb1=0.495 imb5=0.4499 depth_below=0 depth_at=0 book_ok=True
2026-05-16 20:24:11,063 DEBUG signal_engine Family C capture skip_2026-05-16_824193_7.5_102905: ask_v5=0.001459 ask_v30=0.000911 mid_drift=0.04 spread_ratio=0.7895 ask_vol=0.017321 buffer_n=120 window_30s_n=5
2026-05-16 20:24:11,334 DEBUG live_engine FV check [2026-05-16_824600_7.5_0006] age=80.2s < min_age=90.0s -- hold period active
2026-05-16 20:24:24,083 DEBUG signal_engine Skip CIN@CLE line=10.5: Stage-2 extreme suppression gate (s2_delta=-0.212 <= threshold=-0.200  inn=7 >= 6) - extreme park/weather suppression
2026-05-16 20:24:24,297 DEBUG signal_engine Tape capture skip_2026-05-16_824435_10.5_102989: trades_5s=0 trades_30s=0 signed_30s=None ltp_ask_gap_3=-0.1849 stale=149.082s raw_n=100 fetch_ok=True
2026-05-16 20:24:24,410 DEBUG signal_engine Family B capture skip_2026-05-16_824435_10.5_102989: ask_touch=266.0 bid_touch=42.0 imb1=0.1364 imb5=0.7807 depth_below=0 depth_at=0 book_ok=True
2026-05-16 20:24:24,412 DEBUG signal_engine Family C capture skip_2026-05-16_824435_10.5_102989: ask_v5=-0.032935 ask_v30=0.006329 mid_drift=0.185 spread_ratio=0.463 ask_vol=0.186869 buffer_n=120 window_30s_n=5
2026-05-16 20:24:50,521 DEBUG signal_engine Book capture complete: 2026-05-16_824600_7.5_0006  (121 snapshots)
2026-05-16 20:25:16,552 DEBUG signal_engine Skip CIN@CLE line=10.5: Gate 8f saturation (base_fv=1.000 >= threshold=0.990) ask=0.600 | market CONTRADICTS (ask<0.70, phantom pattern)
2026-05-16 20:25:16,640 DEBUG signal_engine Tape capture skip_2026-05-16_824435_10.5_103263: trades_5s=0 trades_30s=0 signed_30s=None ltp_ask_gap_3=-0.1049 stale=201.551s raw_n=100 fetch_ok=True
2026-05-16 20:25:16,752 DEBUG signal_engine Family B capture skip_2026-05-16_824435_10.5_103263: ask_touch=54.0 bid_touch=12.0 imb1=0.1818 imb5=0.3976 depth_below=0 depth_at=0 book_ok=True
2026-05-16 20:25:16,754 DEBUG signal_engine Family C capture skip_2026-05-16_824435_10.5_103263: ask_v5=0.0 ask_v30=0.000308 mid_drift=0.0 spread_ratio=0.5172 ask_vol=0.016432 buffer_n=120 window_30s_n=5
2026-05-16 20:25:16,764 DEBUG signal_engine Skip SD@SEA line=5.5: Gate 8f saturation (base_fv=0.999 >= threshold=0.990) ask=0.970 | market CONFIRMS (ask>=0.85, likely real run)
2026-05-16 20:25:16,936 DEBUG signal_engine Tape capture skip_2026-05-16_823139_5.5_103284: trades_5s=0 trades_30s=0 signed_30s=None ltp_ask_gap_3=-0.4749 stale=201.764s raw_n=100 fetch_ok=True
2026-05-16 20:25:17,075 DEBUG signal_engine Family B capture skip_2026-05-16_823139_5.5_103284: ask_touch=270.35 bid_touch=5.0 imb1=0.0182 imb5=0.1533 depth_below=0 depth_at=0 book_ok=True
2026-05-16 20:25:17,076 DEBUG signal_engine Family C capture skip_2026-05-16_823139_5.5_103284: ask_v5=-0.001507 ask_v30=0.0 mid_drift=0.0 spread_ratio=0.2703 ask_vol=0.005477 buffer_n=120 window_30s_n=5
2026-05-16 20:25:17,081 DEBUG signal_engine Skip SD@SEA line=6.5: Gate 8f saturation (base_fv=0.996 >= threshold=0.990) ask=0.890 | market CONFIRMS (ask>=0.85, likely real run)
2026-05-16 20:25:17,263 DEBUG signal_engine Tape capture skip_2026-05-16_823139_6.5_103298: trades_5s=0 trades_30s=0 signed_30s=None ltp_ask_gap_3=-0.3949 stale=202.082s raw_n=100 fetch_ok=True
2026-05-16 20:25:17,372 DEBUG signal_engine Family B capture skip_2026-05-16_823139_6.5_103298: ask_touch=5.0 bid_touch=21.0 imb1=0.8077 imb5=0.5142 depth_below=0 depth_at=0 book_ok=True
2026-05-16 20:25:17,374 DEBUG signal_engine Family C capture skip_2026-05-16_823139_6.5_103298: ask_v5=0.0 ask_v30=0.0 mid_drift=-0.005 spread_ratio=0.8621 ask_vol=0.004472 buffer_n=120 window_30s_n=5
2026-05-16 20:25:17,546 INFO live_engine ORDER FILLED [2026-05-16_823139_7.5_0005] order_id=0x949666d817a036d456fe72335e33113cc51f791e9bdd8de3aa97a2aba4b3fbfa  fill_price=0.740  size=13.51
2026-05-16 20:25:17,557 INFO live_engine === ORDER LIFECYCLE SUMMARY (2026-05-16) -- placed=6 filled=5 (83%) never_filled=0 other_cancel=0 reserved_on_misses=$0.00 ===
2026-05-16 20:25:17,557 INFO live_engine === GAME SUMMARY (2026-05-16) ===
2026-05-16 20:25:17,557 INFO live_engine   BAL@WSH  final=3-13 (total=16) | O8.5(FILL,W,+6.13)  O10.5(FILL,W,+4.28)
2026-05-16 20:26:09,394 INFO live_engine ORDER FILLED [2026-05-16_824600_7.5_0006] order_id=0xd521df2faa1802c0dcf623c1a922dba3308c10203436234d3088702a731ca546  fill_price=0.760  size=13.15
2026-05-16 20:26:09,399 INFO live_engine === ORDER LIFECYCLE SUMMARY (2026-05-16) -- placed=6 filled=6 (100%) never_filled=0 other_cancel=0 reserved_on_misses=$0.00 ===
2026-05-16 20:26:09,399 INFO live_engine === GAME SUMMARY (2026-05-16) ===
2026-05-16 20:26:09,399 INFO live_engine   BAL@WSH  final=3-13 (total=16) | O8.5(FILL,W,+6.13)  O10.5(FILL,W,+4.28)
2026-05-16 20:27:00,500 DEBUG signal_engine Skip CIN@CLE line=9.5: Gate 8f saturation (base_fv=1.000 >= threshold=0.990) ask=0.999 | market CONFIRMS (ask>=0.85, likely real run)
2026-05-16 20:27:00,605 DEBUG signal_engine Tape capture skip_2026-05-16_824435_9.5_103887: trades_5s=0 trades_30s=0 signed_30s=None ltp_ask_gap_3=-0.5039 stale=305.5s raw_n=100 fetch_ok=True
2026-05-16 20:27:00,717 DEBUG signal_engine Family B capture skip_2026-05-16_824435_9.5_103887: ask_touch=46.69 bid_touch=135.11 imb1=0.7432 imb5=0.9837 depth_below=46.69 depth_at=46.69 book_ok=True
2026-05-16 20:27:00,719 DEBUG signal_engine Family C capture skip_2026-05-16_824435_9.5_103887: ask_v5=None ask_v30=None mid_drift=None spread_ratio=None ask_vol=None buffer_n=120 window_30s_n=1
2026-05-16 20:28:30,282 DEBUG signal_engine Tape capture skip_2026-05-16_824193_5.5_104349: trades_5s=0 trades_30s=0 signed_30s=None ltp_ask_gap_3=-0.3249 stale=395.176s raw_n=100 fetch_ok=True
2026-05-16 20:28:30,394 DEBUG signal_engine Family B capture skip_2026-05-16_824193_5.5_104349: ask_touch=18596.0 bid_touch=19893.64 imb1=0.5169 imb5=0.4887 depth_below=0 depth_at=0 book_ok=True
2026-05-16 20:28:30,395 DEBUG signal_engine Family C capture skip_2026-05-16_824193_5.5_104349: ask_v5=0.0 ask_v30=-0.002192 mid_drift=-0.045 spread_ratio=0.8824 ask_vol=0.013038 buffer_n=120 window_30s_n=5
2026-05-16 20:29:40,617 DEBUG signal_engine Skip NYY@NYM line=6.5: current_total=3 < min=4 (mode=shadow arm=shadow relax_pass=True)
2026-05-16 20:31:42,071 DEBUG signal_engine Skip SD@SEA line=6.5: Gate 8f saturation (base_fv=0.994 >= threshold=0.990) ask=0.950 | market CONFIRMS (ask>=0.85, likely real run)
2026-05-16 20:31:42,421 DEBUG signal_engine Tape capture skip_2026-05-16_823139_6.5_105402: trades_5s=0 trades_30s=0 signed_30s=None ltp_ask_gap_3=-0.1233 stale=290.071s raw_n=100 fetch_ok=True
2026-05-16 20:31:42,538 DEBUG signal_engine Family B capture skip_2026-05-16_823139_6.5_105402: ask_touch=9.61 bid_touch=42.0 imb1=0.8138 imb5=0.0852 depth_below=0 depth_at=0 book_ok=True
2026-05-16 20:31:42,540 DEBUG signal_engine Family C capture skip_2026-05-16_823139_6.5_105402: ask_v5=0.0 ask_v30=0.000313 mid_drift=0.02 spread_ratio=0.4717 ask_vol=0.004472 buffer_n=120 window_30s_n=5
2026-05-16 20:32:46,350 DEBUG signal_engine Skip SD@SEA line=6.5: Gate 8f saturation (base_fv=1.000 >= threshold=0.990) ask=0.970 | market CONFIRMS (ask>=0.85, likely real run)
2026-05-16 20:32:46,421 DEBUG signal_engine Tape capture skip_2026-05-16_823139_6.5_105810: trades_5s=0 trades_30s=0 signed_30s=None ltp_ask_gap_3=-0.1433 stale=354.349s raw_n=100 fetch_ok=True
2026-05-16 20:32:46,535 DEBUG signal_engine Family B capture skip_2026-05-16_823139_6.5_105810: ask_touch=12.28 bid_touch=5.0 imb1=0.2894 imb5=0.3724 depth_below=0 depth_at=0 book_ok=True
2026-05-16 20:32:46,538 DEBUG signal_engine Family C capture skip_2026-05-16_823139_6.5_105810: ask_v5=0.0 ask_v30=0.000627 mid_drift=0.005 spread_ratio=1.1667 ask_vol=0.008944 buffer_n=120 window_30s_n=5
2026-05-16 20:33:18,461 DEBUG signal_engine Skip NYY@NYM line=6.5: current_total=3 < min=4 (mode=shadow arm=shadow relax_pass=True)
2026-05-16 20:33:44,456 DEBUG mlb_poly_monitor Schedule state-change rollup for 2026-05-16: changes_total=250 changes_since_last_log=25 games=15 live=7 final=6 states=live=7|final=6:82, live=5|final=1:72, live=5|final=2:30, live=4|final=2:22
2026-05-16 20:33:50,424 DEBUG signal_engine Skip SD@SEA line=6.5: Gate 8f saturation (base_fv=1.000 >= threshold=0.990) ask=0.970 | market CONFIRMS (ask>=0.85, likely real run)
2026-05-16 20:33:50,497 DEBUG signal_engine Tape capture skip_2026-05-16_823139_6.5_106158: trades_5s=0 trades_30s=0 signed_30s=None ltp_ask_gap_3=-0.1433 stale=418.423s raw_n=100 fetch_ok=True
2026-05-16 20:33:50,624 DEBUG signal_engine Family B capture skip_2026-05-16_823139_6.5_106158: ask_touch=12.28 bid_touch=42.0 imb1=0.7738 imb5=0.3167 depth_below=0 depth_at=0 book_ok=True
2026-05-16 20:33:50,625 DEBUG signal_engine Family C capture skip_2026-05-16_823139_6.5_106158: ask_v5=0.0 ask_v30=0.0 mid_drift=0.0 spread_ratio=1.0294 ask_vol=0.0 buffer_n=120 window_30s_n=5
2026-05-16 20:34:22,702 DEBUG signal_engine Skip NYY@NYM line=6.5: current_total=3 < min=4 (mode=shadow arm=shadow relax_pass=True)
2026-05-16 20:34:48,223 DEBUG signal_engine Skip CHC@CWS line=8.5: inning 5 bullpen-transition dead zone (rn=3.5 >= threshold 2.5) -- same rn at inn4 is 6W/0L
2026-05-16 20:34:48,411 DEBUG signal_engine Tape capture skip_2026-05-16_824600_8.5_106490: trades_5s=0 trades_30s=0 signed_30s=None ltp_ask_gap_3=-0.28 stale=173.224s raw_n=100 fetch_ok=True
2026-05-16 20:34:48,531 DEBUG signal_engine Family B capture skip_2026-05-16_824600_8.5_106490: ask_touch=255.0 bid_touch=245.0 imb1=0.49 imb5=0.2326 depth_below=0 depth_at=0 book_ok=True
2026-05-16 20:34:48,532 DEBUG signal_engine Family C capture skip_2026-05-16_824600_8.5_106490: ask_v5=0.0 ask_v30=0.002191 mid_drift=0.055 spread_ratio=0.5682 ask_vol=0.021213 buffer_n=120 window_30s_n=5
2026-05-16 20:35:39,657 DEBUG signal_engine Skip CHC@CWS line=9.5: runs_needed=4.5 > max=3.5 (total=5)
2026-05-16 20:35:39,866 DEBUG signal_engine Tape capture skip_2026-05-16_824600_9.5_106769: trades_5s=0 trades_30s=0 signed_30s=None ltp_ask_gap_3=-0.42 stale=224.658s raw_n=100 fetch_ok=True
2026-05-16 20:35:39,972 DEBUG signal_engine Family B capture skip_2026-05-16_824600_9.5_106769: ask_touch=21.0 bid_touch=185.0 imb1=0.8981 imb5=0.6668 depth_below=0 depth_at=0 book_ok=True
2026-05-16 20:35:39,973 DEBUG signal_engine Family C capture skip_2026-05-16_824600_9.5_106769: ask_v5=0.001569 ask_v30=0.009078 mid_drift=0.245 spread_ratio=1.4286 ask_vol=0.146799 buffer_n=120 window_30s_n=5
2026-05-16 20:35:39,978 DEBUG signal_engine Skip CHC@CWS line=10.5: runs_needed=5.5 > max=3.5 (total=5)
2026-05-16 20:35:40,166 DEBUG signal_engine Tape capture skip_2026-05-16_824600_10.5_106786: trades_5s=0 trades_30s=0 signed_30s=None ltp_ask_gap_3=-0.32 stale=224.978s raw_n=100 fetch_ok=True
2026-05-16 20:35:40,279 DEBUG signal_engine Family B capture skip_2026-05-16_824600_10.5_106786: ask_touch=185.0 bid_touch=184.0 imb1=0.4986 imb5=0.4729 depth_below=0 depth_at=0 book_ok=True
2026-05-16 20:35:40,281 DEBUG signal_engine Family C capture skip_2026-05-16_824600_10.5_106786: ask_v5=-0.001492 ask_v30=0.009298 mid_drift=0.31 spread_ratio=0.4167 ask_vol=0.155338 buffer_n=120 window_30s_n=5
2026-05-16 20:36:31,385 DEBUG signal_engine Skip CHC@CWS line=9.5: inning 5 bullpen-transition dead zone (rn=2.5 >= threshold 2.5) -- same rn at inn4 is 6W/0L
2026-05-16 20:36:31,479 DEBUG signal_engine Tape capture skip_2026-05-16_824600_9.5_107058: trades_5s=0 trades_30s=0 signed_30s=None ltp_ask_gap_3=-0.35 stale=276.386s raw_n=100 fetch_ok=True
2026-05-16 20:36:31,607 DEBUG signal_engine Family B capture skip_2026-05-16_824600_9.5_107058: ask_touch=21.0 bid_touch=21.0 imb1=0.5 imb5=0.3536 depth_below=0 depth_at=0 book_ok=True
2026-05-16 20:36:31,608 DEBUG signal_engine Family C capture skip_2026-05-16_824600_9.5_107058: ask_v5=-0.007774 ask_v30=-0.000626 mid_drift=-0.02 spread_ratio=0.2473 ask_vol=0.027749 buffer_n=120 window_30s_n=5
2026-05-16 20:36:31,616 DEBUG signal_engine Skip CHC@CWS line=8.5: Gate 8f saturation (base_fv=0.993 >= threshold=0.990) ask=0.870 | market CONFIRMS (ask>=0.85, likely real run)
2026-05-16 20:36:31,697 DEBUG signal_engine Tape capture skip_2026-05-16_824600_8.5_107070: trades_5s=0 trades_30s=0 signed_30s=None ltp_ask_gap_3=-0.51 stale=276.616s raw_n=100 fetch_ok=True
2026-05-16 20:36:31,807 DEBUG signal_engine Family B capture skip_2026-05-16_824600_8.5_107070: ask_touch=21.0 bid_touch=21.0 imb1=0.5 imb5=0.8958 depth_below=0 depth_at=0 book_ok=True
2026-05-16 20:36:31,809 DEBUG signal_engine Family C capture skip_2026-05-16_824600_8.5_107070: ask_v5=-0.001503 ask_v30=-0.000622 mid_drift=-0.01 spread_ratio=0.6471 ask_vol=0.020494 buffer_n=120 window_30s_n=5
2026-05-16 20:37:35,672 DEBUG signal_engine Skip CHC@CWS line=9.5: inning 5 bullpen-transition dead zone (rn=2.5 >= threshold 2.5) -- same rn at inn4 is 6W/0L
2026-05-16 20:37:35,757 DEBUG signal_engine Tape capture skip_2026-05-16_824600_9.5_107408: trades_5s=0 trades_30s=0 signed_30s=None ltp_ask_gap_3=-0.37 stale=340.673s raw_n=100 fetch_ok=True
2026-05-16 20:37:35,873 DEBUG signal_engine Family B capture skip_2026-05-16_824600_9.5_107408: ask_touch=49.5 bid_touch=500.0 imb1=0.9099 imb5=0.3031 depth_below=0 depth_at=0 book_ok=True
2026-05-16 20:37:35,875 DEBUG signal_engine Family C capture skip_2026-05-16_824600_9.5_107408: ask_v5=-0.003102 ask_v30=0.0 mid_drift=0.015 spread_ratio=0.7759 ask_vol=0.036332 buffer_n=120 window_30s_n=5
2026-05-16 20:37:35,876 DEBUG signal_engine Skip CHC@CWS line=8.5: Gate 8f saturation (base_fv=0.993 >= threshold=0.990) ask=0.880 | market CONFIRMS (ask>=0.85, likely real run)
2026-05-16 20:37:35,968 DEBUG signal_engine Tape capture skip_2026-05-16_824600_8.5_107409: trades_5s=0 trades_30s=0 signed_30s=None ltp_ask_gap_3=-0.52 stale=340.876s raw_n=100 fetch_ok=True
2026-05-16 20:37:36,078 DEBUG signal_engine Family B capture skip_2026-05-16_824600_8.5_107409: ask_touch=500.0 bid_touch=526.0 imb1=0.5127 imb5=0.3753 depth_below=599.0 depth_at=99.0 book_ok=True
2026-05-16 20:37:36,079 DEBUG signal_engine Family C capture skip_2026-05-16_824600_8.5_107409: ask_v5=0.0 ask_v30=0.000622 mid_drift=0.02 spread_ratio=1.125 ask_vol=0.016733 buffer_n=120 window_30s_n=5
2026-05-16 20:38:33,567 DEBUG signal_engine Skip NYY@NYM line=5.5: current_total=3 < min=4 (mode=shadow arm=shadow relax_pass=True)
2026-05-16 20:38:52,726 DEBUG signal_engine Skip NYY@NYM line=7.5: current_total=3 < min=4 (mode=shadow arm=shadow relax_pass=True)
2026-05-16 20:39:44,032 DEBUG signal_engine Tape capture skip_2026-05-16_823627_5.5_108067: trades_5s=0 trades_30s=0 signed_30s=None ltp_ask_gap_3=-0.3133 stale=167.827s raw_n=100 fetch_ok=True
2026-05-16 20:39:44,143 DEBUG signal_engine Family B capture skip_2026-05-16_823627_5.5_108067: ask_touch=120.0 bid_touch=99.0 imb1=0.4521 imb5=0.5372 depth_below=0 depth_at=0 book_ok=True
2026-05-16 20:39:44,144 DEBUG signal_engine Family C capture skip_2026-05-16_823627_5.5_108067: ask_v5=0.0 ask_v30=0.0 mid_drift=0.01 spread_ratio=1.3158 ask_vol=0.005477 buffer_n=120 window_30s_n=5
2026-05-16 20:39:44,252 INFO live_engine Calibrated-stake [SHADOW] NYY@NYM line=7.5 calibrated_edge=+0.0360 multiplier=0.740 base=$10.00 -> stake=$10.00 (shadow only -- stake unchanged)
2026-05-16 20:39:44,252 INFO live_engine EV policy [SHADOW] NYY@NYM line=7.5 allow=False p_win=0.521 p_fill=0.692 ev_if_filled=-1.98 ev_per_stake=-0.1371
2026-05-16 20:39:44,253 INFO live_engine LIVE BET [2026-05-16_823627_7.5_0007] NYY@NYM O/U 7.5 OVER | decision_ask=0.650  exec_bid=0.620  exec_ask=0.670  spread=0.050  ltp=0.490  limit=0.650 | FV=0.859 (base=0.878 S2=-0.109 S3=-0.057) | edge=0.209 | inn=B4  outs=2  score=1-3  rn=3.5  runners=2 | stake=$10.00 shares=15.3846 (flat)
2026-05-16 20:39:44,615 DEBUG polymarket_client Order posted: price=0.650  shares=15.3846  max_cost=$10.00  sign=220ms  post=142ms  resp={'errorMsg': '', 'orderID': '0xa0c2da07578bb08b3d71eb1de6c17e8a6b65df470d101dd4f8da114a211d2d62', 'takingAmount': '', 'makingAmount': '', 'status': 'live', 'success': True}
2026-05-16 20:39:44,615 INFO polymarket_client Order accepted: id=0xa0c2da07578bb08b3d71eb1de6c17e8a6b65df470d101dd4f8da114a211d2d62  status=live  price=0.650  shares=15.3846  max_cost=$10.00  sign=220ms  post=142ms
2026-05-16 20:39:44,615 INFO live_engine ORDER PLACED [2026-05-16_823627_7.5_0007] order_id=0xa0c2da07578bb08b3d71eb1de6c17e8a6b65df470d101dd4f8da114a211d2d62  status=live raw_status=live  sign_ms=220  post_ms=142
2026-05-16 20:39:44,623 INFO live_engine === ORDER LIFECYCLE SUMMARY (2026-05-16) -- placed=7 filled=6 (86%) never_filled=0 other_cancel=0 reserved_on_misses=$0.00 ===
2026-05-16 20:39:44,623 INFO live_engine === GAME SUMMARY (2026-05-16) ===
2026-05-16 20:39:44,623 INFO live_engine   BAL@WSH  final=3-13 (total=16) | O8.5(FILL,W,+6.13)  O10.5(FILL,W,+4.28)
2026-05-16 20:39:44,828 DEBUG signal_engine Tape capture 2026-05-16_823627_7.5_0007: trades_5s=0 trades_30s=0 signed_30s=None ltp_ask_gap_3=-0.0733 stale=168.147s raw_n=100 fetch_ok=True
2026-05-16 20:39:44,942 DEBUG signal_engine Family B capture 2026-05-16_823627_7.5_0007: ask_touch=154.0 bid_touch=15.38 imb1=0.0908 imb5=0.237 depth_below=0 depth_at=0 book_ok=True
2026-05-16 20:39:44,944 DEBUG signal_engine Family C capture 2026-05-16_823627_7.5_0007: ask_v5=0.0 ask_v30=-0.00031 mid_drift=0.01 spread_ratio=1.0 ask_vol=0.0 buffer_n=120 window_30s_n=5
2026-05-16 20:39:44,947 DEBUG signal_engine Book capture started: 2026-05-16_823627_7.5_0007  token=276424823961...326410  duration=120s interval=1.0s
2026-05-16 20:39:45,129 DEBUG signal_engine Tape capture skip_2026-05-16_823627_6.5_108078: trades_5s=0 trades_30s=0 signed_30s=None ltp_ask_gap_3=-0.2433 stale=168.952s raw_n=100 fetch_ok=True
2026-05-16 20:39:45,236 DEBUG signal_engine Family B capture skip_2026-05-16_823627_6.5_108078: ask_touch=54.0 bid_touch=42.0 imb1=0.4375 imb5=0.7273 depth_below=0 depth_at=0 book_ok=True
2026-05-16 20:39:45,238 DEBUG signal_engine Family C capture skip_2026-05-16_823627_6.5_108078: ask_v5=0.0 ask_v30=0.0 mid_drift=0.015 spread_ratio=1.25 ask_vol=0.008944 buffer_n=120 window_30s_n=5
2026-05-16 20:39:45,358 DEBUG live_engine Ask-reversal monitor [2026-05-16_823627_7.5_0007] age=0.6s  entry_ask=0.650  current_ask=0.670  drop=-0.020  threshold=0.080
2026-05-16 20:39:51,847 DEBUG live_engine Ask-reversal monitor [2026-05-16_823627_7.5_0007] age=7.1s  entry_ask=0.650  current_ask=0.670  drop=-0.020  threshold=0.080
2026-05-16 20:39:51,847 INFO live_engine Ask-reversal window expired [2026-05-16_823627_7.5_0007] entry_ask=0.650  window=5.0s  current_ask=0.670  drop=-0.020  (threshold=0.080  window=5s -- no cancel triggered)
2026-05-16 20:39:51,847 DEBUG live_engine Suppressed duplicate live ledger event bet_id=2026-05-16_823627_7.5_0007 order_id=0xa0c2da07578bb08b3d71eb1de6c17e8a6b65df470d101dd4f8da114a211d2d62 event=live
2026-05-16 20:39:51,852 INFO live_engine === ORDER LIFECYCLE SUMMARY (2026-05-16) -- placed=7 filled=6 (86%) never_filled=0 other_cancel=0 reserved_on_misses=$0.00 ===
2026-05-16 20:39:51,852 INFO live_engine === GAME SUMMARY (2026-05-16) ===
2026-05-16 20:39:51,852 INFO live_engine   BAL@WSH  final=3-13 (total=16) | O8.5(FILL,W,+6.13)  O10.5(FILL,W,+4.28)
2026-05-16 20:39:52,006 DEBUG live_engine FV check [2026-05-16_823627_7.5_0007] age=7.4s < min_age=90.0s -- hold period active
2026-05-16 20:39:58,489 DEBUG live_engine Ask-reversal monitor [2026-05-16_823627_7.5_0007] age=13.8s  entry_ask=0.650  current_ask=0.670  drop=-0.020  threshold=0.080
2026-05-16 20:40:05,030 DEBUG live_engine FV check [2026-05-16_823627_7.5_0007] age=20.4s < min_age=90.0s -- hold period active
2026-05-16 20:40:17,855 DEBUG signal_engine Skip SD@SEA line=6.5: Gate 8f saturation (base_fv=1.000 >= threshold=0.990) ask=0.970 | market CONFIRMS (ask>=0.85, likely real run)
2026-05-16 20:40:18,048 DEBUG signal_engine Tape capture skip_2026-05-16_823139_6.5_108232: trades_5s=0 trades_30s=0 signed_30s=None ltp_ask_gap_3=-0.3933 stale=201.855s raw_n=100 fetch_ok=True
2026-05-16 20:40:18,164 DEBUG signal_engine Family B capture skip_2026-05-16_823139_6.5_108232: ask_touch=14.6 bid_touch=42.0 imb1=0.742 imb5=0.3371 depth_below=0 depth_at=0 book_ok=True
2026-05-16 20:40:18,166 DEBUG signal_engine Family C capture skip_2026-05-16_823139_6.5_108232: ask_v5=-0.001558 ask_v30=-0.000304 mid_drift=-0.02 spread_ratio=1.0345 ask_vol=0.004472 buffer_n=120 window_30s_n=5
2026-05-16 20:40:18,350 DEBUG live_engine FV check [2026-05-16_823627_7.5_0007] age=33.7s < min_age=90.0s -- hold period active
2026-05-16 20:40:24,829 INFO live_engine Calibrated-stake [SHADOW] TEX@HOU line=5.5 calibrated_edge=-0.0820 multiplier=0.500 base=$10.00 -> stake=$10.00 (shadow only -- stake unchanged)
2026-05-16 20:40:24,830 INFO live_engine EV policy [SHADOW] TEX@HOU line=5.5 allow=False p_win=0.629 p_fill=0.650 ev_if_filled=-1.26 ev_per_stake=-0.0820
2026-05-16 20:40:24,830 INFO live_engine Correlated-line spacing cap hit for TEX@HOU (line=5.5 within 1.5 of existing line=6.5) -- skipping
2026-05-16 20:40:33,623 INFO live_engine Calibrated-stake [SHADOW] TEX@HOU line=5.5 calibrated_edge=-0.0820 multiplier=0.500 base=$10.00 -> stake=$10.00 (shadow only -- stake unchanged)
2026-05-16 20:40:33,623 INFO live_engine EV policy [SHADOW] TEX@HOU line=5.5 allow=False p_win=0.629 p_fill=0.650 ev_if_filled=-1.26 ev_per_stake=-0.0819
2026-05-16 20:40:33,623 INFO live_engine Correlated-line spacing cap hit for TEX@HOU (line=5.5 within 1.5 of existing line=6.5) -- skipping
2026-05-16 20:40:33,805 DEBUG live_engine FV check [2026-05-16_823627_7.5_0007] age=49.2s < min_age=90.0s -- hold period active
2026-05-16 20:40:46,736 DEBUG live_engine FV check [2026-05-16_823627_7.5_0007] age=62.1s < min_age=90.0s -- hold period active
2026-05-16 20:40:53,186 DEBUG signal_engine Skip SD@SEA line=6.5: Gate 8f saturation (base_fv=1.000 >= threshold=0.990) ask=0.970 | market CONFIRMS (ask>=0.85, likely real run)
2026-05-16 20:40:53,260 DEBUG signal_engine Tape capture skip_2026-05-16_823139_6.5_108402: trades_5s=0 trades_30s=0 signed_30s=None ltp_ask_gap_3=-0.3933 stale=237.185s raw_n=100 fetch_ok=True
2026-05-16 20:40:53,376 DEBUG signal_engine Family B capture skip_2026-05-16_823139_6.5_108402: ask_touch=14.6 bid_touch=42.0 imb1=0.742 imb5=0.6014 depth_below=0 depth_at=0 book_ok=True
2026-05-16 20:40:53,379 DEBUG signal_engine Family C capture skip_2026-05-16_823139_6.5_108402: ask_v5=0.0 ask_v30=0.0 mid_drift=-0.005 spread_ratio=0.8904 ask_vol=0.0 buffer_n=120 window_30s_n=5
2026-05-16 20:40:53,384 DEBUG signal_engine Skip CHC@CWS line=8.5: Gate 8f saturation (base_fv=0.993 >= threshold=0.990) ask=0.840 | market AMBIGUOUS
2026-05-16 20:40:53,623 DEBUG signal_engine Tape capture skip_2026-05-16_824600_8.5_108413: trades_5s=0 trades_30s=0 signed_30s=None ltp_ask_gap_3=-0.2633 stale=237.384s raw_n=100 fetch_ok=True
2026-05-16 20:40:53,731 DEBUG signal_engine Family B capture skip_2026-05-16_824600_8.5_108413: ask_touch=42.0 bid_touch=34.0 imb1=0.4474 imb5=0.4759 depth_below=0 depth_at=0 book_ok=True
2026-05-16 20:40:53,733 DEBUG signal_engine Family C capture skip_2026-05-16_824600_8.5_108413: ask_v5=-0.014676 ask_v30=-0.002452 mid_drift=-0.04 spread_ratio=0.6667 ask_vol=0.046152 buffer_n=120 window_30s_n=5
2026-05-16 20:41:00,276 DEBUG live_engine FV check [2026-05-16_823627_7.5_0007] age=75.7s < min_age=90.0s -- hold period active
2026-05-16 20:41:13,199 DEBUG live_engine FV check [2026-05-16_823627_7.5_0007] age=88.6s < min_age=90.0s -- hold period active
2026-05-16 20:41:25,980 DEBUG signal_engine Skip SD@SEA line=6.5: Gate 8f saturation (base_fv=1.000 >= threshold=0.990) ask=0.970 | market CONFIRMS (ask>=0.85, likely real run)
2026-05-16 20:41:26,064 DEBUG signal_engine Tape capture skip_2026-05-16_823139_6.5_108563: trades_5s=0 trades_30s=0 signed_30s=None ltp_ask_gap_3=-0.3933 stale=269.98s raw_n=100 fetch_ok=True
2026-05-16 20:41:26,183 DEBUG signal_engine Family B capture skip_2026-05-16_823139_6.5_108563: ask_touch=56.6 bid_touch=42.0 imb1=0.426 imb5=0.488 depth_below=0 depth_at=0 book_ok=True
2026-05-16 20:41:26,185 DEBUG signal_engine Family C capture skip_2026-05-16_823139_6.5_108563: ask_v5=0.0 ask_v30=0.0 mid_drift=0.0 spread_ratio=0.9848 ask_vol=0.0 buffer_n=120 window_30s_n=5
2026-05-16 20:41:26,351 DEBUG live_engine FV check [2026-05-16_823627_7.5_0007] current_fv=0.748  limit=0.650  edge_at_limit=0.098  OK
2026-05-16 20:41:39,251 DEBUG live_engine FV check [2026-05-16_823627_7.5_0007] current_fv=0.748  limit=0.650  edge_at_limit=0.098  OK
2026-05-16 20:41:44,253 DEBUG signal_engine Book capture complete: 2026-05-16_823627_7.5_0007  (121 snapshots)
2026-05-16 20:41:52,145 DEBUG live_engine FV check [2026-05-16_823627_7.5_0007] current_fv=0.748  limit=0.650  edge_at_limit=0.098  OK
2026-05-16 20:42:05,115 DEBUG live_engine FV check [2026-05-16_823627_7.5_0007] current_fv=0.748  limit=0.650  edge_at_limit=0.098  OK
2026-05-16 20:42:11,886 DEBUG mlb_poly_monitor Polling 98 token books (7 active games)
2026-05-16 20:42:18,023 DEBUG live_engine FV check [2026-05-16_823627_7.5_0007] current_fv=0.748  limit=0.650  edge_at_limit=0.098  OK
2026-05-16 20:42:18,023 DEBUG mlb_poly_monitor Wrote 98 tick snapshots
2026-05-16 20:42:56,788 INFO live_engine ORDER FILLED [2026-05-16_823627_7.5_0007] order_id=0xa0c2da07578bb08b3d71eb1de6c17e8a6b65df470d101dd4f8da114a211d2d62  fill_price=0.650  size=15.38
2026-05-16 20:42:56,794 INFO live_engine === ORDER LIFECYCLE SUMMARY (2026-05-16) -- placed=7 filled=7 (100%) never_filled=0 other_cancel=0 reserved_on_misses=$0.00 ===
2026-05-16 20:42:56,794 INFO live_engine === GAME SUMMARY (2026-05-16) ===
2026-05-16 20:42:56,794 INFO live_engine   BAL@WSH  final=3-13 (total=16) | O8.5(FILL,W,+6.13)  O10.5(FILL,W,+4.28)
2026-05-16 20:44:07,014 DEBUG signal_engine Gate 8e conditional relax APPLIED CHC@CWS line=8.5 (mode=enforce arm=enforce trail=0 lead=7 inn=6 ask=0.940 rn=1.50)
2026-05-16 20:44:07,088 DEBUG signal_engine Tape capture skip_2026-05-16_824600_8.5_109462: trades_5s=0 trades_30s=0 signed_30s=None ltp_ask_gap_3=-0.3633 stale=431.014s raw_n=100 fetch_ok=True
2026-05-16 20:44:07,197 DEBUG signal_engine Family B capture skip_2026-05-16_824600_8.5_109462: ask_touch=500.0 bid_touch=521.0 imb1=0.5103 imb5=0.5187 depth_below=0 depth_at=0 book_ok=True
2026-05-16 20:44:07,198 DEBUG signal_engine Family C capture skip_2026-05-16_824600_8.5_109462: ask_v5=-0.001555 ask_v30=0.0 mid_drift=0.01 spread_ratio=0.7143 ask_vol=0.007071 buffer_n=120 window_30s_n=5
2026-05-16 20:44:26,320 DEBUG signal_engine Skip CHC@CWS line=9.5: inning 6 setup-reliever dead zone (rn=2.5 >= threshold 2.5) -- 5yr backtest: 63% WR on 1569 bets
2026-05-16 20:44:26,504 DEBUG signal_engine Tape capture skip_2026-05-16_824600_9.5_109551: trades_5s=0 trades_30s=0 signed_30s=None ltp_ask_gap_3=-0.203 stale=152.321s raw_n=100 fetch_ok=True
2026-05-16 20:44:26,620 DEBUG signal_engine Family B capture skip_2026-05-16_824600_9.5_109551: ask_touch=12.0 bid_touch=19.0 imb1=0.6129 imb5=0.9647 depth_below=0 depth_at=0 book_ok=True
2026-05-16 20:44:26,621 DEBUG signal_engine Family C capture skip_2026-05-16_824600_9.5_109551: ask_v5=0.0 ask_v30=0.000312 mid_drift=0.005 spread_ratio=1.0577 ask_vol=0.049699 buffer_n=120 window_30s_n=5
2026-05-16 20:44:39,422 DEBUG signal_engine Skip SD@SEA line=6.5: Gate 8f saturation (base_fv=1.000 >= threshold=0.990) ask=0.950 | market CONFIRMS (ask>=0.85, likely real run)
2026-05-16 20:44:39,504 DEBUG signal_engine Tape capture skip_2026-05-16_823139_6.5_109614: trades_5s=0 trades_30s=0 signed_30s=None ltp_ask_gap_3=-0.3733 stale=463.421s raw_n=100 fetch_ok=True
2026-05-16 20:44:39,614 DEBUG signal_engine Family B capture skip_2026-05-16_823139_6.5_109614: ask_touch=1287.13 bid_touch=1308.13 imb1=0.504 imb5=0.2645 depth_below=0 depth_at=0 book_ok=True
2026-05-16 20:44:39,615 DEBUG signal_engine Family C capture skip_2026-05-16_823139_6.5_109614: ask_v5=0.001559 ask_v30=0.000309 mid_drift=0.01 spread_ratio=1.0938 ask_vol=0.008367 buffer_n=120 window_30s_n=5
2026-05-16 20:44:46,001 DEBUG signal_engine Gate 8e conditional relax APPLIED CHC@CWS line=9.5 (mode=enforce arm=enforce trail=1 lead=6 inn=6 ask=0.800 rn=1.50)
2026-05-16 20:44:46,003 DEBUG signal_engine Skip CHC@CWS line=9.5: pitcher quality edge boost (pitcher_era=1.62 < threshold=3.75  inn=6 <= 6  edge=0.180 < boosted_min=0.207) - quality pitching raises edge requirement
2026-05-16 20:44:46,091 DEBUG signal_engine Tape capture skip_2026-05-16_824600_9.5_109647: trades_5s=0 trades_30s=0 signed_30s=None ltp_ask_gap_3=-0.153 stale=172.001s raw_n=100 fetch_ok=True
2026-05-16 20:44:46,199 DEBUG signal_engine Family B capture skip_2026-05-16_824600_9.5_109647: ask_touch=12.0 bid_touch=21.0 imb1=0.6364 imb5=0.2014 depth_below=0 depth_at=0 book_ok=True
2026-05-16 20:44:46,201 DEBUG signal_engine Family C capture skip_2026-05-16_824600_9.5_109647: ask_v5=-0.026641 ask_v30=-0.0037 mid_drift=-0.075 spread_ratio=0.4891 ask_vol=0.077589 buffer_n=120 window_30s_n=5
2026-05-16 20:44:46,204 DEBUG signal_engine Gate 8e conditional relax APPLIED CHC@CWS line=8.5 (mode=enforce arm=enforce trail=1 lead=6 inn=6 ask=0.950 rn=0.50)
2026-05-16 20:44:46,205 DEBUG signal_engine Skip CHC@CWS line=8.5: Gate 8f saturation (base_fv=1.000 >= threshold=0.990) ask=0.950 | market CONFIRMS (ask>=0.85, likely real run)
2026-05-16 20:44:46,275 DEBUG signal_engine Tape capture skip_2026-05-16_824600_8.5_109662: trades_5s=0 trades_30s=0 signed_30s=None ltp_ask_gap_3=-0.3733 stale=470.204s raw_n=100 fetch_ok=True
2026-05-16 20:44:46,408 DEBUG signal_engine Family B capture skip_2026-05-16_824600_8.5_109662: ask_touch=42.0 bid_touch=21.0 imb1=0.3333 imb5=0.2135 depth_below=0 depth_at=0 book_ok=True
2026-05-16 20:44:46,410 DEBUG signal_engine Family C capture skip_2026-05-16_824600_8.5_109662: ask_v5=-0.001519 ask_v30=0.0 mid_drift=0.0 spread_ratio=0.6716 ask_vol=0.005477 buffer_n=120 window_30s_n=5
2026-05-16 20:45:37,513 DEBUG signal_engine Skip SD@SEA line=8.5: inning 5 bullpen-transition dead zone (rn=2.5 >= threshold 2.5) -- same rn at inn4 is 6W/0L
2026-05-16 20:45:37,693 DEBUG signal_engine Tape capture skip_2026-05-16_823139_8.5_109908: trades_5s=0 trades_30s=0 signed_30s=None ltp_ask_gap_3=0.047 stale=223.514s raw_n=100 fetch_ok=True
2026-05-16 20:45:37,810 DEBUG signal_engine Family B capture skip_2026-05-16_823139_8.5_109908: ask_touch=26964.3 bid_touch=8.0 imb1=0.0003 imb5=0.3571 depth_below=0 depth_at=0 book_ok=True
2026-05-16 20:45:37,811 DEBUG signal_engine Family C capture skip_2026-05-16_823139_8.5_109908: ask_v5=0.001567 ask_v30=-0.000626 mid_drift=0.005 spread_ratio=0.3704 ask_vol=0.052726 buffer_n=120 window_30s_n=5
2026-05-16 20:45:44,236 DEBUG signal_engine Skip NYY@NYM line=6.5: inning 5 bullpen-transition dead zone (rn=2.5 >= threshold 2.5) -- same rn at inn4 is 6W/0L
2026-05-16 20:45:44,624 DEBUG signal_engine Tape capture skip_2026-05-16_823627_6.5_109925: trades_5s=0 trades_30s=0 signed_30s=None ltp_ask_gap_3=-0.133 stale=230.235s raw_n=100 fetch_ok=True
2026-05-16 20:45:44,734 DEBUG signal_engine Family B capture skip_2026-05-16_823627_6.5_109925: ask_touch=260.0 bid_touch=15.0 imb1=0.0545 imb5=0.5521 depth_below=0 depth_at=0 book_ok=True
2026-05-16 20:45:44,736 DEBUG signal_engine Family C capture skip_2026-05-16_823627_6.5_109925: ask_v5=-0.001557 ask_v30=-0.00062 mid_drift=-0.005 spread_ratio=0.875 ask_vol=0.016733 buffer_n=120 window_30s_n=5
2026-05-16 20:45:44,737 DEBUG signal_engine Gate 8e conditional relax APPLIED CHC@CWS line=8.5 (mode=enforce arm=enforce trail=1 lead=6 inn=6 ask=0.940 rn=0.50)
2026-05-16 20:45:44,737 DEBUG signal_engine Skip CHC@CWS line=8.5: Gate 8f saturation (base_fv=1.000 >= threshold=0.990) ask=0.940 | market CONFIRMS (ask>=0.85, likely real run)
2026-05-16 20:45:44,806 DEBUG signal_engine Tape capture skip_2026-05-16_824600_8.5_109926: trades_5s=0 trades_30s=0 signed_30s=None ltp_ask_gap_3=-0.3633 stale=528.738s raw_n=100 fetch_ok=True
2026-05-16 20:45:44,917 DEBUG signal_engine Family B capture skip_2026-05-16_824600_8.5_109926: ask_touch=45.0 bid_touch=54.0 imb1=0.5455 imb5=0.3915 depth_below=0 depth_at=0 book_ok=True
2026-05-16 20:45:44,919 DEBUG signal_engine Family C capture skip_2026-05-16_824600_8.5_109926: ask_v5=-0.002889 ask_v30=0.0 mid_drift=0.005 spread_ratio=0.9211 ask_vol=0.010954 buffer_n=120 window_30s_n=5
2026-05-16 20:45:45,119 DEBUG signal_engine Tape capture skip_2026-05-16_823627_5.5_109935: trades_5s=0 trades_30s=0 signed_30s=None ltp_ask_gap_3=-0.213 stale=230.923s raw_n=100 fetch_ok=True
2026-05-16 20:45:45,230 DEBUG signal_engine Family B capture skip_2026-05-16_823627_5.5_109935: ask_touch=15.0 bid_touch=47.0 imb1=0.7581 imb5=0.5978 depth_below=0 depth_at=0 book_ok=True
2026-05-16 20:45:45,232 DEBUG signal_engine Family C capture skip_2026-05-16_823627_5.5_109935: ask_v5=-0.001406 ask_v30=-0.000607 mid_drift=-0.01 spread_ratio=0.9375 ask_vol=0.011402 buffer_n=120 window_30s_n=5
2026-05-16 20:45:51,619 DEBUG signal_engine Gate 8e conditional relax APPLIED CHC@CWS line=9.5 (mode=enforce arm=enforce trail=1 lead=6 inn=6 ask=0.790 rn=1.50)
2026-05-16 20:45:51,621 DEBUG signal_engine Skip CHC@CWS line=9.5: pitcher quality edge boost (pitcher_era=1.62 < threshold=3.75  inn=6 <= 6  edge=0.184 < boosted_min=0.203) - quality pitching raises edge requirement
2026-05-16 20:45:51,690 DEBUG signal_engine Tape capture skip_2026-05-16_824600_9.5_109981: trades_5s=0 trades_30s=0 signed_30s=None ltp_ask_gap_3=-0.143 stale=237.62s raw_n=100 fetch_ok=True
2026-05-16 20:45:51,805 DEBUG signal_engine Family B capture skip_2026-05-16_824600_9.5_109981: ask_touch=22.0 bid_touch=5.0 imb1=0.1852 imb5=0.3642 depth_below=0 depth_at=0 book_ok=True
2026-05-16 20:45:51,807 DEBUG signal_engine Family C capture skip_2026-05-16_824600_9.5_109981: ask_v5=-0.003133 ask_v30=-0.001117 mid_drift=-0.01 spread_ratio=0.7895 ask_vol=0.013038 buffer_n=120 window_30s_n=5
2026-05-16 20:46:04,641 DEBUG signal_engine Tape capture skip_2026-05-16_824600_9.5_110054: trades_5s=0 trades_30s=0 signed_30s=None ltp_ask_gap_3=-0.173 stale=250.568s raw_n=100 fetch_ok=True
2026-05-16 20:46:04,751 DEBUG signal_engine Family B capture skip_2026-05-16_824600_9.5_110054: ask_touch=5.0 bid_touch=6.41 imb1=0.5618 imb5=0.9817 depth_below=0 depth_at=0 book_ok=True
2026-05-16 20:46:04,753 DEBUG signal_engine Family C capture skip_2026-05-16_824600_9.5_110054: ask_v5=0.001569 ask_v30=0.0 mid_drift=-0.04 spread_ratio=0.7547 ask_vol=0.012247 buffer_n=120 window_30s_n=5
2026-05-16 20:46:17,572 DEBUG signal_engine Skip SD@SEA line=8.5: inning 5 bullpen-transition dead zone (rn=2.5 >= threshold 2.5) -- same rn at inn4 is 6W/0L
2026-05-16 20:46:17,648 DEBUG signal_engine Tape capture skip_2026-05-16_823139_8.5_110112: trades_5s=0 trades_30s=0 signed_30s=None ltp_ask_gap_3=-0.113 stale=263.573s raw_n=100 fetch_ok=True
2026-05-16 20:46:17,762 DEBUG signal_engine Family B capture skip_2026-05-16_823139_8.5_110112: ask_touch=255.0 bid_touch=4490.96 imb1=0.9463 imb5=0.4907 depth_below=0 depth_at=0 book_ok=True
2026-05-16 20:46:17,763 DEBUG signal_engine Family C capture skip_2026-05-16_823139_8.5_110112: ask_v5=-0.006209 ask_v30=0.0049 mid_drift=0.14 spread_ratio=0.5 ask_vol=0.105024 buffer_n=120 window_30s_n=5
2026-05-16 20:46:49,732 DEBUG signal_engine Skip SD@SEA line=8.5: extreme edge in any inning (edge=0.224 > threshold=0.220  inn=5) - phantom-run risk
2026-05-16 20:46:49,785 DEBUG signal_engine Tape capture skip_2026-05-16_823139_8.5_110283: trades_5s=0 trades_30s=0 signed_30s=None ltp_ask_gap_3=-0.113 stale=295.731s raw_n=100 fetch_ok=True
2026-05-16 20:46:49,897 DEBUG signal_engine Family B capture skip_2026-05-16_823139_8.5_110283: ask_touch=22083.61 bid_touch=8.0 imb1=0.0004 imb5=0.2433 depth_below=0 depth_at=0 book_ok=True
2026-05-16 20:46:49,899 DEBUG signal_engine Family C capture skip_2026-05-16_823139_8.5_110283: ask_v5=0.0 ask_v30=0.0 mid_drift=0.02 spread_ratio=0.5263 ask_vol=0.017889 buffer_n=120 window_30s_n=5
2026-05-16 20:47:02,795 INFO live_engine Calibrated-stake [SHADOW] SD@SEA line=8.5 calibrated_edge=-0.0997 multiplier=0.500 base=$10.00 -> stake=$10.00 (shadow only -- stake unchanged)
2026-05-16 20:47:02,796 INFO live_engine EV policy [SHADOW] SD@SEA line=8.5 allow=False p_win=0.709 p_fill=0.621 ev_if_filled=-0.43 ev_per_stake=-0.0264
2026-05-16 20:47:02,796 INFO live_engine Correlated-line spacing cap hit for SD@SEA (line=8.5 within 1.5 of existing line=7.5) -- skipping
2026-05-16 20:47:09,306 INFO live_engine Calibrated-stake [SHADOW] SD@SEA line=8.5 calibrated_edge=-0.0997 multiplier=0.500 base=$10.00 -> stake=$10.00 (shadow only -- stake unchanged)
2026-05-16 20:47:09,306 INFO live_engine EV policy [SHADOW] SD@SEA line=8.5 allow=False p_win=0.700 p_fill=0.610 ev_if_filled=-0.54 ev_per_stake=-0.0330
2026-05-16 20:47:09,307 INFO live_engine Correlated-line spacing cap hit for SD@SEA (line=8.5 within 1.5 of existing line=7.5) -- skipping
2026-05-16 20:47:15,792 INFO live_engine Calibrated-stake [SHADOW] SD@SEA line=8.5 calibrated_edge=-0.0897 multiplier=0.500 base=$10.00 -> stake=$10.00 (shadow only -- stake unchanged)
2026-05-16 20:47:15,792 INFO live_engine EV policy [SHADOW] SD@SEA line=8.5 allow=False p_win=0.692 p_fill=0.615 ev_if_filled=-0.52 ev_per_stake=-0.0321
2026-05-16 20:47:15,792 INFO live_engine Correlated-line spacing cap hit for SD@SEA (line=8.5 within 1.5 of existing line=7.5) -- skipping
2026-05-16 20:47:15,794 DEBUG signal_engine Skip CHC@CWS line=11.5: inning 6 setup-reliever dead zone (rn=3.5 >= threshold 2.5) -- 5yr backtest: 63% WR on 1569 bets
2026-05-16 20:47:16,002 DEBUG signal_engine Tape capture skip_2026-05-16_824600_11.5_110411: trades_5s=0 trades_30s=100 signed_30s=5910.6986 ltp_ask_gap_3=-0.09 stale=20.795s raw_n=100 fetch_ok=True
2026-05-16 20:47:16,116 DEBUG signal_engine Family B capture skip_2026-05-16_824600_11.5_110411: ask_touch=1049.19 bid_touch=281.97 imb1=0.2118 imb5=0.2955 depth_below=0 depth_at=0 book_ok=True
2026-05-16 20:47:16,117 DEBUG signal_engine Family C capture skip_2026-05-16_824600_11.5_110411: ask_v5=-0.003086 ask_v30=0.003077 mid_drift=0.09 spread_ratio=0.5556 ask_vol=0.061887 buffer_n=120 window_30s_n=5
2026-05-16 20:47:22,550 DEBUG signal_engine Skip CHC@CWS line=10.5: inning 6 setup-reliever dead zone (rn=2.5 >= threshold 2.5) -- 5yr backtest: 63% WR on 1569 bets
2026-05-16 20:47:22,756 DEBUG signal_engine Tape capture skip_2026-05-16_824600_10.5_110436: trades_5s=0 trades_30s=49 signed_30s=10.6579 ltp_ask_gap_3=-0.24 stale=27.55s raw_n=100 fetch_ok=True
2026-05-16 20:47:22,866 DEBUG signal_engine Family B capture skip_2026-05-16_824600_10.5_110436: ask_touch=1026.04 bid_touch=6.0 imb1=0.0058 imb5=0.4171 depth_below=0 depth_at=0 book_ok=True
2026-05-16 20:47:22,868 DEBUG signal_engine Family C capture skip_2026-05-16_824600_10.5_110436: ask_v5=0.0 ask_v30=0.003982 mid_drift=0.15 spread_ratio=0.2 ask_vol=0.105119 buffer_n=120 window_30s_n=5
2026-05-16 20:47:22,869 DEBUG signal_engine Skip NYY@NYM line=6.5: inning 5 bullpen-transition dead zone (rn=2.5 >= threshold 2.5) -- same rn at inn4 is 6W/0L
2026-05-16 20:47:22,955 DEBUG signal_engine Tape capture skip_2026-05-16_823627_6.5_110439: trades_5s=0 trades_30s=0 signed_30s=None ltp_ask_gap_3=-0.103 stale=328.87s raw_n=100 fetch_ok=True
2026-05-16 20:47:23,061 DEBUG signal_engine Family B capture skip_2026-05-16_823627_6.5_110439: ask_touch=21.0 bid_touch=15.0 imb1=0.4167 imb5=0.2093 depth_below=0 depth_at=0 book_ok=True
2026-05-16 20:47:23,063 DEBUG signal_engine Family C capture skip_2026-05-16_823627_6.5_110439: ask_v5=0.0 ask_v30=-0.000603 mid_drift=-0.03 spread_ratio=1.4516 ask_vol=0.008944 buffer_n=120 window_30s_n=5
2026-05-16 20:47:23,165 DEBUG signal_engine Tape capture skip_2026-05-16_823627_5.5_110464: trades_5s=0 trades_30s=0 signed_30s=None ltp_ask_gap_3=-0.213 stale=329.075s raw_n=100 fetch_ok=True
2026-05-16 20:47:23,281 DEBUG signal_engine Family B capture skip_2026-05-16_823627_5.5_110464: ask_touch=255.0 bid_touch=12.0 imb1=0.0449 imb5=0.641 depth_below=0 depth_at=0 book_ok=True
2026-05-16 20:47:23,283 DEBUG signal_engine Family C capture skip_2026-05-16_823627_5.5_110464: ask_v5=0.0 ask_v30=0.0 mid_drift=-0.01 spread_ratio=1.2857 ask_vol=0.010954 buffer_n=120 window_30s_n=5
2026-05-16 20:48:01,654 DEBUG signal_engine Skip CIN@CLE line=10.5: Gate 8f saturation (base_fv=1.000 >= threshold=0.990) ask=0.640 | market CONTRADICTS (ask<0.70, phantom pattern)
2026-05-16 20:48:01,841 DEBUG signal_engine Tape capture skip_2026-05-16_824435_10.5_110645: trades_5s=0 trades_30s=0 signed_30s=None ltp_ask_gap_3=-0.1 stale=66.653s raw_n=100 fetch_ok=True
2026-05-16 20:48:01,953 DEBUG signal_engine Family B capture skip_2026-05-16_824435_10.5_110645: ask_touch=54.0 bid_touch=1156.79 imb1=0.9554 imb5=0.2135 depth_below=0 depth_at=0 book_ok=True
2026-05-16 20:48:01,954 DEBUG signal_engine Family C capture skip_2026-05-16_824435_10.5_110645: ask_v5=0.0 ask_v30=-0.009377 mid_drift=-0.015 spread_ratio=0.1364 ask_vol=0.13813 buffer_n=120 window_30s_n=5
2026-05-16 20:48:21,277 INFO live_engine Calibrated-stake [SHADOW] SD@SEA line=8.5 calibrated_edge=-0.0897 multiplier=0.500 base=$10.00 -> stake=$10.00 (shadow only -- stake unchanged)
2026-05-16 20:48:21,278 INFO live_engine EV policy [SHADOW] SD@SEA line=8.5 allow=False p_win=0.687 p_fill=0.608 ev_if_filled=-0.59 ev_per_stake=-0.0357
2026-05-16 20:48:21,278 INFO live_engine Correlated-line spacing cap hit for SD@SEA (line=8.5 within 1.5 of existing line=7.5) -- skipping
2026-05-16 20:48:27,825 INFO live_engine Calibrated-stake [SHADOW] SD@SEA line=8.5 calibrated_edge=-0.0900 multiplier=0.500 base=$10.00 -> stake=$10.00 (shadow only -- stake unchanged)
2026-05-16 20:48:27,825 INFO live_engine EV policy [SHADOW] SD@SEA line=8.5 allow=False p_win=0.691 p_fill=0.612 ev_if_filled=-0.79 ev_per_stake=-0.0482
2026-05-16 20:48:27,825 INFO live_engine Correlated-line spacing cap hit for SD@SEA (line=8.5 within 1.5 of existing line=7.5) -- skipping
2026-05-16 20:48:34,324 INFO live_engine Calibrated-stake [SHADOW] SD@SEA line=8.5 calibrated_edge=-0.0800 multiplier=0.500 base=$10.00 -> stake=$10.00 (shadow only -- stake unchanged)
2026-05-16 20:48:34,324 INFO live_engine EV policy [SHADOW] SD@SEA line=8.5 allow=False p_win=0.690 p_fill=0.621 ev_if_filled=-0.81 ev_per_stake=-0.0500
2026-05-16 20:48:34,324 INFO live_engine Correlated-line spacing cap hit for SD@SEA (line=8.5 within 1.5 of existing line=7.5) -- skipping
2026-05-16 20:48:40,712 DEBUG signal_engine Skip SD@SEA line=8.5: extreme edge in any inning (edge=0.231 > threshold=0.220  inn=5) - phantom-run risk
2026-05-16 20:48:40,811 DEBUG signal_engine Tape capture skip_2026-05-16_823139_8.5_110879: trades_5s=0 trades_30s=0 signed_30s=None ltp_ask_gap_3=-0.103 stale=406.71s raw_n=100 fetch_ok=True
2026-05-16 20:48:40,926 DEBUG signal_engine Family B capture skip_2026-05-16_823139_8.5_110879: ask_touch=5962.17 bid_touch=8.0 imb1=0.0013 imb5=0.4988 depth_below=0 depth_at=0 book_ok=True
2026-05-16 20:48:40,928 DEBUG signal_engine Family C capture skip_2026-05-16_823139_8.5_110879: ask_v5=-0.003082 ask_v30=0.000618 mid_drift=0.015 spread_ratio=0.3571 ask_vol=0.021679 buffer_n=120 window_30s_n=5
2026-05-16 20:49:25,627 DEBUG signal_engine Skip SD@SEA line=9.5: inning 5 bullpen-transition dead zone (rn=2.5 >= threshold 2.5) -- same rn at inn4 is 6W/0L
2026-05-16 20:49:25,807 DEBUG signal_engine Tape capture skip_2026-05-16_823139_9.5_111109: trades_5s=0 trades_30s=0 signed_30s=None ltp_ask_gap_3=-0.08 stale=150.627s raw_n=100 fetch_ok=True
2026-05-16 20:49:25,924 DEBUG signal_engine Family B capture skip_2026-05-16_823139_9.5_111109: ask_touch=12504.85 bid_touch=8.0 imb1=0.0006 imb5=0.5182 depth_below=18804.85 depth_at=0 book_ok=True
2026-05-16 20:49:25,925 DEBUG signal_engine Family C capture skip_2026-05-16_823139_9.5_111109: ask_v5=0.007844 ask_v30=0.001566 mid_drift=0.01 spread_ratio=2.7778 ask_vol=0.022361 buffer_n=120 window_30s_n=5
2026-05-16 20:49:38,857 INFO live_engine Calibrated-stake [SHADOW] SD@SEA line=8.5 calibrated_edge=-0.0900 multiplier=0.500 base=$10.00 -> stake=$10.00 (shadow only -- stake unchanged)
2026-05-16 20:49:38,857 INFO live_engine EV policy [SHADOW] SD@SEA line=8.5 allow=False p_win=0.677 p_fill=0.570 ev_if_filled=-0.73 ev_per_stake=-0.0416
2026-05-16 20:49:38,857 INFO live_engine Correlated-line spacing cap hit for SD@SEA (line=8.5 within 1.5 of existing line=7.5) -- skipping
2026-05-16 20:49:45,363 INFO live_engine Calibrated-stake [SHADOW] SD@SEA line=8.5 calibrated_edge=-0.0900 multiplier=0.500 base=$10.00 -> stake=$10.00 (shadow only -- stake unchanged)
2026-05-16 20:49:45,364 INFO live_engine EV policy [SHADOW] SD@SEA line=8.5 allow=False p_win=0.680 p_fill=0.570 ev_if_filled=-0.81 ev_per_stake=-0.0460
2026-05-16 20:49:45,364 INFO live_engine Correlated-line spacing cap hit for SD@SEA (line=8.5 within 1.5 of existing line=7.5) -- skipping
2026-05-16 20:49:58,245 INFO live_engine Calibrated-stake [SHADOW] SD@SEA line=8.5 calibrated_edge=-0.0800 multiplier=0.500 base=$10.00 -> stake=$10.00 (shadow only -- stake unchanged)
2026-05-16 20:49:58,245 INFO live_engine EV policy [SHADOW] SD@SEA line=8.5 allow=False p_win=0.679 p_fill=0.587 ev_if_filled=-0.70 ev_per_stake=-0.0409
2026-05-16 20:49:58,245 INFO live_engine Correlated-line spacing cap hit for SD@SEA (line=8.5 within 1.5 of existing line=7.5) -- skipping
2026-05-16 20:50:23,905 INFO live_engine Calibrated-stake [SHADOW] SD@SEA line=8.5 calibrated_edge=-0.0800 multiplier=0.500 base=$10.00 -> stake=$10.00 (shadow only -- stake unchanged)
2026-05-16 20:50:23,906 INFO live_engine EV policy [SHADOW] SD@SEA line=8.5 allow=False p_win=0.669 p_fill=0.577 ev_if_filled=-0.71 ev_per_stake=-0.0409
2026-05-16 20:50:23,906 INFO live_engine Correlated-line spacing cap hit for SD@SEA (line=8.5 within 1.5 of existing line=7.5) -- skipping
2026-05-16 20:50:36,732 DEBUG signal_engine Gate 8e conditional relax APPLIED CHC@CWS line=9.5 (mode=enforce arm=enforce trail=1 lead=6 inn=6 ask=0.840 rn=1.50)
2026-05-16 20:50:36,924 DEBUG signal_engine Tape capture skip_2026-05-16_824600_9.5_111466: trades_5s=0 trades_30s=0 signed_30s=None ltp_ask_gap_3=-0.3 stale=221.733s raw_n=100 fetch_ok=True
2026-05-16 20:50:37,034 DEBUG signal_engine Family B capture skip_2026-05-16_824600_9.5_111466: ask_touch=25.0 bid_touch=18.0 imb1=0.4186 imb5=0.2792 depth_below=0 depth_at=0 book_ok=True
2026-05-16 20:50:37,036 DEBUG signal_engine Family C capture skip_2026-05-16_824600_9.5_111466: ask_v5=0.004666 ask_v30=0.000624 mid_drift=-0.03 spread_ratio=1.5094 ask_vol=0.016733 buffer_n=120 window_30s_n=5
2026-05-16 20:50:37,039 DEBUG signal_engine Gate 8e conditional relax APPLIED CHC@CWS line=8.5 (mode=enforce arm=enforce trail=1 lead=6 inn=6 ask=0.970 rn=0.50)
2026-05-16 20:50:37,040 DEBUG signal_engine Skip CHC@CWS line=8.5: Gate 8f saturation (base_fv=1.000 >= threshold=0.990) ask=0.970 | market CONFIRMS (ask>=0.85, likely real run)
2026-05-16 20:50:37,222 DEBUG signal_engine Tape capture skip_2026-05-16_824600_8.5_111468: trades_5s=0 trades_30s=0 signed_30s=None ltp_ask_gap_3=-0.43 stale=222.04s raw_n=100 fetch_ok=True
2026-05-16 20:50:37,329 DEBUG signal_engine Family B capture skip_2026-05-16_824600_8.5_111468: ask_touch=77.64 bid_touch=43.0 imb1=0.3564 imb5=0.0678 depth_below=0 depth_at=0 book_ok=True
2026-05-16 20:50:37,330 DEBUG signal_engine Family C capture skip_2026-05-16_824600_8.5_111468: ask_v5=0.005929 ask_v30=0.000309 mid_drift=0.005 spread_ratio=1.2069 ask_vol=0.016432 buffer_n=120 window_30s_n=5
2026-05-16 20:50:37,346 DEBUG signal_engine Skip CHC@CWS line=10.5: inning 6 setup-reliever dead zone (rn=2.5 >= threshold 2.5) -- 5yr backtest: 63% WR on 1569 bets
2026-05-16 20:50:37,417 DEBUG signal_engine Tape capture skip_2026-05-16_824600_10.5_111494: trades_5s=0 trades_30s=0 signed_30s=None ltp_ask_gap_3=-0.16 stale=222.346s raw_n=100 fetch_ok=True
2026-05-16 20:50:37,525 DEBUG signal_engine Family B capture skip_2026-05-16_824600_10.5_111494: ask_touch=20.0 bid_touch=12.0 imb1=0.375 imb5=0.8826 depth_below=0 depth_at=0 book_ok=True
2026-05-16 20:50:37,527 DEBUG signal_engine Family C capture skip_2026-05-16_824600_10.5_111494: ask_v5=0.004254 ask_v30=0.0 mid_drift=-0.04 spread_ratio=0.6838 ask_vol=0.098133 buffer_n=120 window_30s_n=5
2026-05-16 20:50:56,671 DEBUG signal_engine runtime debug rollup: events=741 unique_keys=58 by_kind={'inference_fallback': 425, 'stage2_adj': 99, 'stage3_adj': 217}
2026-05-16 20:50:56,671 DEBUG signal_engine runtime debug rollup detail kind=inference_fallback count=38 game=SD@SEA line=6.5 inning=4 state=B4|outs=2|score=5-1|runners=5 source_key=po65 example=inference fallback SD@SEA line=6.5: cell=5_2_4_B_2_0 level=1 label=bases_empty (line_mode=exact src=po65)
2026-05-16 20:50:56,671 DEBUG signal_engine runtime debug rollup detail kind=inference_fallback count=29 game=CIN@CLE line=8.5 inning=7 state=B7|outs=2|score=4-4|runners=1 source_key=po85 example=inference fallback CIN@CLE line=8.5: cell=4_5_7_B_2_0 level=1 label=bases_empty (line_mode=exact src=po85)
2026-05-16 20:50:56,671 DEBUG signal_engine runtime debug rollup detail kind=inference_fallback count=29 game=SD@SEA line=5.5 inning=4 state=B4|outs=0|score=5-0|runners=3 source_key=po65 example=inference fallback SD@SEA line=5.5: cell=5_1_4_B_0_0 level=1 label=bases_empty (line_mode=extrapolate_low src=po65)
2026-05-16 20:50:56,671 DEBUG signal_engine runtime debug rollup detail kind=inference_fallback count=29 game=SD@SEA line=6.5 inning=4 state=B4|outs=0|score=5-0|runners=3 source_key=po65 example=inference fallback SD@SEA line=6.5: cell=5_1_4_B_0_0 level=1 label=bases_empty (line_mode=exact src=po65)
2026-05-16 20:50:56,671 DEBUG signal_engine runtime debug rollup detail kind=inference_fallback count=29 game=CHC@CWS line=8.5 inning=5 state=B5|outs=1|score=0-7|runners=0 source_key=po85 example=inference fallback CHC@CWS line=8.5: cell=0_8_5_T_0_0 level=3 label=same_inning_any_half_outs (line_mode=exact src=po85)
2026-05-16 20:50:56,671 DEBUG signal_engine runtime debug rollup detail kind=stage3_adj count=25 game=TEX@HOU line=5.5 inning=5 state=T5|outs=1|score=0-4|runners=1 source_key=TEX-HOU|2026-05-16 example=Stage-3 adj TEX@HOU line=5.5 inn=5: s1+s2_fv=0.987 -> adj_fv=0.986  (delta=-0.065  away_rpg=4.00  home_rpg=4.20  expected=8.20 vs avg=8.89)
2026-05-16 20:50:56,671 DEBUG signal_engine runtime debug rollup detail kind=inference_fallback count=25 game=NYY@NYM line=5.5 inning=4 state=B4|outs=2|score=1-3|runners=2 source_key=po65 example=inference fallback NYY@NYM line=5.5: cell=1_4_4_B_2_0 level=1 label=bases_empty (line_mode=extrapolate_low src=po65)
2026-05-16 20:50:56,672 DEBUG signal_engine runtime debug rollup detail kind=stage3_adj count=25 game=NYY@NYM line=5.5 inning=4 state=B4|outs=2|score=1-3|runners=2 source_key=NYY-NYM|2026-05-16 example=Stage-3 adj NYY@NYM line=5.5 inn=4: s1+s2_fv=0.988 -> adj_fv=0.987  (delta=-0.057  away_rpg=4.85  home_rpg=4.37  expected=9.23 vs avg=8.89)
2026-05-16 20:50:56,672 DEBUG signal_engine runtime debug rollup detail kind=inference_fallback count=25 game=NYY@NYM line=6.5 inning=4 state=B4|outs=2|score=1-3|runners=2 source_key=po65 example=inference fallback NYY@NYM line=6.5: cell=1_4_4_B_2_0 level=1 label=bases_empty (line_mode=exact src=po65)
2026-05-16 20:50:56,672 DEBUG signal_engine runtime debug rollup detail kind=stage2_adj count=25 game=NYY@NYM line=6.5 inning=4 state=B4|outs=2|score=1-3|runners=2 source_key=Citi Field example=Stage-2 adj NYY@NYM line=6.5 inn=4: fv=0.961 -> 0.957  (delta=-0.091  weather_source='weather_v2:open-meteo:ok:usable'  park='Citi Field'  temp_bin='65-79F'  wind_bin='out_10plus')
2026-05-16 20:50:56,672 DEBUG signal_engine runtime debug rollup detail kind=stage3_adj count=25 game=NYY@NYM line=6.5 inning=4 state=B4|outs=2|score=1-3|runners=2 source_key=NYY-NYM|2026-05-16 example=Stage-3 adj NYY@NYM line=6.5 inn=4: s1+s2_fv=0.957 -> adj_fv=0.955  (delta=-0.057  away_rpg=4.85  home_rpg=4.37  expected=9.23 vs avg=8.89)
2026-05-16 20:50:56,672 DEBUG signal_engine runtime debug rollup detail kind=stage3_adj count=20 game=NYY@NYM line=5.5 inning=5 state=T5|outs=1|score=1-3|runners=1 source_key=NYY-NYM|2026-05-16 example=Stage-3 adj NYY@NYM line=5.5 inn=5: s1+s2_fv=0.987 -> adj_fv=0.986  (delta=-0.046  away_rpg=4.85  home_rpg=4.37  expected=9.23 vs avg=8.89)
2026-05-16 20:50:56,672 DEBUG signal_engine runtime debug rollup detail kind=inference_fallback count=20 game=CHC@CWS line=9.5 inning=6 state=T6|outs=1|score=1-7|runners=6 source_key=po95 example=inference fallback CHC@CWS line=9.5: cell=2_7_6_T_1_0 level=1 label=bases_empty (line_mode=exact src=po95)
2026-05-16 20:50:56,672 DEBUG signal_engine runtime debug rollup detail kind=inference_fallback count=20 game=CHC@CWS line=8.5 inning=6 state=T6|outs=1|score=1-7|runners=6 source_key=po85 example=inference fallback CHC@CWS line=8.5: cell=2_7_6_T_1_0 level=1 label=bases_empty (line_mode=exact src=po85)
2026-05-16 20:50:56,672 DEBUG signal_engine runtime debug rollup detail kind=inference_fallback count=15 game=SD@SEA line=6.5 inning=4 state=B4|outs=0|score=5-0|runners=1 source_key=po65 example=inference fallback SD@SEA line=6.5: cell=5_1_4_B_0_0 level=1 label=bases_empty (line_mode=exact src=po65)
2026-05-16 20:50:56,672 DEBUG signal_engine runtime debug rollup detail kind=inference_fallback count=15 game=TEX@HOU line=5.5 inning=5 state=T5|outs=1|score=0-4|runners=3 source_key=po65 example=inference fallback TEX@HOU line=5.5: cell=1_4_5_T_1_0 level=1 label=bases_empty (line_mode=extrapolate_low src=po65)
2026-05-16 20:50:56,672 DEBUG signal_engine runtime debug rollup detail kind=stage3_adj count=15 game=TEX@HOU line=5.5 inning=5 state=T5|outs=1|score=0-4|runners=3 source_key=TEX-HOU|2026-05-16 example=Stage-3 adj TEX@HOU line=5.5 inn=5: s1+s2_fv=0.983 -> adj_fv=0.982  (delta=-0.065  away_rpg=4.00  home_rpg=4.20  expected=8.20 vs avg=8.89)
2026-05-16 20:50:56,672 DEBUG signal_engine runtime debug rollup detail kind=inference_fallback count=15 game=CHC@CWS line=8.5 inning=5 state=B5|outs=2|score=0-7|runners=0 source_key=po85 example=inference fallback CHC@CWS line=8.5: cell=0_8_5_T_0_0 level=3 label=same_inning_any_half_outs (line_mode=exact src=po85)
2026-05-16 20:50:56,672 DEBUG signal_engine runtime debug rollup detail kind=stage3_adj count=15 game=NYY@NYM line=5.5 inning=5 state=T5|outs=0|score=1-3|runners=0 source_key=NYY-NYM|2026-05-16 example=Stage-3 adj NYY@NYM line=5.5 inn=5: s1+s2_fv=0.986 -> adj_fv=0.986  (delta=-0.046  away_rpg=4.85  home_rpg=4.37  expected=9.23 vs avg=8.89)
2026-05-16 20:50:56,672 DEBUG signal_engine runtime debug rollup detail kind=stage2_adj count=15 game=SD@SEA line=8.5 inning=5 state=B5|outs=1|score=5-2|runners=0 source_key=T-Mobile Park example=Stage-2 adj SD@SEA line=8.5 inn=5: fv=0.985 -> 0.985  (delta=+0.047  weather_source='weather_v2:open-meteo:ok:not_usable'  park='T-Mobile Park'  temp_bin='unknown'  wind_bin='unknown')
2026-05-16 20:50:56,672 DEBUG signal_engine runtime debug rollup detail kind=stage3_adj count=15 game=SD@SEA line=8.5 inning=5 state=B5|outs=1|score=5-2|runners=0 source_key=SD-SEA|2026-05-16 example=Stage-3 adj SD@SEA line=8.5 inn=5: s1+s2_fv=0.985 -> adj_fv=0.984  (delta=-0.108  away_rpg=3.51  home_rpg=4.17  expected=7.68 vs avg=8.89)
2026-05-16 20:50:56,672 DEBUG signal_engine runtime debug rollup detail kind=inference_fallback count=14 game=CHC@CWS line=7.5 inning=4 state=B4|outs=1|score=0-5|runners=2 source_key=po75 example=inference fallback CHC@CWS line=7.5: cell=0_6_4_B_1_0 level=1 label=bases_empty (line_mode=exact src=po75)
2026-05-16 20:50:56,672 DEBUG signal_engine runtime debug rollup detail kind=stage2_adj count=14 game=CHC@CWS line=7.5 inning=4 state=B4|outs=1|score=0-5|runners=2 source_key=Rate Field example=Stage-2 adj CHC@CWS line=7.5 inn=4: fv=0.965 -> 0.969  (delta=+0.132  weather_source='weather_v2:open-meteo:ok:usable'  park='Rate Field'  temp_bin='65-79F'  wind_bin='in_6to9')
2026-05-16 20:50:56,672 DEBUG signal_engine runtime debug rollup detail kind=stage3_adj count=14 game=CHC@CWS line=7.5 inning=4 state=B4|outs=1|score=0-5|runners=2 source_key=CHC-CWS|2026-05-16 example=Stage-3 adj CHC@CWS line=7.5 inn=4: s1+s2_fv=0.969 -> adj_fv=0.969  (delta=+0.014  away_rpg=4.51  home_rpg=4.48  expected=8.99 vs avg=8.89)
2026-05-16 20:50:56,672 DEBUG signal_engine runtime debug rollup detail kind=stage3_adj count=14 game=TEX@HOU line=5.5 inning=5 state=T5|outs=0|score=0-4|runners=0 source_key=TEX-HOU|2026-05-16 example=Stage-3 adj TEX@HOU line=5.5 inn=5: s1+s2_fv=0.986 -> adj_fv=0.986  (delta=-0.065  away_rpg=4.00  home_rpg=4.20  expected=8.20 vs avg=8.89)
2026-05-16 20:50:56,672 DEBUG signal_engine runtime debug rollup detail kind=inference_fallback count=14 game=SD@SEA line=8.5 inning=5 state=B5|outs=2|score=5-2|runners=1 source_key=po85 example=inference fallback SD@SEA line=8.5: cell=5_3_5_B_2_0 level=1 label=bases_empty (line_mode=exact src=po85)
2026-05-16 20:50:56,672 DEBUG signal_engine runtime debug rollup detail kind=stage2_adj count=14 game=SD@SEA line=8.5 inning=5 state=B5|outs=2|score=5-2|runners=1 source_key=T-Mobile Park example=Stage-2 adj SD@SEA line=8.5 inn=5: fv=0.982 -> 0.983  (delta=+0.047  weather_source='weather_v2:open-meteo:ok:not_usable'  park='T-Mobile Park'  temp_bin='unknown'  wind_bin='unknown')
2026-05-16 20:50:56,672 DEBUG signal_engine runtime debug rollup detail kind=stage3_adj count=14 game=SD@SEA line=8.5 inning=5 state=B5|outs=2|score=5-2|runners=1 source_key=SD-SEA|2026-05-16 example=Stage-3 adj SD@SEA line=8.5 inn=5: s1+s2_fv=0.983 -> adj_fv=0.981  (delta=-0.108  away_rpg=3.51  home_rpg=4.17  expected=7.68 vs avg=8.89)
2026-05-16 20:50:56,672 DEBUG signal_engine runtime debug rollup detail kind=inference_fallback count=13 game=SD@SEA line=5.5 inning=4 state=B4|outs=0|score=5-0|runners=1 source_key=po65 example=inference fallback SD@SEA line=5.5: cell=5_1_4_B_0_0 level=1 label=bases_empty (line_mode=extrapolate_low src=po65)
2026-05-16 20:50:56,672 DEBUG signal_engine runtime debug rollup detail kind=inference_fallback count=10 game=SD@SEA line=6.5 inning=4 state=B4|outs=1|score=5-0|runners=5 source_key=po65 example=inference fallback SD@SEA line=6.5: cell=5_1_4_B_1_0 level=1 label=bases_empty (line_mode=exact src=po65)
2026-05-16 20:50:56,672 DEBUG signal_engine runtime debug rollup detail kind=inference_fallback count=10 game=SD@SEA line=6.5 inning=4 state=B4|outs=1|score=5-1|runners=3 source_key=po65 example=inference fallback SD@SEA line=6.5: cell=5_2_4_B_1_0 level=1 label=bases_empty (line_mode=exact src=po65)
2026-05-16 20:50:56,672 DEBUG signal_engine runtime debug rollup detail kind=inference_fallback count=10 game=CHC@CWS line=8.5 inning=5 state=B5|outs=0|score=0-7|runners=0 source_key=po85 example=inference fallback CHC@CWS line=8.5: cell=0_8_5_T_0_0 level=3 label=same_inning_any_half_outs (line_mode=exact src=po85)
2026-05-16 20:50:56,672 DEBUG signal_engine runtime debug rollup detail kind=inference_fallback count=10 game=CHC@CWS line=8.5 inning=6 state=T6|outs=1|score=1-7|runners=1 source_key=po85 example=inference fallback CHC@CWS line=8.5: cell=2_7_6_T_1_0 level=1 label=bases_empty (line_mode=exact src=po85)
2026-05-16 20:50:56,672 DEBUG signal_engine runtime debug rollup detail kind=inference_fallback count=10 game=CHC@CWS line=9.5 inning=6 state=T6|outs=1|score=1-7|runners=1 source_key=po95 example=inference fallback CHC@CWS line=9.5: cell=2_7_6_T_1_0 level=1 label=bases_empty (line_mode=exact src=po95)
2026-05-16 20:50:56,672 DEBUG signal_engine runtime debug rollup detail kind=stage3_adj count=10 game=NYY@NYM line=5.5 inning=5 state=T5|outs=1|score=1-3|runners=0 source_key=NYY-NYM|2026-05-16 example=Stage-3 adj NYY@NYM line=5.5 inn=5: s1+s2_fv=0.983 -> adj_fv=0.982  (delta=-0.046  away_rpg=4.85  home_rpg=4.37  expected=9.23 vs avg=8.89)
2026-05-16 20:50:56,672 DEBUG signal_engine runtime debug rollup detail kind=stage2_adj count=10 game=SD@SEA line=8.5 inning=5 state=B5|outs=2|score=5-2|runners=0 source_key=T-Mobile Park example=Stage-2 adj SD@SEA line=8.5 inn=5: fv=0.982 -> 0.983  (delta=+0.047  weather_source='weather_v2:open-meteo:ok:not_usable'  park='T-Mobile Park'  temp_bin='unknown'  wind_bin='unknown')
2026-05-16 20:50:56,672 DEBUG signal_engine runtime debug rollup detail kind=stage3_adj count=10 game=SD@SEA line=8.5 inning=5 state=B5|outs=2|score=5-2|runners=0 source_key=SD-SEA|2026-05-16 example=Stage-3 adj SD@SEA line=8.5 inn=5: s1+s2_fv=0.983 -> adj_fv=0.981  (delta=-0.108  away_rpg=3.51  home_rpg=4.17  expected=7.68 vs avg=8.89)
2026-05-16 20:50:56,672 DEBUG signal_engine runtime debug rollup detail kind=inference_fallback count=7 game=CIN@CLE line=9.5 inning=7 state=B7|outs=2|score=4-4|runners=1 source_key=po95 example=inference fallback CIN@CLE line=9.5: cell=4_5_7_B_2_0 level=1 label=bases_empty (line_mode=exact src=po95)
2026-05-16 20:50:56,672 DEBUG signal_engine runtime debug rollup detail kind=stage2_adj count=7 game=CIN@CLE line=9.5 inning=7 state=B7|outs=2|score=4-4|runners=1 source_key=Progressive Field example=Stage-2 adj CIN@CLE line=9.5 inn=7: fv=0.865 -> 0.839  (delta=-0.201  weather_source='weather_v2:open-meteo:ok:usable'  park='Progressive Field'  temp_bin='65-79F'  wind_bin='out_6to9')
2026-05-16 20:50:56,672 DEBUG signal_engine runtime debug rollup detail kind=inference_fallback count=6 game=CIN@CLE line=10.5 inning=7 state=B7|outs=2|score=4-6|runners=1 source_key=po105 example=inference fallback CIN@CLE line=10.5: cell=4_7_7_B_2_0 level=1 label=bases_empty (line_mode=exact src=po105)
2026-05-16 20:50:56,672 DEBUG signal_engine runtime debug rollup detail kind=stage2_adj count=5 game=CHC@CWS line=8.5 inning=6 state=T6|outs=0|score=0-7|runners=0 source_key=Rate Field example=Stage-2 adj CHC@CWS line=8.5 inn=6: fv=0.980 -> 0.983  (delta=+0.189  weather_source='weather_v2:open-meteo:ok:usable'  park='Rate Field'  temp_bin='65-79F'  wind_bin='in_6to9')
2026-05-16 20:50:56,672 DEBUG signal_engine runtime debug rollup detail kind=inference_fallback count=4 game=CIN@CLE line=8.5 inning=7 state=B7|outs=1|score=4-4|runners=1 source_key=po85 example=inference fallback CIN@CLE line=8.5: cell=4_5_7_B_1_0 level=1 label=bases_empty (line_mode=exact src=po85)
2026-05-16 20:50:56,672 DEBUG signal_engine runtime debug rollup detail kind=inference_fallback count=4 game=CHC@CWS line=7.5 inning=4 state=B4|outs=2|score=0-5|runners=4 source_key=po75 example=inference fallback CHC@CWS line=7.5: cell=0_6_4_B_2_0 level=1 label=bases_empty (line_mode=exact src=po75)
2026-05-16 20:50:56,672 DEBUG signal_engine runtime debug rollup detail kind=stage2_adj count=4 game=CHC@CWS line=7.5 inning=4 state=B4|outs=2|score=0-5|runners=4 source_key=Rate Field example=Stage-2 adj CHC@CWS line=7.5 inn=4: fv=0.961 -> 0.965  (delta=+0.132  weather_source='weather_v2:open-meteo:ok:usable'  park='Rate Field'  temp_bin='65-79F'  wind_bin='in_6to9')
2026-05-16 20:50:56,672 DEBUG signal_engine runtime debug rollup detail kind=stage3_adj count=4 game=CHC@CWS line=7.5 inning=4 state=B4|outs=2|score=0-5|runners=4 source_key=CHC-CWS|2026-05-16 example=Stage-3 adj CHC@CWS line=7.5 inn=4: s1+s2_fv=0.965 -> adj_fv=0.966  (delta=+0.014  away_rpg=4.51  home_rpg=4.48  expected=8.99 vs avg=8.89)
2026-05-16 20:50:56,672 DEBUG signal_engine runtime debug rollup detail kind=inference_fallback count=4 game=CIN@CLE line=10.5 inning=7 state=B7|outs=2|score=4-4|runners=1 source_key=po105 example=inference fallback CIN@CLE line=10.5: cell=4_5_7_B_2_0 level=1 label=bases_empty (line_mode=exact src=po105)
2026-05-16 20:50:56,672 DEBUG signal_engine runtime debug rollup detail kind=stage2_adj count=4 game=CIN@CLE line=10.5 inning=7 state=B7|outs=2|score=4-4|runners=1 source_key=Progressive Field example=Stage-2 adj CIN@CLE line=10.5 inn=7: fv=0.594 -> 0.542  (delta=-0.212  weather_source='weather_v2:open-meteo:ok:usable'  park='Progressive Field'  temp_bin='65-79F'  wind_bin='out_6to9')
2026-05-16 20:50:56,672 DEBUG signal_engine runtime debug rollup detail kind=inference_fallback count=4 game=TEX@HOU line=5.5 inning=5 state=T5|outs=2|score=0-4|runners=3 source_key=po65 example=inference fallback TEX@HOU line=5.5: cell=1_4_5_T_2_0 level=1 label=bases_empty (line_mode=extrapolate_low src=po65)
2026-05-16 20:50:56,672 DEBUG signal_engine runtime debug rollup detail kind=stage3_adj count=4 game=TEX@HOU line=5.5 inning=5 state=T5|outs=2|score=0-4|runners=3 source_key=TEX-HOU|2026-05-16 example=Stage-3 adj TEX@HOU line=5.5 inn=5: s1+s2_fv=0.980 -> adj_fv=0.979  (delta=-0.065  away_rpg=4.00  home_rpg=4.20  expected=8.20 vs avg=8.89)
2026-05-16 20:50:56,672 DEBUG signal_engine runtime debug rollup detail kind=inference_fallback count=4 game=CHC@CWS line=9.5 inning=6 state=T6|outs=2|score=1-7|runners=6 source_key=po95 example=inference fallback CHC@CWS line=9.5: cell=2_7_6_T_2_0 level=1 label=bases_empty (line_mode=exact src=po95)
2026-05-16 20:50:56,672 DEBUG signal_engine runtime debug rollup detail omitted_keys=8
2026-05-16 20:51:09,481 DEBUG signal_engine Skip NYY@NYM line=8.5: runs_needed=4.5 > max=3.5 (total=4)
2026-05-16 20:51:09,660 DEBUG signal_engine Tape capture skip_2026-05-16_823627_8.5_111647: trades_5s=0 trades_30s=0 signed_30s=None ltp_ask_gap_3=-0.06 stale=254.482s raw_n=100 fetch_ok=True
2026-05-16 20:51:09,788 DEBUG signal_engine Family B capture skip_2026-05-16_823627_8.5_111647: ask_touch=6672.73 bid_touch=6465.38 imb1=0.4921 imb5=0.5921 depth_below=6672.73 depth_at=6672.73 book_ok=True
2026-05-16 20:51:09,789 DEBUG signal_engine Family C capture skip_2026-05-16_823627_8.5_111647: ask_v5=0.006213 ask_v30=0.001244 mid_drift=0.005 spread_ratio=2.2727 ask_vol=0.017889 buffer_n=120 window_30s_n=5
2026-05-16 20:51:48,147 DEBUG signal_engine Skip CHC@CWS line=9.5: pitcher quality edge boost (pitcher_era=1.62 < threshold=3.75  inn=6 <= 6  edge=0.179 < boosted_min=0.203) - quality pitching raises edge requirement
2026-05-16 20:51:48,226 DEBUG signal_engine Tape capture skip_2026-05-16_824600_9.5_111850: trades_5s=0 trades_30s=0 signed_30s=None ltp_ask_gap_3=-0.25 stale=293.145s raw_n=100 fetch_ok=True
2026-05-16 20:51:48,339 DEBUG signal_engine Family B capture skip_2026-05-16_824600_9.5_111850: ask_touch=49.5 bid_touch=8.0 imb1=0.1391 imb5=0.439 depth_below=0 depth_at=0 book_ok=True
2026-05-16 20:51:48,341 DEBUG signal_engine Family C capture skip_2026-05-16_824600_9.5_111850: ask_v5=-0.006258 ask_v30=-0.001251 mid_drift=-0.005 spread_ratio=0.3226 ask_vol=0.019494 buffer_n=120 window_30s_n=5
2026-05-16 20:51:54,735 WARNING signal_engine tick_buffer health: 77 line_states, 77 nonempty, len min/median/max=120/120/120, newest_age max=13391.0s, oldest_age max=13948.1s
2026-05-16 20:52:01,111 DEBUG signal_engine Skip CIN@CLE line=10.5: Gate 8f saturation (base_fv=1.000 >= threshold=0.990) ask=0.999 | market CONFIRMS (ask>=0.85, likely real run)
2026-05-16 20:52:01,178 DEBUG signal_engine Tape capture skip_2026-05-16_824435_10.5_111893: trades_5s=0 trades_30s=0 signed_30s=None ltp_ask_gap_3=-0.459 stale=306.111s raw_n=100 fetch_ok=True
2026-05-16 20:52:01,286 DEBUG signal_engine Family B capture skip_2026-05-16_824435_10.5_111893: ask_touch=250.0 bid_touch=267.52 imb1=0.5169 imb5=0.9736 depth_below=250.0 depth_at=250.0 book_ok=True
2026-05-16 20:52:01,287 DEBUG signal_engine Family C capture skip_2026-05-16_824435_10.5_111893: ask_v5=0.0 ask_v30=None mid_drift=None spread_ratio=1.0 ask_vol=0.0 buffer_n=120 window_30s_n=2
2026-05-16 20:52:14,117 DEBUG signal_engine Pitcher quality note CHC@CWS line=9.5: pitcher_era=1.62 < 3.75  inn=6  edge=0.199 passes boosted_min=0.197
2026-05-16 20:52:14,222 INFO live_engine Calibrated-stake [SHADOW] CHC@CWS line=9.5 calibrated_edge=-0.0809 multiplier=0.500 base=$10.00 -> stake=$10.00 (shadow only -- stake unchanged)
2026-05-16 20:52:14,222 INFO live_engine EV policy [SHADOW] CHC@CWS line=9.5 allow=False p_win=0.676 p_fill=0.657 ev_if_filled=-0.98 ev_per_stake=-0.0644
2026-05-16 20:52:14,223 INFO live_engine LIVE BET [2026-05-16_824600_9.5_0008] CHC@CWS O/U 9.5 OVER | decision_ask=0.770  exec_bid=0.710  exec_ask=0.770  spread=0.060  ltp=0.170  limit=0.750 | FV=0.969 (base=0.969 S2=-0.003 S3=+0.008) | edge=0.199 | inn=T6  outs=2  score=1-7  rn=1.5  runners=6 | stake=$10.00 shares=13.3333 (flat)
2026-05-16 20:52:14,660 DEBUG polymarket_client Order posted: price=0.750  shares=13.3333  max_cost=$10.00  sign=191ms  post=247ms  resp={'errorMsg': '', 'orderID': '0xef2f6e4ba3bd466badbbd6a2ba5341f59f972e99bb8bd02f5b2469ae5d25c98d', 'takingAmount': '', 'makingAmount': '', 'status': 'live', 'success': True}
2026-05-16 20:52:14,660 INFO polymarket_client Order accepted: id=0xef2f6e4ba3bd466badbbd6a2ba5341f59f972e99bb8bd02f5b2469ae5d25c98d  status=live  price=0.750  shares=13.3333  max_cost=$10.00  sign=191ms  post=247ms
2026-05-16 20:52:14,660 INFO live_engine ORDER PLACED [2026-05-16_824600_9.5_0008] order_id=0xef2f6e4ba3bd466badbbd6a2ba5341f59f972e99bb8bd02f5b2469ae5d25c98d  status=live raw_status=live  sign_ms=191  post_ms=247
2026-05-16 20:52:14,669 INFO live_engine === ORDER LIFECYCLE SUMMARY (2026-05-16) -- placed=8 filled=7 (88%) never_filled=0 other_cancel=0 reserved_on_misses=$0.00 ===
2026-05-16 20:52:14,670 INFO live_engine === GAME SUMMARY (2026-05-16) ===
2026-05-16 20:52:14,670 INFO live_engine   BAL@WSH  final=3-13 (total=16) | O8.5(FILL,W,+6.13)  O10.5(FILL,W,+4.28)
2026-05-16 20:52:14,743 DEBUG signal_engine Tape capture 2026-05-16_824600_9.5_0008: trades_5s=0 trades_30s=0 signed_30s=None ltp_ask_gap_3=-0.23 stale=319.115s raw_n=100 fetch_ok=True
2026-05-16 20:52:14,852 DEBUG signal_engine Family B capture 2026-05-16_824600_9.5_0008: ask_touch=1099.36 bid_touch=13.33 imb1=0.012 imb5=0.4895 depth_below=0 depth_at=0 book_ok=True
2026-05-16 20:52:14,854 DEBUG signal_engine Family C capture 2026-05-16_824600_9.5_0008: ask_v5=-0.001552 ask_v30=-0.001854 mid_drift=-0.055 spread_ratio=0.625 ask_vol=0.076354 buffer_n=120 window_30s_n=5
2026-05-16 20:52:14,856 DEBUG signal_engine Book capture started: 2026-05-16_824600_9.5_0008  token=585809542684...345611  duration=120s interval=1.0s
2026-05-16 20:52:14,982 DEBUG live_engine Ask-reversal monitor [2026-05-16_824600_9.5_0008] age=0.2s  entry_ask=0.770  current_ask=0.770  drop=+0.000  threshold=0.080
2026-05-16 20:52:15,101 DEBUG live_engine FV check [2026-05-16_824600_9.5_0008] age=0.4s < min_age=90.0s -- hold period active
2026-05-16 20:52:21,590 DEBUG live_engine Ask-reversal monitor [2026-05-16_824600_9.5_0008] age=6.8s  entry_ask=0.770  current_ask=0.770  drop=+0.000  threshold=0.080
2026-05-16 20:52:21,590 INFO live_engine Ask-reversal window expired [2026-05-16_824600_9.5_0008] entry_ask=0.770  window=5.0s  current_ask=0.770  drop=+0.000  (threshold=0.080  window=5s -- no cancel triggered)
2026-05-16 20:52:21,590 DEBUG live_engine Suppressed duplicate live ledger event bet_id=2026-05-16_824600_9.5_0008 order_id=0xef2f6e4ba3bd466badbbd6a2ba5341f59f972e99bb8bd02f5b2469ae5d25c98d event=live
2026-05-16 20:52:21,596 INFO live_engine === ORDER LIFECYCLE SUMMARY (2026-05-16) -- placed=8 filled=7 (88%) never_filled=0 other_cancel=0 reserved_on_misses=$0.00 ===
2026-05-16 20:52:21,596 INFO live_engine === GAME SUMMARY (2026-05-16) ===
2026-05-16 20:52:21,596 INFO live_engine   BAL@WSH  final=3-13 (total=16) | O8.5(FILL,W,+6.13)  O10.5(FILL,W,+4.28)
2026-05-16 20:52:27,975 DEBUG signal_engine Gate 8e conditional relax APPLIED TEX@HOU line=5.5 (mode=enforce arm=enforce trail=0 lead=4 inn=7 ask=0.860 rn=1.50)
2026-05-16 20:52:28,294 DEBUG signal_engine Tape capture skip_2026-05-16_824193_5.5_112046: trades_5s=0 trades_30s=0 signed_30s=None ltp_ask_gap_3=-0.0103 stale=31.976s raw_n=100 fetch_ok=True
2026-05-16 20:52:28,406 DEBUG signal_engine Family B capture skip_2026-05-16_824193_5.5_112046: ask_touch=21.0 bid_touch=128.0 imb1=0.8591 imb5=0.0805 depth_below=0 depth_at=0 book_ok=True
2026-05-16 20:52:28,408 DEBUG signal_engine Family C capture skip_2026-05-16_824193_5.5_112046: ask_v5=0.0 ask_v30=0.004812 mid_drift=0.135 spread_ratio=1.6279 ask_vol=0.095237 buffer_n=120 window_30s_n=5
2026-05-16 20:52:28,518 DEBUG live_engine Ask-reversal monitor [2026-05-16_824600_9.5_0008] age=13.7s  entry_ask=0.770  current_ask=0.770  drop=+0.000  threshold=0.080
2026-05-16 20:52:28,680 DEBUG live_engine FV check [2026-05-16_824600_9.5_0008] age=14.0s < min_age=90.0s -- hold period active
2026-05-16 20:52:41,598 INFO live_engine ORDER FILLED [2026-05-16_824600_9.5_0008] order_id=0xef2f6e4ba3bd466badbbd6a2ba5341f59f972e99bb8bd02f5b2469ae5d25c98d  fill_price=0.750  size=13.33
2026-05-16 20:52:41,606 INFO live_engine === ORDER LIFECYCLE SUMMARY (2026-05-16) -- placed=8 filled=8 (100%) never_filled=0 other_cancel=0 reserved_on_misses=$0.00 ===
2026-05-16 20:52:41,606 INFO live_engine === GAME SUMMARY (2026-05-16) ===
2026-05-16 20:52:41,606 INFO live_engine   BAL@WSH  final=3-13 (total=16) | O8.5(FILL,W,+6.13)  O10.5(FILL,W,+4.28)
2026-05-16 20:53:52,084 INFO live_engine Calibrated-stake [SHADOW] SD@SEA line=8.5 calibrated_edge=-0.0702 multiplier=0.500 base=$10.00 -> stake=$10.00 (shadow only -- stake unchanged)
2026-05-16 20:53:52,084 INFO live_engine EV policy [SHADOW] SD@SEA line=8.5 allow=False p_win=0.684 p_fill=0.580 ev_if_filled=-0.62 ev_per_stake=-0.0362
2026-05-16 20:53:52,084 INFO live_engine Correlated-line spacing cap hit for SD@SEA (line=8.5 within 1.5 of existing line=7.5) -- skipping
2026-05-16 20:53:52,191 DEBUG signal_engine Tape capture skip_2026-05-16_824193_5.5_112465: trades_5s=0 trades_30s=0 signed_30s=None ltp_ask_gap_3=0.0097 stale=116.089s raw_n=100 fetch_ok=True
2026-05-16 20:53:52,296 DEBUG signal_engine Family B capture skip_2026-05-16_824193_5.5_112465: ask_touch=600.0 bid_touch=1075.64 imb1=0.6419 imb5=0.5981 depth_below=0 depth_at=0 book_ok=True
2026-05-16 20:53:52,297 DEBUG signal_engine Family C capture skip_2026-05-16_824193_5.5_112465: ask_v5=0.0 ask_v30=-0.000935 mid_drift=-0.015 spread_ratio=0.9375 ask_vol=0.0 buffer_n=120 window_30s_n=5
2026-05-16 20:53:58,677 DEBUG signal_engine Skip SD@SEA line=9.5: inning 6 setup-reliever dead zone (rn=2.5 >= threshold 2.5) -- 5yr backtest: 63% WR on 1569 bets
2026-05-16 20:53:58,762 DEBUG signal_engine Tape capture skip_2026-05-16_823139_9.5_112507: trades_5s=0 trades_30s=0 signed_30s=None ltp_ask_gap_3=-0.06 stale=423.677s raw_n=100 fetch_ok=True
2026-05-16 20:53:58,870 DEBUG signal_engine Family B capture skip_2026-05-16_823139_9.5_112507: ask_touch=19755.9 bid_touch=1110.43 imb1=0.0532 imb5=0.397 depth_below=20055.9 depth_at=279.0 book_ok=True
2026-05-16 20:53:58,872 DEBUG signal_engine Family C capture skip_2026-05-16_823139_9.5_112507: ask_v5=0.004553 ask_v30=0.002167 mid_drift=0.01 spread_ratio=2.2581 ask_vol=0.0251 buffer_n=120 window_30s_n=5
2026-05-16 20:54:05,261 DEBUG signal_engine Skip SD@SEA line=8.5: extreme edge in any inning (edge=0.259 > threshold=0.220  inn=6) - phantom-run risk
2026-05-16 20:54:05,443 DEBUG signal_engine Tape capture skip_2026-05-16_823139_8.5_112537: trades_5s=0 trades_30s=0 signed_30s=None ltp_ask_gap_3=0.1297 stale=129.26s raw_n=100 fetch_ok=True
2026-05-16 20:54:05,556 DEBUG signal_engine Family B capture skip_2026-05-16_823139_8.5_112537: ask_touch=4904.0 bid_touch=1321.17 imb1=0.2122 imb5=0.5651 depth_below=4904.0 depth_at=4904.0 book_ok=True
2026-05-16 20:54:05,558 DEBUG signal_engine Family C capture skip_2026-05-16_823139_8.5_112537: ask_v5=-0.007581 ask_v30=-0.006154 mid_drift=-0.105 spread_ratio=0.814 ask_vol=0.021679 buffer_n=120 window_30s_n=5
2026-05-16 20:54:14,227 DEBUG signal_engine Book capture complete: 2026-05-16_824600_9.5_0008  (121 snapshots)
2026-05-16 20:54:18,786 DEBUG mlb_poly_monitor Schedule state-change rollup for 2026-05-16: changes_total=275 changes_since_last_log=25 games=15 live=7 final=6 states=live=7|final=6:107, live=5|final=1:72, live=5|final=2:30, live=4|final=2:22
2026-05-16 20:54:24,753 DEBUG signal_engine Skip SD@SEA line=8.5: extreme edge in any inning (edge=0.283 > threshold=0.220  inn=6) - phantom-run risk
2026-05-16 20:54:24,822 DEBUG signal_engine Tape capture skip_2026-05-16_823139_8.5_112616: trades_5s=0 trades_30s=0 signed_30s=None ltp_ask_gap_3=0.1597 stale=148.751s raw_n=100 fetch_ok=True
2026-05-16 20:54:24,931 DEBUG signal_engine Family B capture skip_2026-05-16_823139_8.5_112616: ask_touch=4904.0 bid_touch=8.0 imb1=0.0016 imb5=0.5007 depth_below=0 depth_at=0 book_ok=True
2026-05-16 20:54:24,933 DEBUG signal_engine Family C capture skip_2026-05-16_823139_8.5_112616: ask_v5=-0.001553 ask_v30=-0.002136 mid_drift=-0.035 spread_ratio=0.375 ask_vol=0.032094 buffer_n=120 window_30s_n=5
2026-05-16 20:54:25,144 DEBUG signal_engine Tape capture skip_2026-05-16_823627_5.5_112628: trades_5s=0 trades_30s=0 signed_30s=None ltp_ask_gap_3=-0.0303 stale=148.94s raw_n=100 fetch_ok=True
2026-05-16 20:54:25,258 DEBUG signal_engine Family B capture skip_2026-05-16_823627_5.5_112628: ask_touch=1056.57 bid_touch=1024.57 imb1=0.4923 imb5=0.5217 depth_below=0 depth_at=0 book_ok=True
2026-05-16 20:54:25,259 DEBUG signal_engine Family C capture skip_2026-05-16_823627_5.5_112628: ask_v5=0.004532 ask_v30=0.000919 mid_drift=0.0 spread_ratio=1.4063 ask_vol=0.013038 buffer_n=120 window_30s_n=5
2026-05-16 20:54:25,268 DEBUG signal_engine Skip NYY@NYM line=6.5: inning 5 bullpen-transition dead zone (rn=2.5 >= threshold 2.5) -- same rn at inn4 is 6W/0L
2026-05-16 20:54:25,481 DEBUG signal_engine Tape capture skip_2026-05-16_823627_6.5_112641: trades_5s=0 trades_30s=0 signed_30s=None ltp_ask_gap_3=0.0597 stale=149.269s raw_n=100 fetch_ok=True
2026-05-16 20:54:25,589 DEBUG signal_engine Family B capture skip_2026-05-16_823627_6.5_112641: ask_touch=1077.3 bid_touch=1056.3 imb1=0.4951 imb5=0.3661 depth_below=0 depth_at=0 book_ok=True
2026-05-16 20:54:25,590 DEBUG signal_engine Family C capture skip_2026-05-16_823627_6.5_112641: ask_v5=0.004312 ask_v30=0.000904 mid_drift=0.0 spread_ratio=1.6129 ask_vol=0.013038 buffer_n=120 window_30s_n=5
2026-05-16 20:54:25,591 DEBUG signal_engine Gate 8e conditional relax APPLIED CHC@CWS line=8.5 (mode=enforce arm=enforce trail=1 lead=6 inn=6 ask=0.890 rn=0.50)
2026-05-16 20:54:25,591 DEBUG signal_engine Skip CHC@CWS line=8.5: Gate 8f saturation (base_fv=1.000 >= threshold=0.990) ask=0.890 | market CONFIRMS (ask>=0.85, likely real run)
2026-05-16 20:54:25,683 DEBUG signal_engine Tape capture skip_2026-05-16_824600_8.5_112642: trades_5s=0 trades_30s=0 signed_30s=None ltp_ask_gap_3=-0.35 stale=450.592s raw_n=100 fetch_ok=True
2026-05-16 20:54:25,788 DEBUG signal_engine Family B capture skip_2026-05-16_824600_8.5_112642: ask_touch=42.0 bid_touch=21.0 imb1=0.3333 imb5=0.2742 depth_below=0 depth_at=0 book_ok=True
2026-05-16 20:54:25,790 DEBUG signal_engine Family C capture skip_2026-05-16_824600_8.5_112642: ask_v5=-0.00275 ask_v30=0.0 mid_drift=0.0 spread_ratio=0.625 ask_vol=0.020494 buffer_n=120 window_30s_n=5
2026-05-16 20:55:16,871 DEBUG signal_engine Skip NYY@NYM line=8.5: runs_needed=4.5 > max=3.5 (total=4)
2026-05-16 20:55:16,947 DEBUG signal_engine Tape capture skip_2026-05-16_823627_8.5_112884: trades_5s=0 trades_30s=0 signed_30s=None ltp_ask_gap_3=-0.1 stale=501.871s raw_n=100 fetch_ok=True
2026-05-16 20:55:17,071 DEBUG signal_engine Family B capture skip_2026-05-16_823627_8.5_112884: ask_touch=5733.33 bid_touch=1072.52 imb1=0.1576 imb5=0.214 depth_below=0 depth_at=0 book_ok=True
2026-05-16 20:55:17,072 DEBUG signal_engine Family C capture skip_2026-05-16_823627_8.5_112884: ask_v5=-0.034485 ask_v30=0.004696 mid_drift=0.135 spread_ratio=0.25 ask_vol=0.161028 buffer_n=120 window_30s_n=5
2026-05-16 20:55:42,643 DEBUG signal_engine Skip CHC@CWS line=10.5: inning 6 setup-reliever dead zone (rn=2.5 >= threshold 2.5) -- 5yr backtest: 63% WR on 1569 bets
2026-05-16 20:55:42,842 DEBUG signal_engine Tape capture skip_2026-05-16_824600_10.5_113016: trades_5s=0 trades_30s=0 signed_30s=None ltp_ask_gap_3=0.0997 stale=226.643s raw_n=100 fetch_ok=True
2026-05-16 20:55:42,951 DEBUG signal_engine Family B capture skip_2026-05-16_824600_10.5_113016: ask_touch=6.95 bid_touch=2.25 imb1=0.2446 imb5=0.9825 depth_below=0 depth_at=0 book_ok=True
2026-05-16 20:55:42,953 DEBUG signal_engine Family C capture skip_2026-05-16_824600_10.5_113016: ask_v5=0.0 ask_v30=0.004977 mid_drift=0.17 spread_ratio=1.1538 ask_vol=0.104259 buffer_n=120 window_30s_n=5
2026-05-16 20:55:49,351 DEBUG signal_engine Skip CHC@CWS line=11.5: inning 6 setup-reliever dead zone (rn=3.5 >= threshold 2.5) -- 5yr backtest: 63% WR on 1569 bets
2026-05-16 20:55:49,550 DEBUG signal_engine Tape capture skip_2026-05-16_824600_11.5_113064: trades_5s=0 trades_30s=0 signed_30s=None ltp_ask_gap_3=0.2297 stale=233.35s raw_n=100 fetch_ok=True
2026-05-16 20:55:49,685 DEBUG signal_engine Family B capture skip_2026-05-16_824600_11.5_113064: ask_touch=5.0 bid_touch=1226.0 imb1=0.9959 imb5=0.1463 depth_below=0 depth_at=0 book_ok=True
2026-05-16 20:55:49,686 DEBUG signal_engine Family C capture skip_2026-05-16_824600_11.5_113064: ask_v5=0.0 ask_v30=0.006508 mid_drift=0.18 spread_ratio=0.7143 ask_vol=0.101833 buffer_n=120 window_30s_n=5
2026-05-16 20:56:15,259 DEBUG signal_engine Skip BOS@ATL line=5.5: current_total=3 < min=4 (mode=shadow arm=strict_block relax_pass=False)
2026-05-16 20:56:34,503 DEBUG signal_engine Gate 8e conditional relax APPLIED CHC@CWS line=10.5 (mode=enforce arm=enforce trail=1 lead=7 inn=6 ask=0.740 rn=1.50)
2026-05-16 20:56:34,581 DEBUG signal_engine Tape capture skip_2026-05-16_824600_10.5_113264: trades_5s=0 trades_30s=0 signed_30s=None ltp_ask_gap_3=0.1097 stale=278.504s raw_n=100 fetch_ok=True
2026-05-16 20:56:34,694 DEBUG signal_engine Family B capture skip_2026-05-16_824600_10.5_113264: ask_touch=500.0 bid_touch=10.25 imb1=0.0201 imb5=0.8208 depth_below=0 depth_at=0 book_ok=True
2026-05-16 20:56:34,696 DEBUG signal_engine Family C capture skip_2026-05-16_824600_10.5_113264: ask_v5=0.0 ask_v30=0.0 mid_drift=0.0 spread_ratio=0.9091 ask_vol=0.004472 buffer_n=120 window_30s_n=5
2026-05-16 20:56:34,702 DEBUG signal_engine Skip BOS@ATL line=5.5: extreme edge in any inning (edge=0.349 > threshold=0.220  inn=8) - phantom-run risk
2026-05-16 20:56:34,891 DEBUG signal_engine Tape capture skip_2026-05-16_824924_5.5_113272: trades_5s=0 trades_30s=0 signed_30s=None ltp_ask_gap_3=0.2597 stale=278.698s raw_n=100 fetch_ok=True
2026-05-16 20:56:35,001 DEBUG signal_engine Family B capture skip_2026-05-16_824924_5.5_113272: ask_touch=13169.52 bid_touch=4649.0 imb1=0.2609 imb5=0.419 depth_below=0 depth_at=0 book_ok=True
2026-05-16 20:56:35,002 DEBUG signal_engine Family C capture skip_2026-05-16_824924_5.5_113272: ask_v5=-0.003012 ask_v30=-0.008382 mid_drift=-0.01 spread_ratio=0.1563 ask_vol=0.012247 buffer_n=120 window_30s_n=5
2026-05-16 20:56:35,004 DEBUG signal_engine Skip NYY@NYM line=5.5: Gate 8f saturation (base_fv=0.998 >= threshold=0.990) ask=0.970 | market CONFIRMS (ask>=0.85, likely real run)
2026-05-16 20:56:35,091 DEBUG signal_engine Tape capture skip_2026-05-16_823627_5.5_113275: trades_5s=0 trades_30s=0 signed_30s=None ltp_ask_gap_3=-0.1203 stale=279.004s raw_n=100 fetch_ok=True
2026-05-16 20:56:35,196 DEBUG signal_engine Family B capture skip_2026-05-16_823627_5.5_113275: ask_touch=21.0 bid_touch=53.0 imb1=0.7162 imb5=0.2073 depth_below=0 depth_at=0 book_ok=True
2026-05-16 20:56:35,197 DEBUG signal_engine Family C capture skip_2026-05-16_823627_5.5_113275: ask_v5=0.0 ask_v30=0.0 mid_drift=0.1 spread_ratio=1.2162 ask_vol=0.0 buffer_n=120 window_30s_n=5
2026-05-16 20:56:35,292 DEBUG signal_engine Tape capture skip_2026-05-16_823627_6.5_113278: trades_5s=0 trades_30s=0 signed_30s=None ltp_ask_gap_3=-0.0403 stale=279.199s raw_n=100 fetch_ok=True
2026-05-16 20:56:35,412 DEBUG signal_engine Family B capture skip_2026-05-16_823627_6.5_113278: ask_touch=15.0 bid_touch=15.0 imb1=0.5 imb5=0.5135 depth_below=0 depth_at=0 book_ok=True
2026-05-16 20:56:35,414 DEBUG signal_engine Family C capture skip_2026-05-16_823627_6.5_113278: ask_v5=-0.001403 ask_v30=0.0 mid_drift=0.0 spread_ratio=0.9722 ask_vol=0.008944 buffer_n=120 window_30s_n=5
2026-05-16 20:56:35,418 DEBUG signal_engine Skip SD@SEA line=8.5: extreme edge in any inning (edge=0.278 > threshold=0.220  inn=6) - phantom-run risk
2026-05-16 20:56:35,514 DEBUG signal_engine Tape capture skip_2026-05-16_823139_8.5_113282: trades_5s=0 trades_30s=0 signed_30s=None ltp_ask_gap_3=0.1597 stale=279.417s raw_n=100 fetch_ok=True
2026-05-16 20:56:35,627 DEBUG signal_engine Family B capture skip_2026-05-16_823139_8.5_113282: ask_touch=255.0 bid_touch=263.0 imb1=0.5077 imb5=0.1351 depth_below=0 depth_at=0 book_ok=True
2026-05-16 20:56:35,628 DEBUG signal_engine Family C capture skip_2026-05-16_823139_8.5_113282: ask_v5=-0.00817 ask_v30=0.0 mid_drift=-0.015 spread_ratio=1.2121 ask_vol=0.032094 buffer_n=120 window_30s_n=5
2026-05-16 20:56:35,635 DEBUG signal_engine Skip NYY@NYM line=8.5: inning 5 bullpen-transition dead zone (rn=3.5 >= threshold 2.5) -- same rn at inn4 is 6W/0L
2026-05-16 20:56:35,817 DEBUG signal_engine Tape capture skip_2026-05-16_823627_8.5_113287: trades_5s=0 trades_30s=0 signed_30s=None ltp_ask_gap_3=0.2097 stale=279.634s raw_n=100 fetch_ok=True
2026-05-16 20:56:35,924 DEBUG signal_engine Family B capture skip_2026-05-16_823627_8.5_113287: ask_touch=33.0 bid_touch=54.0 imb1=0.6207 imb5=0.0524 depth_below=0 depth_at=0 book_ok=True
2026-05-16 20:56:35,925 DEBUG signal_engine Family C capture skip_2026-05-16_823627_8.5_113287: ask_v5=-0.002649 ask_v30=-0.000603 mid_drift=-0.015 spread_ratio=0.9574 ask_vol=0.01 buffer_n=120 window_30s_n=5
2026-05-16 20:57:01,598 INFO live_engine Calibrated-stake [SHADOW] TEX@HOU line=5.5 calibrated_edge=-0.1198 multiplier=0.500 base=$10.00 -> stake=$10.00 (shadow only -- stake unchanged)
2026-05-16 20:57:01,599 INFO live_engine EV policy [SHADOW] TEX@HOU line=5.5 allow=False p_win=0.739 p_fill=0.702 ev_if_filled=-0.64 ev_per_stake=-0.0449
2026-05-16 20:57:01,599 INFO live_engine Correlated-line spacing cap hit for TEX@HOU (line=5.5 within 1.5 of existing line=6.5) -- skipping
2026-05-16 20:57:08,137 INFO live_engine Calibrated-stake [SHADOW] TEX@HOU line=5.5 calibrated_edge=-0.1098 multiplier=0.500 base=$10.00 -> stake=$10.00 (shadow only -- stake unchanged)
2026-05-16 20:57:08,137 INFO live_engine EV policy [SHADOW] TEX@HOU line=5.5 allow=False p_win=0.729 p_fill=0.697 ev_if_filled=-0.77 ev_per_stake=-0.0538
2026-05-16 20:57:08,137 INFO live_engine Correlated-line spacing cap hit for TEX@HOU (line=5.5 within 1.5 of existing line=6.5) -- skipping
2026-05-16 20:57:14,627 INFO live_engine Calibrated-stake [SHADOW] TEX@HOU line=5.5 calibrated_edge=-0.1098 multiplier=0.500 base=$10.00 -> stake=$10.00 (shadow only -- stake unchanged)
2026-05-16 20:57:14,628 INFO live_engine EV policy [SHADOW] TEX@HOU line=5.5 allow=False p_win=0.726 p_fill=0.698 ev_if_filled=-0.70 ev_per_stake=-0.0485
2026-05-16 20:57:14,628 INFO live_engine Correlated-line spacing cap hit for TEX@HOU (line=5.5 within 1.5 of existing line=6.5) -- skipping
2026-05-16 20:57:21,128 INFO live_engine Calibrated-stake [SHADOW] TEX@HOU line=5.5 calibrated_edge=-0.0998 multiplier=0.500 base=$10.00 -> stake=$10.00 (shadow only -- stake unchanged)
2026-05-16 20:57:21,129 INFO live_engine EV policy [SHADOW] TEX@HOU line=5.5 allow=False p_win=0.732 p_fill=0.696 ev_if_filled=-1.07 ev_per_stake=-0.0744
2026-05-16 20:57:21,129 INFO live_engine Correlated-line spacing cap hit for TEX@HOU (line=5.5 within 1.5 of existing line=6.5) -- skipping
2026-05-16 20:57:27,618 INFO live_engine Calibrated-stake [SHADOW] TEX@HOU line=5.5 calibrated_edge=-0.1198 multiplier=0.500 base=$10.00 -> stake=$10.00 (shadow only -- stake unchanged)
2026-05-16 20:57:27,619 INFO live_engine EV policy [SHADOW] TEX@HOU line=5.5 allow=False p_win=0.739 p_fill=0.700 ev_if_filled=-0.65 ev_per_stake=-0.0456
2026-05-16 20:57:27,619 INFO live_engine Correlated-line spacing cap hit for TEX@HOU (line=5.5 within 1.5 of existing line=6.5) -- skipping
2026-05-16 20:57:34,112 INFO live_engine Calibrated-stake [SHADOW] TEX@HOU line=5.5 calibrated_edge=-0.1098 multiplier=0.500 base=$10.00 -> stake=$10.00 (shadow only -- stake unchanged)
2026-05-16 20:57:34,113 INFO live_engine EV policy [SHADOW] TEX@HOU line=5.5 allow=False p_win=0.731 p_fill=0.699 ev_if_filled=-0.75 ev_per_stake=-0.0524
2026-05-16 20:57:34,113 INFO live_engine Correlated-line spacing cap hit for TEX@HOU (line=5.5 within 1.5 of existing line=6.5) -- skipping
2026-05-16 20:57:47,048 INFO live_engine Calibrated-stake [SHADOW] TEX@HOU line=5.5 calibrated_edge=-0.1098 multiplier=0.500 base=$10.00 -> stake=$10.00 (shadow only -- stake unchanged)
2026-05-16 20:57:47,048 INFO live_engine EV policy [SHADOW] TEX@HOU line=5.5 allow=False p_win=0.731 p_fill=0.699 ev_if_filled=-0.75 ev_per_stake=-0.0527
2026-05-16 20:57:47,049 INFO live_engine Correlated-line spacing cap hit for TEX@HOU (line=5.5 within 1.5 of existing line=6.5) -- skipping
2026-05-16 20:57:53,530 DEBUG live_engine Skip TEX@HOU line=5.5: cannot place resting limit while preserving min edge (ask=0.790 bid=0.780 fv=0.983)
2026-05-16 20:58:06,409 INFO live_engine Calibrated-stake [SHADOW] TEX@HOU line=5.5 calibrated_edge=-0.0998 multiplier=0.500 base=$10.00 -> stake=$10.00 (shadow only -- stake unchanged)
2026-05-16 20:58:06,409 INFO live_engine EV policy [SHADOW] TEX@HOU line=5.5 allow=False p_win=0.716 p_fill=0.697 ev_if_filled=-0.82 ev_per_stake=-0.0573
2026-05-16 20:58:06,410 INFO live_engine Correlated-line spacing cap hit for TEX@HOU (line=5.5 within 1.5 of existing line=6.5) -- skipping
2026-05-16 20:58:12,944 INFO live_engine Calibrated-stake [SHADOW] TEX@HOU line=5.5 calibrated_edge=-0.1002 multiplier=0.500 base=$10.00 -> stake=$10.00 (shadow only -- stake unchanged)
2026-05-16 20:58:12,945 INFO live_engine EV policy [SHADOW] TEX@HOU line=5.5 allow=False p_win=0.714 p_fill=0.705 ev_if_filled=-0.85 ev_per_stake=-0.0597
2026-05-16 20:58:12,945 INFO live_engine Correlated-line spacing cap hit for TEX@HOU (line=5.5 within 1.5 of existing line=6.5) -- skipping
2026-05-16 20:58:19,420 INFO live_engine Calibrated-stake [SHADOW] TEX@HOU line=5.5 calibrated_edge=-0.1102 multiplier=0.500 base=$10.00 -> stake=$10.00 (shadow only -- stake unchanged)
2026-05-16 20:58:19,420 INFO live_engine EV policy [SHADOW] TEX@HOU line=5.5 allow=False p_win=0.734 p_fill=0.711 ev_if_filled=-0.93 ev_per_stake=-0.0664
2026-05-16 20:58:19,420 INFO live_engine Correlated-line spacing cap hit for TEX@HOU (line=5.5 within 1.5 of existing line=6.5) -- skipping
2026-05-16 20:58:25,928 INFO live_engine Calibrated-stake [SHADOW] TEX@HOU line=5.5 calibrated_edge=-0.1102 multiplier=0.500 base=$10.00 -> stake=$10.00 (shadow only -- stake unchanged)
2026-05-16 20:58:25,928 INFO live_engine EV policy [SHADOW] TEX@HOU line=5.5 allow=False p_win=0.730 p_fill=0.711 ev_if_filled=-0.87 ev_per_stake=-0.0621
2026-05-16 20:58:25,928 INFO live_engine Correlated-line spacing cap hit for TEX@HOU (line=5.5 within 1.5 of existing line=6.5) -- skipping
2026-05-16 20:58:32,623 DEBUG signal_engine Tape capture skip_2026-05-16_824193_5.5_113871: trades_5s=0 trades_30s=0 signed_30s=None ltp_ask_gap_3=-0.0533 stale=97.317s raw_n=100 fetch_ok=True
2026-05-16 20:58:32,740 DEBUG signal_engine Family B capture skip_2026-05-16_824193_5.5_113871: ask_touch=500.0 bid_touch=8.0 imb1=0.0157 imb5=0.3444 depth_below=500.0 depth_at=500.0 book_ok=True
2026-05-16 20:58:32,741 DEBUG signal_engine Family C capture skip_2026-05-16_824193_5.5_113871: ask_v5=0.001535 ask_v30=-0.001852 mid_drift=-0.025 spread_ratio=1.0 ask_vol=0.008367 buffer_n=120 window_30s_n=5
2026-05-16 20:58:39,228 INFO live_engine Calibrated-stake [SHADOW] TEX@HOU line=5.5 calibrated_edge=-0.1102 multiplier=0.500 base=$10.00 -> stake=$10.00 (shadow only -- stake unchanged)
2026-05-16 20:58:39,228 INFO live_engine EV policy [SHADOW] TEX@HOU line=5.5 allow=False p_win=0.729 p_fill=0.714 ev_if_filled=-0.78 ev_per_stake=-0.0555
2026-05-16 20:58:39,228 INFO live_engine Correlated-line spacing cap hit for TEX@HOU (line=5.5 within 1.5 of existing line=6.5) -- skipping
2026-05-16 20:58:45,756 INFO live_engine Calibrated-stake [SHADOW] TEX@HOU line=5.5 calibrated_edge=-0.1102 multiplier=0.500 base=$10.00 -> stake=$10.00 (shadow only -- stake unchanged)
2026-05-16 20:58:45,757 INFO live_engine EV policy [SHADOW] TEX@HOU line=5.5 allow=False p_win=0.727 p_fill=0.712 ev_if_filled=-0.79 ev_per_stake=-0.0565
2026-05-16 20:58:45,757 INFO live_engine Correlated-line spacing cap hit for TEX@HOU (line=5.5 within 1.5 of existing line=6.5) -- skipping
2026-05-16 20:58:52,240 INFO live_engine Calibrated-stake [SHADOW] TEX@HOU line=5.5 calibrated_edge=-0.1102 multiplier=0.500 base=$10.00 -> stake=$10.00 (shadow only -- stake unchanged)
2026-05-16 20:58:52,240 INFO live_engine EV policy [SHADOW] TEX@HOU line=5.5 allow=False p_win=0.727 p_fill=0.712 ev_if_filled=-0.80 ev_per_stake=-0.0567
2026-05-16 20:58:52,241 INFO live_engine Correlated-line spacing cap hit for TEX@HOU (line=5.5 within 1.5 of existing line=6.5) -- skipping
2026-05-16 20:59:11,395 DEBUG signal_engine Skip CHC@CWS line=11.5: inning 6 setup-reliever dead zone (rn=2.5 >= threshold 2.5) -- 5yr backtest: 63% WR on 1569 bets
2026-05-16 20:59:11,492 DEBUG signal_engine Tape capture skip_2026-05-16_824600_11.5_114063: trades_5s=0 trades_30s=0 signed_30s=None ltp_ask_gap_3=0.2497 stale=435.396s raw_n=100 fetch_ok=True
2026-05-16 20:59:11,604 DEBUG signal_engine Family B capture skip_2026-05-16_824600_11.5_114063: ask_touch=8.0 bid_touch=4516.42 imb1=0.9982 imb5=0.4317 depth_below=0 depth_at=0 book_ok=True
2026-05-16 20:59:11,605 DEBUG signal_engine Family C capture skip_2026-05-16_824600_11.5_114063: ask_v5=0.003136 ask_v30=0.00062 mid_drift=0.015 spread_ratio=1.6667 ask_vol=0.008944 buffer_n=120 window_30s_n=5
2026-05-16 20:59:18,023 DEBUG signal_engine Skip SD@SEA line=8.5: extreme edge in any inning (edge=0.325 > threshold=0.220  inn=6) - phantom-run risk
2026-05-16 20:59:18,214 DEBUG signal_engine Tape capture skip_2026-05-16_823139_8.5_114066: trades_5s=0 trades_30s=0 signed_30s=None ltp_ask_gap_3=0.1167 stale=143.022s raw_n=100 fetch_ok=True
2026-05-16 20:59:18,335 DEBUG signal_engine Family B capture skip_2026-05-16_823139_8.5_114066: ask_touch=4904.0 bid_touch=8.0 imb1=0.0016 imb5=0.5068 depth_below=4904.0 depth_at=4904.0 book_ok=True
2026-05-16 20:59:18,336 DEBUG signal_engine Family C capture skip_2026-05-16_823139_8.5_114066: ask_v5=-0.001507 ask_v30=-0.00031 mid_drift=-0.005 spread_ratio=0.5556 ask_vol=0.004472 buffer_n=120 window_30s_n=5
2026-05-16 20:59:56,670 DEBUG signal_engine Skip BOS@ATL line=5.5: extreme edge in any inning (edge=0.374 > threshold=0.220  inn=8) - phantom-run risk
2026-05-16 20:59:56,741 DEBUG signal_engine Tape capture skip_2026-05-16_824924_5.5_114283: trades_5s=0 trades_30s=0 signed_30s=None ltp_ask_gap_3=0.2897 stale=480.668s raw_n=100 fetch_ok=True
2026-05-16 20:59:56,855 DEBUG signal_engine Family B capture skip_2026-05-16_824924_5.5_114283: ask_touch=5.0 bid_touch=5.0 imb1=0.5 imb5=0.6008 depth_below=0 depth_at=0 book_ok=True
2026-05-16 20:59:56,856 DEBUG signal_engine Family C capture skip_2026-05-16_824924_5.5_114283: ask_v5=0.004704 ask_v30=0.0 mid_drift=-0.08 spread_ratio=3.8636 ask_vol=0.013416 buffer_n=120 window_30s_n=5
2026-05-16 21:00:16,010 DEBUG signal_engine Skip TEX@HOU line=5.5: extreme edge in any inning (edge=0.239 > threshold=0.220  inn=7) - phantom-run risk
2026-05-16 21:00:16,084 DEBUG signal_engine Tape capture skip_2026-05-16_824193_5.5_114372: trades_5s=0 trades_30s=0 signed_30s=None ltp_ask_gap_3=0.0167 stale=201.008s raw_n=100 fetch_ok=True
2026-05-16 21:00:16,194 DEBUG signal_engine Family B capture skip_2026-05-16_824193_5.5_114372: ask_touch=14.0 bid_touch=184.0 imb1=0.9293 imb5=0.1908 depth_below=0 depth_at=0 book_ok=True
2026-05-16 21:00:16,195 DEBUG signal_engine Family C capture skip_2026-05-16_824193_5.5_114372: ask_v5=-0.037548 ask_v30=-0.002489 mid_drift=-0.105 spread_ratio=0.4375 ask_vol=0.092628 buffer_n=120 window_30s_n=5
2026-05-16 21:00:22,845 DEBUG signal_engine Tape capture skip_2026-05-16_823627_6.5_114400: trades_5s=0 trades_30s=0 signed_30s=None ltp_ask_gap_3=-0.1233 stale=207.638s raw_n=100 fetch_ok=True
2026-05-16 21:00:22,962 DEBUG signal_engine Family B capture skip_2026-05-16_823627_6.5_114400: ask_touch=521.0 bid_touch=500.0 imb1=0.4897 imb5=0.3062 depth_below=0 depth_at=0 book_ok=True
2026-05-16 21:00:22,963 DEBUG signal_engine Family C capture skip_2026-05-16_823627_6.5_114400: ask_v5=0.0 ask_v30=0.000618 mid_drift=0.015 spread_ratio=0.9259 ask_vol=0.016733 buffer_n=120 window_30s_n=5
2026-05-16 21:00:22,970 DEBUG signal_engine Skip NYY@NYM line=5.5: Gate 8f saturation (base_fv=0.998 >= threshold=0.990) ask=0.950 | market CONFIRMS (ask>=0.85, likely real run)
2026-05-16 21:00:23,187 DEBUG signal_engine Tape capture skip_2026-05-16_823627_5.5_114410: trades_5s=0 trades_30s=0 signed_30s=None ltp_ask_gap_3=-0.1933 stale=207.969s raw_n=100 fetch_ok=True
2026-05-16 21:00:23,298 DEBUG signal_engine Family B capture skip_2026-05-16_823627_5.5_114410: ask_touch=500.0 bid_touch=120.0 imb1=0.1935 imb5=0.4341 depth_below=0 depth_at=0 book_ok=True
2026-05-16 21:00:23,299 DEBUG signal_engine Family C capture skip_2026-05-16_823627_5.5_114410: ask_v5=0.001436 ask_v30=0.000612 mid_drift=0.005 spread_ratio=1.2 ask_vol=0.013038 buffer_n=120 window_30s_n=5
2026-05-16 21:00:36,045 DEBUG signal_engine Skip CHC@CWS line=10.5: blowout/blowout-adjacent gate (trailing=1 lead=7 inn=6 blowout_min=6 adj_min=4 mode=enforce arm=strict_block relax_pass=False) -- Poisson FV unreliable when trailing team shut out late
2026-05-16 21:00:36,114 DEBUG signal_engine Tape capture skip_2026-05-16_824600_10.5_114458: trades_5s=0 trades_30s=0 signed_30s=None ltp_ask_gap_3=0.1197 stale=520.046s raw_n=100 fetch_ok=True
2026-05-16 21:00:36,223 DEBUG signal_engine Family B capture skip_2026-05-16_824600_10.5_114458: ask_touch=13.0 bid_touch=2.25 imb1=0.1475 imb5=0.3952 depth_below=13.0 depth_at=13.0 book_ok=True
2026-05-16 21:00:36,224 DEBUG signal_engine Family C capture skip_2026-05-16_824600_10.5_114458: ask_v5=-0.00157 ask_v30=-0.001524 mid_drift=-0.025 spread_ratio=0.4545 ask_vol=0.008367 buffer_n=120 window_30s_n=5
2026-05-16 21:01:21,441 INFO mlb_poly_monitor STOP monitoring game 824435 (CIN@CLE, state=Final)
2026-05-16 21:01:26,570 DEBUG signal_engine Gate 8e conditional relax APPLIED CHC@CWS line=10.5 (mode=enforce arm=enforce trail=1 lead=7 inn=6 ask=0.760 rn=1.50)
2026-05-16 21:01:26,779 DEBUG signal_engine Tape capture skip_2026-05-16_824600_10.5_114706: trades_5s=0 trades_30s=0 signed_30s=None ltp_ask_gap_3=-0.0033 stale=271.57s raw_n=100 fetch_ok=True
2026-05-16 21:01:26,894 DEBUG signal_engine Family B capture skip_2026-05-16_824600_10.5_114706: ask_touch=24.0 bid_touch=12.0 imb1=0.3333 imb5=0.4614 depth_below=0 depth_at=0 book_ok=True
2026-05-16 21:01:26,896 DEBUG signal_engine Family C capture skip_2026-05-16_824600_10.5_114706: ask_v5=0.00179 ask_v30=0.000642 mid_drift=0.01 spread_ratio=1.1111 ask_vol=0.008367 buffer_n=120 window_30s_n=5
2026-05-16 21:01:26,904 INFO signal_engine SETTLED [2026-05-16_824435_7.5_0003] CIN@CLE O/U 7.5 OVER  final=4-7 (total=11 vs line=7.5)  WON  profit=$2.50
2026-05-16 21:01:26,914 INFO live_engine === ORDER LIFECYCLE SUMMARY (2026-05-16) -- placed=8 filled=8 (100%) never_filled=0 other_cancel=0 reserved_on_misses=$0.00 ===
2026-05-16 21:01:26,914 INFO live_engine === GAME SUMMARY (2026-05-16) ===
2026-05-16 21:01:26,914 INFO live_engine   BAL@WSH  final=3-13 (total=16) | O8.5(FILL,W,+6.13)  O10.5(FILL,W,+4.28)
2026-05-16 21:01:26,914 INFO live_engine   CIN@CLE  final=4-7 (total=11) | O7.5(FILL,W,+2.50)
2026-05-16 21:01:26,914 INFO live_engine SETTLED [2026-05-16_824435_7.5_0003] CIN@CLE O/U 7.5 WIN | status=filled  FILLED  profit=+2.50 | final_total=11 (needed 7.5) | fv=0.984  limit=0.800  edge=0.174  S2=-0.271  S3=+0.009  ask_drop_5s=-0.050
2026-05-16 21:01:32,443 DEBUG signal_engine Skip BOS@ATL line=5.5: extreme edge in any inning (edge=0.365 > threshold=0.220  inn=8) - phantom-run risk
2026-05-16 21:01:32,532 DEBUG signal_engine Tape capture skip_2026-05-16_824924_5.5_114740: trades_5s=0 trades_30s=0 signed_30s=None ltp_ask_gap_3=0.2997 stale=576.441s raw_n=100 fetch_ok=True
2026-05-16 21:01:32,668 DEBUG signal_engine Family B capture skip_2026-05-16_824924_5.5_114740: ask_touch=82.0 bid_touch=10.0 imb1=0.1087 imb5=0.2976 depth_below=0 depth_at=0 book_ok=True
2026-05-16 21:01:32,669 DEBUG signal_engine Family C capture skip_2026-05-16_824924_5.5_114740: ask_v5=0.010831 ask_v30=0.002287 mid_drift=0.02 spread_ratio=2.1429 ask_vol=0.032404 buffer_n=120 window_30s_n=5
2026-05-16 21:01:38,204 DEBUG signal_engine Skip NYY@NYM line=8.5: inning 5 bullpen-transition dead zone (rn=3.5 >= threshold 2.5) -- same rn at inn4 is 6W/0L
2026-05-16 21:01:38,393 DEBUG signal_engine Tape capture skip_2026-05-16_823627_8.5_114766: trades_5s=0 trades_30s=0 signed_30s=None ltp_ask_gap_3=0.1367 stale=283.205s raw_n=100 fetch_ok=True
2026-05-16 21:01:38,518 DEBUG signal_engine Family B capture skip_2026-05-16_823627_8.5_114766: ask_touch=1697.52 bid_touch=599.0 imb1=0.2608 imb5=0.6325 depth_below=1697.52 depth_at=1697.52 book_ok=True
2026-05-16 21:01:38,521 DEBUG signal_engine Family C capture skip_2026-05-16_823627_8.5_114766: ask_v5=0.005204 ask_v30=0.001334 mid_drift=0.025 spread_ratio=1.6552 ask_vol=0.017224 buffer_n=120 window_30s_n=6
2026-05-16 21:02:22,853 DEBUG signal_engine Skip SD@SEA line=8.5: extreme edge in any inning (edge=0.336 > threshold=0.220  inn=6) - phantom-run risk
2026-05-16 21:02:22,931 DEBUG signal_engine Tape capture skip_2026-05-16_823139_8.5_115013: trades_5s=0 trades_30s=0 signed_30s=None ltp_ask_gap_3=0.1367 stale=327.851s raw_n=100 fetch_ok=True
2026-05-16 21:02:23,041 DEBUG signal_engine Family B capture skip_2026-05-16_823139_8.5_115013: ask_touch=42.0 bid_touch=8.0 imb1=0.16 imb5=0.7306 depth_below=0 depth_at=0 book_ok=True
2026-05-16 21:02:23,043 DEBUG signal_engine Family C capture skip_2026-05-16_823139_8.5_115013: ask_v5=0.007243 ask_v30=0.001084 mid_drift=-0.005 spread_ratio=2.8421 ask_vol=0.015492 buffer_n=120 window_30s_n=6
2026-05-16 21:02:34,197 DEBUG signal_engine Skip CHC@CWS line=11.5: inning 6 setup-reliever dead zone (rn=2.5 >= threshold 2.5) -- 5yr backtest: 63% WR on 1569 bets
2026-05-16 21:02:34,376 DEBUG signal_engine Tape capture skip_2026-05-16_824600_11.5_115073: trades_5s=0 trades_30s=0 signed_30s=None ltp_ask_gap_3=-0.0596 stale=82.197s raw_n=100 fetch_ok=True
2026-05-16 21:02:34,489 DEBUG signal_engine Family B capture skip_2026-05-16_824600_11.5_115073: ask_touch=8.0 bid_touch=6343.86 imb1=0.9987 imb5=0.5506 depth_below=0 depth_at=0 book_ok=True
2026-05-16 21:02:34,492 DEBUG signal_engine Family C capture skip_2026-05-16_824600_11.5_115073: ask_v5=0.00713 ask_v30=0.001432 mid_drift=0.03 spread_ratio=1.7143 ask_vol=0.01633 buffer_n=120 window_30s_n=6
2026-05-16 21:03:35,631 DEBUG signal_engine Skip CHC@CWS line=10.5: blowout/blowout-adjacent gate (trailing=1 lead=7 inn=6 blowout_min=6 adj_min=4 mode=enforce arm=strict_block relax_pass=False) -- Poisson FV unreliable when trailing team shut out late
2026-05-16 21:03:35,734 DEBUG signal_engine Tape capture skip_2026-05-16_824600_10.5_115418: trades_5s=0 trades_30s=0 signed_30s=None ltp_ask_gap_3=0.0467 stale=400.631s raw_n=100 fetch_ok=True
2026-05-16 21:03:35,846 DEBUG signal_engine Family B capture skip_2026-05-16_824600_10.5_115418: ask_touch=1059.04 bid_touch=45.0 imb1=0.0408 imb5=0.0633 depth_below=0 depth_at=0 book_ok=True
2026-05-16 21:03:35,849 DEBUG signal_engine Family C capture skip_2026-05-16_824600_10.5_115418: ask_v5=-0.03415 ask_v30=-0.002158 mid_drift=-0.06 spread_ratio=0.3484 ask_vol=0.08025 buffer_n=120 window_30s_n=6
2026-05-16 21:03:41,466 DEBUG signal_engine Skip NYY@NYM line=6.5: Gate 8f saturation (base_fv=0.992 >= threshold=0.990) ask=0.880 | market CONFIRMS (ask>=0.85, likely real run)
2026-05-16 21:03:41,545 DEBUG signal_engine Tape capture skip_2026-05-16_823627_6.5_115455: trades_5s=0 trades_30s=0 signed_30s=None ltp_ask_gap_3=-0.1233 stale=406.466s raw_n=100 fetch_ok=True
2026-05-16 21:03:41,680 DEBUG signal_engine Family B capture skip_2026-05-16_823627_6.5_115455: ask_touch=246.0 bid_touch=15.0 imb1=0.0575 imb5=0.5563 depth_below=0 depth_at=0 book_ok=True
2026-05-16 21:03:41,682 DEBUG signal_engine Family C capture skip_2026-05-16_823627_6.5_115455: ask_v5=0.0 ask_v30=-0.000712 mid_drift=-0.01 spread_ratio=0.6316 ask_vol=0.022286 buffer_n=120 window_30s_n=6
2026-05-16 21:05:21,978 DEBUG signal_engine Tape capture skip_2026-05-16_823627_6.5_115972: trades_5s=0 trades_30s=0 signed_30s=None ltp_ask_gap_3=-0.1033 stale=506.87s raw_n=100 fetch_ok=True
2026-05-16 21:05:22,095 DEBUG signal_engine Family B capture skip_2026-05-16_823627_6.5_115972: ask_touch=1556.3 bid_touch=1811.3 imb1=0.5379 imb5=0.4954 depth_below=0 depth_at=0 book_ok=True
2026-05-16 21:05:22,098 DEBUG signal_engine Family C capture skip_2026-05-16_823627_6.5_115972: ask_v5=-0.003573 ask_v30=-0.001438 mid_drift=-0.025 spread_ratio=0.7273 ask_vol=0.013663 buffer_n=120 window_30s_n=6
2026-05-16 21:05:22,100 DEBUG signal_engine Skip CHC@CWS line=10.5: blowout/blowout-adjacent gate (trailing=1 lead=7 inn=7 blowout_min=6 adj_min=4 mode=enforce arm=strict_block relax_pass=False) -- Poisson FV unreliable when trailing team shut out late
2026-05-16 21:05:22,203 DEBUG signal_engine Tape capture skip_2026-05-16_824600_10.5_115976: trades_5s=0 trades_30s=0 signed_30s=None ltp_ask_gap_3=0.0867 stale=507.101s raw_n=100 fetch_ok=True
2026-05-16 21:05:22,328 DEBUG signal_engine Family B capture skip_2026-05-16_824600_10.5_115976: ask_touch=500.0 bid_touch=137.0 imb1=0.2151 imb5=0.6346 depth_below=0 depth_at=0 book_ok=True
2026-05-16 21:05:22,329 DEBUG signal_engine Family C capture skip_2026-05-16_824600_10.5_115976: ask_v5=0.0 ask_v30=0.0 mid_drift=0.005 spread_ratio=0.7059 ask_vol=0.0 buffer_n=120 window_30s_n=6
2026-05-16 21:05:22,341 DEBUG signal_engine Skip NYY@NYM line=5.5: Gate 8f saturation (base_fv=0.998 >= threshold=0.990) ask=0.930 | market CONFIRMS (ask>=0.85, likely real run)
2026-05-16 21:05:22,437 DEBUG signal_engine Tape capture skip_2026-05-16_823627_5.5_115998: trades_5s=0 trades_30s=0 signed_30s=None ltp_ask_gap_3=-0.1733 stale=507.342s raw_n=100 fetch_ok=True
2026-05-16 21:05:22,548 DEBUG signal_engine Family B capture skip_2026-05-16_823627_5.5_115998: ask_touch=255.0 bid_touch=500.0 imb1=0.6623 imb5=0.4086 depth_below=255.0 depth_at=255.0 book_ok=True
2026-05-16 21:05:22,550 DEBUG signal_engine Family C capture skip_2026-05-16_823627_5.5_115998: ask_v5=-0.004941 ask_v30=-0.00106 mid_drift=-0.02 spread_ratio=0.75 ask_vol=0.012111 buffer_n=120 window_30s_n=6
2026-05-16 21:07:36,130 DEBUG signal_engine Skip NYY@NYM line=8.5: inning 5 bullpen-transition dead zone (rn=3.5 >= threshold 2.5) -- same rn at inn4 is 6W/0L
2026-05-16 21:07:36,322 DEBUG signal_engine Tape capture skip_2026-05-16_823627_8.5_116715: trades_5s=0 trades_30s=0 signed_30s=None ltp_ask_gap_3=-0.2617 stale=39.129s raw_n=100 fetch_ok=True
2026-05-16 21:07:36,436 DEBUG signal_engine Family B capture skip_2026-05-16_823627_8.5_116715: ask_touch=6250.0 bid_touch=7587.04 imb1=0.5483 imb5=0.5402 depth_below=6250.0 depth_at=0 book_ok=True
2026-05-16 21:07:36,439 DEBUG signal_engine Family C capture skip_2026-05-16_823627_8.5_116715: ask_v5=0.005326 ask_v30=0.001077 mid_drift=0.015 spread_ratio=1.6364 ask_vol=0.012111 buffer_n=120 window_30s_n=6
2026-05-16 21:07:47,555 DEBUG signal_engine Gate 8e conditional relax APPLIED CHC@CWS line=10.5 (mode=enforce arm=enforce trail=1 lead=7 inn=7 ask=0.790 rn=1.50)
2026-05-16 21:07:47,738 DEBUG signal_engine Tape capture skip_2026-05-16_824600_10.5_116785: trades_5s=0 trades_30s=0 signed_30s=None ltp_ask_gap_3=-0.4417 stale=50.555s raw_n=100 fetch_ok=True
2026-05-16 21:07:47,852 DEBUG signal_engine Family B capture skip_2026-05-16_824600_10.5_116785: ask_touch=12.0 bid_touch=8.0 imb1=0.4 imb5=0.4551 depth_below=0 depth_at=0 book_ok=True
2026-05-16 21:07:47,853 DEBUG signal_engine Family C capture skip_2026-05-16_824600_10.5_116785: ask_v5=-0.012599 ask_v30=0.00213 mid_drift=0.04 spread_ratio=1.1077 ask_vol=0.056362 buffer_n=120 window_30s_n=6
2026-05-16 21:08:04,915 DEBUG mlb_poly_monitor Schedule refreshed for 2026-05-16: 15 games (6 live, 7 final; unchanged)
2026-05-16 21:08:10,040 DEBUG signal_engine Skip CHC@CWS line=11.5: blowout/blowout-adjacent gate (trailing=1 lead=7 inn=7 blowout_min=6 adj_min=4 mode=enforce arm=strict_block relax_pass=False) -- Poisson FV unreliable when trailing team shut out late
2026-05-16 21:08:10,236 DEBUG signal_engine Tape capture skip_2026-05-16_824600_11.5_116880: trades_5s=0 trades_30s=0 signed_30s=None ltp_ask_gap_3=-0.2617 stale=73.041s raw_n=100 fetch_ok=True
2026-05-16 21:08:10,348 DEBUG signal_engine Family B capture skip_2026-05-16_824600_11.5_116880: ask_touch=4757.5 bid_touch=4649.0 imb1=0.4942 imb5=0.4871 depth_below=4757.5 depth_at=4757.5 book_ok=True
2026-05-16 21:08:10,349 DEBUG signal_engine Family C capture skip_2026-05-16_824600_11.5_116880: ask_v5=0.003583 ask_v30=0.000713 mid_drift=0.03 spread_ratio=0.6667 ask_vol=0.008165 buffer_n=120 window_30s_n=6
2026-05-16 21:08:15,997 INFO live_engine Calibrated-stake [SHADOW] CHC@CWS line=10.5 calibrated_edge=-0.0721 multiplier=0.500 base=$10.00 -> stake=$10.00 (shadow only -- stake unchanged)
2026-05-16 21:08:15,997 INFO live_engine EV policy [SHADOW] CHC@CWS line=10.5 allow=False p_win=0.655 p_fill=0.615 ev_if_filled=-1.02 ev_per_stake=-0.0628
2026-05-16 21:08:15,998 INFO live_engine Correlated-line count cap (2) hit for CHC@CWS -- skipping line=10.5 (existing lines: ['7.5', '9.5'])
2026-05-16 21:08:21,640 INFO live_engine Calibrated-stake [SHADOW] CHC@CWS line=10.5 calibrated_edge=-0.0721 multiplier=0.500 base=$10.00 -> stake=$10.00 (shadow only -- stake unchanged)
2026-05-16 21:08:21,640 INFO live_engine EV policy [SHADOW] CHC@CWS line=10.5 allow=False p_win=0.657 p_fill=0.617 ev_if_filled=-1.00 ev_per_stake=-0.0614
2026-05-16 21:08:21,640 INFO live_engine Correlated-line count cap (2) hit for CHC@CWS -- skipping line=10.5 (existing lines: ['7.5', '9.5'])
2026-05-16 21:08:27,287 INFO live_engine Calibrated-stake [SHADOW] CHC@CWS line=10.5 calibrated_edge=-0.0721 multiplier=0.500 base=$10.00 -> stake=$10.00 (shadow only -- stake unchanged)
2026-05-16 21:08:27,287 INFO live_engine EV policy [SHADOW] CHC@CWS line=10.5 allow=False p_win=0.653 p_fill=0.618 ev_if_filled=-0.93 ev_per_stake=-0.0573
2026-05-16 21:08:27,288 INFO live_engine Correlated-line count cap (2) hit for CHC@CWS -- skipping line=10.5 (existing lines: ['7.5', '9.5'])
2026-05-16 21:08:49,670 INFO live_engine Calibrated-stake [SHADOW] CHC@CWS line=10.5 calibrated_edge=-0.0821 multiplier=0.500 base=$10.00 -> stake=$10.00 (shadow only -- stake unchanged)
2026-05-16 21:08:49,673 INFO live_engine EV policy [SHADOW] CHC@CWS line=10.5 allow=False p_win=0.677 p_fill=0.673 ev_if_filled=-0.85 ev_per_stake=-0.0573
2026-05-16 21:08:49,674 INFO live_engine Correlated-line count cap (2) hit for CHC@CWS -- skipping line=10.5 (existing lines: ['7.5', '9.5'])
2026-05-16 21:08:55,360 INFO live_engine Calibrated-stake [SHADOW] CHC@CWS line=10.5 calibrated_edge=-0.0821 multiplier=0.500 base=$10.00 -> stake=$10.00 (shadow only -- stake unchanged)
2026-05-16 21:08:55,364 INFO live_engine EV policy [SHADOW] CHC@CWS line=10.5 allow=False p_win=0.679 p_fill=0.675 ev_if_filled=-0.82 ev_per_stake=-0.0556
2026-05-16 21:08:55,365 INFO live_engine Correlated-line count cap (2) hit for CHC@CWS -- skipping line=10.5 (existing lines: ['7.5', '9.5'])
2026-05-16 21:10:13,354 DEBUG signal_engine Skip NYY@NYM line=9.5: runs_needed=4.5 > max=3.5 (total=5)
2026-05-16 21:10:13,584 DEBUG signal_engine Tape capture skip_2026-05-16_823627_9.5_117545: trades_5s=0 trades_30s=0 signed_30s=None ltp_ask_gap_3=-0.3517 stale=196.354s raw_n=100 fetch_ok=True
2026-05-16 21:10:13,702 DEBUG signal_engine Family B capture skip_2026-05-16_823627_9.5_117545: ask_touch=8.0 bid_touch=17481.37 imb1=0.9995 imb5=0.4521 depth_below=0 depth_at=0 book_ok=True
2026-05-16 21:10:13,703 DEBUG signal_engine Family C capture skip_2026-05-16_823627_9.5_117545: ask_v5=0.0 ask_v30=0.003946 mid_drift=0.25 spread_ratio=0.1237 ask_vol=0.119122 buffer_n=120 window_30s_n=6
2026-05-16 21:10:52,876 DEBUG signal_engine Tape capture skip_2026-05-16_823139_9.5_117730: trades_5s=0 trades_30s=0 signed_30s=None ltp_ask_gap_3=-0.4117 stale=235.669s raw_n=100 fetch_ok=True
2026-05-16 21:10:53,010 DEBUG signal_engine Family B capture skip_2026-05-16_823139_9.5_117730: ask_touch=29.4 bid_touch=20.0 imb1=0.4049 imb5=0.9827 depth_below=0 depth_at=0 book_ok=True
2026-05-16 21:10:53,012 DEBUG signal_engine Family C capture skip_2026-05-16_823139_9.5_117730: ask_v5=0.0 ask_v30=0.015112 mid_drift=0.38 spread_ratio=1.102 ask_vol=0.221307 buffer_n=120 window_30s_n=6
2026-05-16 21:11:32,155 DEBUG signal_engine Tape capture skip_2026-05-16_823627_8.5_117935: trades_5s=0 trades_30s=0 signed_30s=None ltp_ask_gap_3=-0.4717 stale=275.057s raw_n=100 fetch_ok=True
2026-05-16 21:11:32,272 DEBUG signal_engine Family B capture skip_2026-05-16_823627_8.5_117935: ask_touch=12.0 bid_touch=263.0 imb1=0.9564 imb5=0.702 depth_below=0 depth_at=0 book_ok=True
2026-05-16 21:11:32,274 DEBUG signal_engine Family C capture skip_2026-05-16_823627_8.5_117935: ask_v5=0.003559 ask_v30=-0.003945 mid_drift=0.11 spread_ratio=0.4773 ask_vol=0.050596 buffer_n=120 window_30s_n=6
2026-05-16 21:11:32,275 DEBUG signal_engine Skip CHC@CWS line=10.5: blowout/blowout-adjacent gate (trailing=1 lead=7 inn=7 blowout_min=6 adj_min=4 mode=enforce arm=strict_block relax_pass=False) -- Poisson FV unreliable when trailing team shut out late
2026-05-16 21:11:32,370 DEBUG signal_engine Tape capture skip_2026-05-16_824600_10.5_117938: trades_5s=0 trades_30s=0 signed_30s=None ltp_ask_gap_3=-0.3817 stale=275.276s raw_n=100 fetch_ok=True
2026-05-16 21:11:32,482 DEBUG signal_engine Family B capture skip_2026-05-16_824600_10.5_117938: ask_touch=61.0 bid_touch=20.0 imb1=0.2469 imb5=0.1808 depth_below=0 depth_at=0 book_ok=True
2026-05-16 21:11:32,486 DEBUG signal_engine Family C capture skip_2026-05-16_824600_10.5_117938: ask_v5=0.001713 ask_v30=0.000712 mid_drift=0.005 spread_ratio=0.871 ask_vol=0.065625 buffer_n=120 window_30s_n=6
2026-05-16 21:11:32,490 DEBUG signal_engine Skip NYY@NYM line=9.5: inning 5 bullpen-transition dead zone (rn=2.5 >= threshold 2.5) -- same rn at inn4 is 6W/0L
2026-05-16 21:11:32,574 DEBUG signal_engine Tape capture skip_2026-05-16_823627_9.5_117946: trades_5s=0 trades_30s=0 signed_30s=None ltp_ask_gap_3=-0.3017 stale=275.49s raw_n=100 fetch_ok=True
2026-05-16 21:11:32,691 DEBUG signal_engine Family B capture skip_2026-05-16_823627_9.5_117946: ask_touch=49.0 bid_touch=255.0 imb1=0.8388 imb5=0.1166 depth_below=0 depth_at=0 book_ok=True
2026-05-16 21:11:32,695 DEBUG signal_engine Family C capture skip_2026-05-16_823627_9.5_117946: ask_v5=0.0 ask_v30=-0.011648 mid_drift=0.045 spread_ratio=0.2609 ask_vol=0.132124 buffer_n=120 window_30s_n=6
2026-05-16 21:11:38,359 INFO live_engine Calibrated-stake [SHADOW] NYY@NYM line=8.5 calibrated_edge=-0.1099 multiplier=0.500 base=$10.00 -> stake=$10.00 (shadow only -- stake unchanged)
2026-05-16 21:11:38,361 INFO live_engine EV policy [SHADOW] NYY@NYM line=8.5 allow=False p_win=0.660 p_fill=0.680 ev_if_filled=-1.54 ev_per_stake=-0.1045
2026-05-16 21:11:38,362 INFO live_engine Correlated-line spacing cap hit for NYY@NYM (line=8.5 within 1.5 of existing line=7.5) -- skipping
2026-05-16 21:11:49,465 DEBUG signal_engine Gate 8e conditional relax APPLIED CHC@CWS line=10.5 (mode=enforce arm=enforce trail=1 lead=7 inn=7 ask=0.740 rn=1.50)
2026-05-16 21:11:49,583 INFO live_engine Calibrated-stake [SHADOW] CHC@CWS line=10.5 calibrated_edge=-0.0521 multiplier=0.500 base=$10.00 -> stake=$10.00 (shadow only -- stake unchanged)
2026-05-16 21:11:49,585 INFO live_engine EV policy [SHADOW] CHC@CWS line=10.5 allow=False p_win=0.623 p_fill=0.688 ev_if_filled=-1.23 ev_per_stake=-0.0848
2026-05-16 21:11:49,587 INFO live_engine Correlated-line count cap (2) hit for CHC@CWS -- skipping line=10.5 (existing lines: ['7.5', '9.5'])
2026-05-16 21:11:55,307 INFO live_engine Calibrated-stake [SHADOW] CHC@CWS line=10.5 calibrated_edge=-0.0521 multiplier=0.500 base=$10.00 -> stake=$10.00 (shadow only -- stake unchanged)
2026-05-16 21:11:55,310 INFO live_engine EV policy [SHADOW] CHC@CWS line=10.5 allow=False p_win=0.622 p_fill=0.688 ev_if_filled=-1.24 ev_per_stake=-0.0855
2026-05-16 21:11:55,310 INFO live_engine Correlated-line count cap (2) hit for CHC@CWS -- skipping line=10.5 (existing lines: ['7.5', '9.5'])
2026-05-16 21:12:00,985 INFO live_engine Calibrated-stake [SHADOW] CHC@CWS line=10.5 calibrated_edge=-0.0521 multiplier=0.500 base=$10.00 -> stake=$10.00 (shadow only -- stake unchanged)
2026-05-16 21:12:00,986 INFO live_engine EV policy [SHADOW] CHC@CWS line=10.5 allow=False p_win=0.619 p_fill=0.688 ev_if_filled=-1.16 ev_per_stake=-0.0800
2026-05-16 21:12:00,987 INFO live_engine Correlated-line count cap (2) hit for CHC@CWS -- skipping line=10.5 (existing lines: ['7.5', '9.5'])
2026-05-16 21:12:06,612 DEBUG signal_engine Skip NYY@NYM line=9.5: inning 5 bullpen-transition dead zone (rn=2.5 >= threshold 2.5) -- same rn at inn4 is 6W/0L
2026-05-16 21:12:06,701 DEBUG signal_engine Tape capture skip_2026-05-16_823627_9.5_118089: trades_5s=0 trades_30s=0 signed_30s=None ltp_ask_gap_3=-0.2517 stale=309.612s raw_n=100 fetch_ok=True
2026-05-16 21:12:06,827 DEBUG signal_engine Family B capture skip_2026-05-16_823627_9.5_118089: ask_touch=99.0 bid_touch=255.0 imb1=0.7203 imb5=0.4155 depth_below=0 depth_at=0 book_ok=True
2026-05-16 21:12:06,828 DEBUG signal_engine Family C capture skip_2026-05-16_823627_9.5_118089: ask_v5=-0.008889 ask_v30=-0.002115 mid_drift=-0.045 spread_ratio=0.5 ask_vol=0.022583 buffer_n=120 window_30s_n=6
2026-05-16 21:12:06,953 INFO live_engine Calibrated-stake [SHADOW] NYY@NYM line=8.5 calibrated_edge=-0.0802 multiplier=0.500 base=$10.00 -> stake=$10.00 (shadow only -- stake unchanged)
2026-05-16 21:12:06,953 INFO live_engine EV policy [SHADOW] NYY@NYM line=8.5 allow=False p_win=0.627 p_fill=0.686 ev_if_filled=-1.75 ev_per_stake=-0.1200
2026-05-16 21:12:06,954 INFO live_engine Correlated-line spacing cap hit for NYY@NYM (line=8.5 within 1.5 of existing line=7.5) -- skipping
2026-05-16 21:12:06,961 DEBUG signal_engine Skip SD@SEA line=9.5: Gate 8f saturation (base_fv=1.000 >= threshold=0.990) ask=0.750 | market AMBIGUOUS
2026-05-16 21:12:07,069 DEBUG signal_engine Tape capture skip_2026-05-16_823139_9.5_118116: trades_5s=0 trades_30s=0 signed_30s=None ltp_ask_gap_3=-0.4017 stale=309.96s raw_n=100 fetch_ok=True
2026-05-16 21:12:07,182 DEBUG signal_engine Family B capture skip_2026-05-16_823139_9.5_118116: ask_touch=5.4 bid_touch=8.0 imb1=0.597 imb5=0.713 depth_below=0 depth_at=0 book_ok=True
2026-05-16 21:12:07,187 DEBUG signal_engine Family C capture skip_2026-05-16_823139_9.5_118116: ask_v5=0.0 ask_v30=0.0 mid_drift=0.0 spread_ratio=1.0 ask_vol=0.0 buffer_n=120 window_30s_n=6
2026-05-16 21:12:12,810 DEBUG signal_engine Tape capture skip_2026-05-16_824600_10.5_118119: trades_5s=0 trades_30s=0 signed_30s=None ltp_ask_gap_3=-0.4317 stale=315.736s raw_n=100 fetch_ok=True
2026-05-16 21:12:12,937 DEBUG signal_engine Family B capture skip_2026-05-16_824600_10.5_118119: ask_touch=33.0 bid_touch=8.0 imb1=0.1951 imb5=0.5846 depth_below=0 depth_at=0 book_ok=True
2026-05-16 21:12:12,939 DEBUG signal_engine Family C capture skip_2026-05-16_824600_10.5_118119: ask_v5=-0.016956 ask_v30=0.002082 mid_drift=0.06 spread_ratio=0.7059 ask_vol=0.058878 buffer_n=120 window_30s_n=6
2026-05-16 21:12:12,942 DEBUG signal_engine Skip CHC@CWS line=11.5: blowout/blowout-adjacent gate (trailing=1 lead=7 inn=7 blowout_min=6 adj_min=4 mode=enforce arm=strict_block relax_pass=False) -- Poisson FV unreliable when trailing team shut out late
2026-05-16 21:12:13,033 DEBUG signal_engine Tape capture skip_2026-05-16_824600_11.5_118124: trades_5s=0 trades_30s=0 signed_30s=None ltp_ask_gap_3=-0.2717 stale=315.942s raw_n=100 fetch_ok=True
2026-05-16 21:12:13,148 DEBUG signal_engine Family B capture skip_2026-05-16_824600_11.5_118124: ask_touch=33.0 bid_touch=12.0 imb1=0.2667 imb5=0.376 depth_below=0 depth_at=0 book_ok=True
2026-05-16 21:12:13,152 DEBUG signal_engine Family C capture skip_2026-05-16_824600_11.5_118124: ask_v5=-0.008183 ask_v30=0.003101 mid_drift=0.095 spread_ratio=0.6761 ask_vol=0.059133 buffer_n=120 window_30s_n=6
2026-05-16 21:12:13,269 INFO live_engine Calibrated-stake [SHADOW] NYY@NYM line=8.5 calibrated_edge=-0.1002 multiplier=0.500 base=$10.00 -> stake=$10.00 (shadow only -- stake unchanged)
2026-05-16 21:12:13,270 INFO live_engine EV policy [SHADOW] NYY@NYM line=8.5 allow=False p_win=0.644 p_fill=0.679 ev_if_filled=-1.64 ev_per_stake=-0.1113
2026-05-16 21:12:13,270 INFO live_engine Correlated-line spacing cap hit for NYY@NYM (line=8.5 within 1.5 of existing line=7.5) -- skipping
2026-05-16 21:12:18,959 INFO live_engine Calibrated-stake [SHADOW] NYY@NYM line=8.5 calibrated_edge=-0.1002 multiplier=0.500 base=$10.00 -> stake=$10.00 (shadow only -- stake unchanged)
2026-05-16 21:12:18,959 INFO live_engine EV policy [SHADOW] NYY@NYM line=8.5 allow=False p_win=0.647 p_fill=0.684 ev_if_filled=-1.60 ev_per_stake=-0.1092
2026-05-16 21:12:18,959 INFO live_engine Correlated-line spacing cap hit for NYY@NYM (line=8.5 within 1.5 of existing line=7.5) -- skipping
2026-05-16 21:12:24,616 INFO live_engine Calibrated-stake [SHADOW] NYY@NYM line=8.5 calibrated_edge=-0.1002 multiplier=0.500 base=$10.00 -> stake=$10.00 (shadow only -- stake unchanged)
2026-05-16 21:12:24,618 INFO live_engine EV policy [SHADOW] NYY@NYM line=8.5 allow=False p_win=0.647 p_fill=0.684 ev_if_filled=-1.59 ev_per_stake=-0.1088
2026-05-16 21:12:24,619 INFO live_engine Correlated-line spacing cap hit for NYY@NYM (line=8.5 within 1.5 of existing line=7.5) -- skipping
2026-05-16 21:12:30,293 INFO live_engine Skip NYY@NYM line=8.5: fresh execution book invalid (bid=0.670 ask=0.930 spread=0.260 max=0.200)
2026-05-16 21:12:35,975 INFO live_engine Calibrated-stake [SHADOW] CHC@CWS line=10.5 calibrated_edge=-0.0621 multiplier=0.500 base=$10.00 -> stake=$10.00 (shadow only -- stake unchanged)
2026-05-16 21:12:35,976 INFO live_engine EV policy [SHADOW] CHC@CWS line=10.5 allow=False p_win=0.653 p_fill=0.697 ev_if_filled=-1.18 ev_per_stake=-0.0822
2026-05-16 21:12:35,977 INFO live_engine Correlated-line count cap (2) hit for CHC@CWS -- skipping line=10.5 (existing lines: ['7.5', '9.5'])
2026-05-16 21:12:36,445 INFO mlb_poly_monitor START monitoring game 824038 (LAD@LAA, state=Live) — 7 lines ready, 0 deploying
2026-05-16 21:12:55,653 DEBUG mlb_poly_monitor Polling 98 token books (7 active games)
2026-05-16 21:13:01,647 DEBUG mlb_poly_monitor Wrote 98 tick snapshots
2026-05-16 21:13:08,167 INFO live_engine Calibrated-stake [SHADOW] CHC@CWS line=10.5 calibrated_edge=-0.0721 multiplier=0.500 base=$10.00 -> stake=$10.00 (shadow only -- stake unchanged)
2026-05-16 21:13:08,169 INFO live_engine EV policy [SHADOW] CHC@CWS line=10.5 allow=False p_win=0.664 p_fill=0.699 ev_if_filled=-1.03 ev_per_stake=-0.0717
2026-05-16 21:13:08,170 INFO live_engine Correlated-line count cap (2) hit for CHC@CWS -- skipping line=10.5 (existing lines: ['7.5', '9.5'])
2026-05-16 21:13:14,762 INFO live_engine Calibrated-stake [SHADOW] CHC@CWS line=10.5 calibrated_edge=-0.0721 multiplier=0.500 base=$10.00 -> stake=$10.00 (shadow only -- stake unchanged)
2026-05-16 21:13:14,763 INFO live_engine EV policy [SHADOW] CHC@CWS line=10.5 allow=False p_win=0.658 p_fill=0.700 ev_if_filled=-0.99 ev_per_stake=-0.0692
2026-05-16 21:13:14,764 INFO live_engine Correlated-line count cap (2) hit for CHC@CWS -- skipping line=10.5 (existing lines: ['7.5', '9.5'])
2026-05-16 21:13:21,284 INFO live_engine Calibrated-stake [SHADOW] CHC@CWS line=10.5 calibrated_edge=-0.0721 multiplier=0.500 base=$10.00 -> stake=$10.00 (shadow only -- stake unchanged)
2026-05-16 21:13:21,285 INFO live_engine EV policy [SHADOW] CHC@CWS line=10.5 allow=False p_win=0.658 p_fill=0.700 ev_if_filled=-0.99 ev_per_stake=-0.0694
2026-05-16 21:13:21,286 INFO live_engine Correlated-line count cap (2) hit for CHC@CWS -- skipping line=10.5 (existing lines: ['7.5', '9.5'])
2026-05-16 21:13:27,804 INFO live_engine Calibrated-stake [SHADOW] CHC@CWS line=10.5 calibrated_edge=-0.0521 multiplier=0.500 base=$10.00 -> stake=$10.00 (shadow only -- stake unchanged)
2026-05-16 21:13:27,806 INFO live_engine EV policy [SHADOW] CHC@CWS line=10.5 allow=False p_win=0.631 p_fill=0.696 ev_if_filled=-1.23 ev_per_stake=-0.0856
2026-05-16 21:13:27,807 INFO live_engine Correlated-line count cap (2) hit for CHC@CWS -- skipping line=10.5 (existing lines: ['7.5', '9.5'])
2026-05-16 21:13:53,499 DEBUG signal_engine Skip SD@SEA line=8.5: Gate 8f saturation (base_fv=1.000 >= threshold=0.990) ask=0.999 | market CONFIRMS (ask>=0.85, likely real run)
2026-05-16 21:13:53,719 DEBUG signal_engine Tape capture skip_2026-05-16_823139_8.5_118566: trades_5s=0 trades_30s=0 signed_30s=None ltp_ask_gap_3=-0.6223 stale=117.499s raw_n=100 fetch_ok=True
2026-05-16 21:13:53,850 DEBUG signal_engine Family B capture skip_2026-05-16_823139_8.5_118566: ask_touch=50.0 bid_touch=50.52 imb1=0.5026 imb5=0.9538 depth_below=50.0 depth_at=50.0 book_ok=True
2026-05-16 21:13:53,856 DEBUG signal_engine Family C capture skip_2026-05-16_823139_8.5_118566: ask_v5=0.0 ask_v30=None mid_drift=None spread_ratio=0.2 ask_vol=0.0 buffer_n=120 window_30s_n=2
2026-05-16 21:14:58,191 INFO live_engine Skip BOS@ATL line=5.5: fresh execution book missing bid/ask (ok=True bid=None ask=0.65 error=)
2026-05-16 21:15:24,132 DEBUG signal_engine Tape capture skip_2026-05-16_823627_8.5_118972: trades_5s=0 trades_30s=0 signed_30s=None ltp_ask_gap_3=-0.4733 stale=207.901s raw_n=100 fetch_ok=True
2026-05-16 21:15:24,245 DEBUG signal_engine Family B capture skip_2026-05-16_823627_8.5_118972: ask_touch=2327.52 bid_touch=1080.52 imb1=0.3171 imb5=0.4561 depth_below=0 depth_at=0 book_ok=True
2026-05-16 21:15:24,249 DEBUG signal_engine Family C capture skip_2026-05-16_823627_8.5_118972: ask_v5=0.0 ask_v30=-0.004033 mid_drift=-0.005 spread_ratio=0.3636 ask_vol=0.04899 buffer_n=120 window_30s_n=5
2026-05-16 21:15:24,254 DEBUG signal_engine Skip NYY@NYM line=9.5: inning 6 setup-reliever dead zone (rn=2.5 >= threshold 2.5) -- 5yr backtest: 63% WR on 1569 bets
2026-05-16 21:15:24,468 DEBUG signal_engine Tape capture skip_2026-05-16_823627_9.5_118979: trades_5s=0 trades_30s=0 signed_30s=None ltp_ask_gap_3=-0.3133 stale=208.254s raw_n=100 fetch_ok=True
2026-05-16 21:15:24,577 DEBUG signal_engine Family B capture skip_2026-05-16_823627_9.5_118979: ask_touch=13780.49 bid_touch=1550.19 imb1=0.1011 imb5=0.2883 depth_below=0 depth_at=0 book_ok=True
2026-05-16 21:15:24,579 DEBUG signal_engine Family C capture skip_2026-05-16_823627_9.5_118979: ask_v5=0.0 ask_v30=-0.001841 mid_drift=0.005 spread_ratio=0.3846 ask_vol=0.021679 buffer_n=120 window_30s_n=5
2026-05-16 21:15:30,996 DEBUG signal_engine Gate 8e conditional relax APPLIED CHC@CWS line=11.5 (mode=enforce arm=enforce trail=1 lead=7 inn=7 ask=0.740 rn=2.50)
2026-05-16 21:15:31,183 DEBUG signal_engine Tape capture skip_2026-05-16_824600_11.5_119003: trades_5s=0 trades_30s=0 signed_30s=None ltp_ask_gap_3=-0.3633 stale=214.996s raw_n=100 fetch_ok=True
2026-05-16 21:15:31,302 DEBUG signal_engine Family B capture skip_2026-05-16_824600_11.5_119003: ask_touch=20.0 bid_touch=17.0 imb1=0.4595 imb5=0.6671 depth_below=0 depth_at=0 book_ok=True
2026-05-16 21:15:31,306 DEBUG signal_engine Family C capture skip_2026-05-16_824600_11.5_119003: ask_v5=0.001559 ask_v30=0.000304 mid_drift=-0.01 spread_ratio=0.3067 ask_vol=0.05099 buffer_n=120 window_30s_n=5
2026-05-16 21:15:57,140 INFO live_engine Calibrated-stake [SHADOW] CHC@CWS line=10.5 calibrated_edge=-0.0821 multiplier=0.500 base=$10.00 -> stake=$10.00 (shadow only -- stake unchanged)
2026-05-16 21:15:57,143 INFO live_engine EV policy [SHADOW] CHC@CWS line=10.5 allow=False p_win=0.661 p_fill=0.701 ev_if_filled=-0.94 ev_per_stake=-0.0659
2026-05-16 21:15:57,143 INFO live_engine Correlated-line count cap (2) hit for CHC@CWS -- skipping line=10.5 (existing lines: ['7.5', '9.5'])
2026-05-16 21:16:03,673 INFO live_engine Calibrated-stake [SHADOW] CHC@CWS line=10.5 calibrated_edge=-0.0821 multiplier=0.500 base=$10.00 -> stake=$10.00 (shadow only -- stake unchanged)
2026-05-16 21:16:03,676 INFO live_engine EV policy [SHADOW] CHC@CWS line=10.5 allow=False p_win=0.664 p_fill=0.703 ev_if_filled=-0.91 ev_per_stake=-0.0640
2026-05-16 21:16:03,677 INFO live_engine Correlated-line count cap (2) hit for CHC@CWS -- skipping line=10.5 (existing lines: ['7.5', '9.5'])
2026-05-16 21:16:10,208 INFO live_engine Calibrated-stake [SHADOW] CHC@CWS line=10.5 calibrated_edge=-0.0821 multiplier=0.500 base=$10.00 -> stake=$10.00 (shadow only -- stake unchanged)
2026-05-16 21:16:10,209 INFO live_engine EV policy [SHADOW] CHC@CWS line=10.5 allow=False p_win=0.664 p_fill=0.703 ev_if_filled=-0.91 ev_per_stake=-0.0639
2026-05-16 21:16:10,210 INFO live_engine Correlated-line count cap (2) hit for CHC@CWS -- skipping line=10.5 (existing lines: ['7.5', '9.5'])
2026-05-16 21:16:23,194 INFO live_engine Calibrated-stake [SHADOW] CHC@CWS line=10.5 calibrated_edge=-0.0821 multiplier=0.500 base=$10.00 -> stake=$10.00 (shadow only -- stake unchanged)
2026-05-16 21:16:23,197 INFO live_engine EV policy [SHADOW] CHC@CWS line=10.5 allow=False p_win=0.662 p_fill=0.701 ev_if_filled=-0.93 ev_per_stake=-0.0653
2026-05-16 21:16:23,198 INFO live_engine Correlated-line count cap (2) hit for CHC@CWS -- skipping line=10.5 (existing lines: ['7.5', '9.5'])
2026-05-16 21:16:29,690 DEBUG signal_engine Gate 8e conditional relax APPLIED CHC@CWS line=10.5 (mode=enforce arm=enforce trail=1 lead=7 inn=7 ask=0.780 rn=1.50)
2026-05-16 21:16:29,893 DEBUG signal_engine Tape capture skip_2026-05-16_824600_10.5_119276: trades_5s=0 trades_30s=0 signed_30s=None ltp_ask_gap_3=-0.4033 stale=273.691s raw_n=100 fetch_ok=True
2026-05-16 21:16:30,003 DEBUG signal_engine Family B capture skip_2026-05-16_824600_10.5_119276: ask_touch=22.0 bid_touch=97.0 imb1=0.8151 imb5=0.1954 depth_below=0 depth_at=0 book_ok=True
2026-05-16 21:16:30,006 DEBUG signal_engine Family C capture skip_2026-05-16_824600_10.5_119276: ask_v5=0.001514 ask_v30=0.000306 mid_drift=0.02 spread_ratio=1.0227 ask_vol=0.023875 buffer_n=120 window_30s_n=5
2026-05-16 21:16:30,008 DEBUG signal_engine Skip CHC@CWS line=11.5: blowout/blowout-adjacent gate (trailing=1 lead=7 inn=7 blowout_min=6 adj_min=4 mode=enforce arm=strict_block relax_pass=False) -- Poisson FV unreliable when trailing team shut out late
2026-05-16 21:16:30,079 DEBUG signal_engine Tape capture skip_2026-05-16_824600_11.5_119277: trades_5s=0 trades_30s=0 signed_30s=None ltp_ask_gap_3=-0.2233 stale=274.009s raw_n=100 fetch_ok=True
2026-05-16 21:16:30,206 DEBUG signal_engine Family B capture skip_2026-05-16_824600_11.5_119277: ask_touch=5616.69 bid_touch=4657.0 imb1=0.4533 imb5=0.3698 depth_below=0 depth_at=0 book_ok=True
2026-05-16 21:16:30,211 DEBUG signal_engine Family C capture skip_2026-05-16_824600_11.5_119277: ask_v5=-0.001443 ask_v30=-0.000303 mid_drift=0.005 spread_ratio=0.7692 ask_vol=0.019235 buffer_n=120 window_30s_n=5
2026-05-16 21:16:56,037 INFO live_engine Calibrated-stake [SHADOW] CHC@CWS line=10.5 calibrated_edge=-0.0821 multiplier=0.500 base=$10.00 -> stake=$10.00 (shadow only -- stake unchanged)
2026-05-16 21:16:56,040 INFO live_engine EV policy [SHADOW] CHC@CWS line=10.5 allow=False p_win=0.661 p_fill=0.704 ev_if_filled=-0.95 ev_per_stake=-0.0667
2026-05-16 21:16:56,040 INFO live_engine Correlated-line count cap (2) hit for CHC@CWS -- skipping line=10.5 (existing lines: ['7.5', '9.5'])
2026-05-16 21:17:02,520 DEBUG signal_engine Skip CHC@CWS line=10.5: blowout/blowout-adjacent gate (trailing=1 lead=7 inn=7 blowout_min=6 adj_min=4 mode=enforce arm=strict_block relax_pass=False) -- Poisson FV unreliable when trailing team shut out late
2026-05-16 21:17:02,612 DEBUG signal_engine Tape capture skip_2026-05-16_824600_10.5_119438: trades_5s=0 trades_30s=0 signed_30s=None ltp_ask_gap_3=-0.3433 stale=306.52s raw_n=100 fetch_ok=True
2026-05-16 21:17:02,756 DEBUG signal_engine Family B capture skip_2026-05-16_824600_10.5_119438: ask_touch=500.0 bid_touch=1026.04 imb1=0.6724 imb5=0.7999 depth_below=0 depth_at=0 book_ok=True
2026-05-16 21:17:02,760 DEBUG signal_engine Family C capture skip_2026-05-16_824600_10.5_119438: ask_v5=-0.007578 ask_v30=-0.001828 mid_drift=-0.04 spread_ratio=0.2976 ask_vol=0.112472 buffer_n=120 window_30s_n=5
2026-05-16 21:17:09,284 INFO live_engine Calibrated-stake [SHADOW] NYY@NYM line=8.5 calibrated_edge=-0.1004 multiplier=0.500 base=$10.00 -> stake=$10.00 (shadow only -- stake unchanged)
2026-05-16 21:17:09,287 INFO live_engine EV policy [SHADOW] NYY@NYM line=8.5 allow=False p_win=0.680 p_fill=0.652 ev_if_filled=-1.28 ev_per_stake=-0.0833
2026-05-16 21:17:09,288 INFO live_engine Correlated-line spacing cap hit for NYY@NYM (line=8.5 within 1.5 of existing line=7.5) -- skipping
2026-05-16 21:17:09,408 INFO live_engine Calibrated-stake [SHADOW] CHC@CWS line=10.5 calibrated_edge=-0.0821 multiplier=0.500 base=$10.00 -> stake=$10.00 (shadow only -- stake unchanged)
2026-05-16 21:17:09,411 INFO live_engine EV policy [SHADOW] CHC@CWS line=10.5 allow=False p_win=0.681 p_fill=0.702 ev_if_filled=-1.27 ev_per_stake=-0.0892
2026-05-16 21:17:09,411 INFO live_engine Correlated-line count cap (2) hit for CHC@CWS -- skipping line=10.5 (existing lines: ['7.5', '9.5'])
2026-05-16 21:17:15,920 INFO live_engine Calibrated-stake [SHADOW] CHC@CWS line=10.5 calibrated_edge=-0.0521 multiplier=0.500 base=$10.00 -> stake=$10.00 (shadow only -- stake unchanged)
2026-05-16 21:17:15,923 INFO live_engine EV policy [SHADOW] CHC@CWS line=10.5 allow=False p_win=0.618 p_fill=0.696 ev_if_filled=-1.29 ev_per_stake=-0.0901
2026-05-16 21:17:15,923 INFO live_engine Correlated-line count cap (2) hit for CHC@CWS -- skipping line=10.5 (existing lines: ['7.5', '9.5'])
2026-05-16 21:17:28,851 DEBUG live_engine Skip NYY@NYM line=8.5: cannot place resting limit while preserving min edge (ask=0.790 bid=0.780 fv=0.977)
2026-05-16 21:17:35,315 DEBUG signal_engine Skip NYY@NYM line=9.5: inning 6 setup-reliever dead zone (rn=2.5 >= threshold 2.5) -- 5yr backtest: 63% WR on 1569 bets
2026-05-16 21:17:35,424 DEBUG signal_engine Tape capture skip_2026-05-16_823627_9.5_119587: trades_5s=0 trades_30s=0 signed_30s=None ltp_ask_gap_3=-0.2733 stale=339.315s raw_n=100 fetch_ok=True
2026-05-16 21:17:35,539 DEBUG signal_engine Family B capture skip_2026-05-16_823627_9.5_119587: ask_touch=11764.33 bid_touch=15593.02 imb1=0.57 imb5=0.6415 depth_below=0 depth_at=0 book_ok=True
2026-05-16 21:17:35,542 DEBUG signal_engine Family C capture skip_2026-05-16_823627_9.5_119587: ask_v5=0.003037 ask_v30=0.000305 mid_drift=0.0 spread_ratio=1.7391 ask_vol=0.012247 buffer_n=120 window_30s_n=5
2026-05-16 21:17:35,655 DEBUG signal_engine Tape capture skip_2026-05-16_823627_8.5_119596: trades_5s=0 trades_30s=0 signed_30s=None ltp_ask_gap_3=-0.4233 stale=339.547s raw_n=100 fetch_ok=True
2026-05-16 21:17:35,776 DEBUG signal_engine Family B capture skip_2026-05-16_823627_8.5_119596: ask_touch=22258.53 bid_touch=16.0 imb1=0.0007 imb5=0.1805 depth_below=0 depth_at=0 book_ok=True
2026-05-16 21:17:35,783 DEBUG signal_engine Family C capture skip_2026-05-16_823627_8.5_119596: ask_v5=0.001467 ask_v30=0.0 mid_drift=0.01 spread_ratio=1.3043 ask_vol=0.005477 buffer_n=120 window_30s_n=5
2026-05-16 21:17:42,305 DEBUG live_engine Skip NYY@NYM line=8.5: cannot place resting limit while preserving min edge (ask=0.790 bid=0.780 fv=0.970)
2026-05-16 21:17:48,852 INFO live_engine Calibrated-stake [SHADOW] NYY@NYM line=8.5 calibrated_edge=-0.1009 multiplier=0.500 base=$10.00 -> stake=$10.00 (shadow only -- stake unchanged)
2026-05-16 21:17:48,854 INFO live_engine EV policy [SHADOW] NYY@NYM line=8.5 allow=False p_win=0.672 p_fill=0.680 ev_if_filled=-0.91 ev_per_stake=-0.0620
2026-05-16 21:17:48,855 INFO live_engine Correlated-line spacing cap hit for NYY@NYM (line=8.5 within 1.5 of existing line=7.5) -- skipping
2026-05-16 21:18:01,986 DEBUG live_engine Skip NYY@NYM line=8.5: cannot place resting limit while preserving min edge (ask=0.790 bid=0.780 fv=0.970)
2026-05-16 21:18:02,101 INFO live_engine Calibrated-stake [SHADOW] CHC@CWS line=10.5 calibrated_edge=-0.0621 multiplier=0.500 base=$10.00 -> stake=$10.00 (shadow only -- stake unchanged)
2026-05-16 21:18:02,104 INFO live_engine EV policy [SHADOW] CHC@CWS line=10.5 allow=False p_win=0.635 p_fill=0.700 ev_if_filled=-1.18 ev_per_stake=-0.0828
2026-05-16 21:18:02,105 INFO live_engine Correlated-line count cap (2) hit for CHC@CWS -- skipping line=10.5 (existing lines: ['7.5', '9.5'])
2026-05-16 21:18:08,672 INFO live_engine Calibrated-stake [SHADOW] NYY@NYM line=8.5 calibrated_edge=-0.1009 multiplier=0.500 base=$10.00 -> stake=$10.00 (shadow only -- stake unchanged)
2026-05-16 21:18:08,675 INFO live_engine EV policy [SHADOW] NYY@NYM line=8.5 allow=False p_win=0.696 p_fill=0.677 ev_if_filled=-1.30 ev_per_stake=-0.0882
2026-05-16 21:18:08,676 INFO live_engine Correlated-line spacing cap hit for NYY@NYM (line=8.5 within 1.5 of existing line=7.5) -- skipping
2026-05-16 21:18:40,815 DEBUG signal_engine Skip SD@SEA line=9.5: Gate 8f saturation (base_fv=1.000 >= threshold=0.990) ask=0.740 | market AMBIGUOUS
2026-05-16 21:18:41,045 DEBUG signal_engine Tape capture skip_2026-05-16_823139_9.5_119929: trades_5s=0 trades_30s=0 signed_30s=None ltp_ask_gap_3=-0.26 stale=105.816s raw_n=100 fetch_ok=True
2026-05-16 21:18:41,158 DEBUG signal_engine Family B capture skip_2026-05-16_823139_9.5_119929: ask_touch=42.0 bid_touch=12.0 imb1=0.2222 imb5=0.5139 depth_below=0 depth_at=0 book_ok=True
2026-05-16 21:18:41,160 DEBUG signal_engine Family C capture skip_2026-05-16_823139_9.5_119929: ask_v5=0.0 ask_v30=0.0 mid_drift=0.0 spread_ratio=1.0 ask_vol=0.0 buffer_n=120 window_30s_n=5
2026-05-16 21:19:07,235 DEBUG mlb_poly_monitor Schedule state-change rollup for 2026-05-16: changes_total=300 changes_since_last_log=25 games=15 live=7 final=7 states=live=7|final=6:115, live=5|final=1:72, live=5|final=2:30, live=4|final=2:22
2026-05-16 21:19:19,770 INFO live_engine Calibrated-stake [SHADOW] NYY@NYM line=8.5 calibrated_edge=-0.0809 multiplier=0.500 base=$10.00 -> stake=$10.00 (shadow only -- stake unchanged)
2026-05-16 21:19:19,771 INFO live_engine EV policy [SHADOW] NYY@NYM line=8.5 allow=False p_win=0.614 p_fill=0.629 ev_if_filled=-1.82 ev_per_stake=-0.1144
2026-05-16 21:19:19,772 INFO live_engine Correlated-line spacing cap hit for NYY@NYM (line=8.5 within 1.5 of existing line=7.5) -- skipping
2026-05-16 21:19:26,291 INFO live_engine Calibrated-stake [SHADOW] NYY@NYM line=8.5 calibrated_edge=-0.0709 multiplier=0.500 base=$10.00 -> stake=$10.00 (shadow only -- stake unchanged)
2026-05-16 21:19:26,292 INFO live_engine EV policy [SHADOW] NYY@NYM line=8.5 allow=False p_win=0.612 p_fill=0.626 ev_if_filled=-2.05 ev_per_stake=-0.1284
2026-05-16 21:19:26,292 INFO live_engine Correlated-line spacing cap hit for NYY@NYM (line=8.5 within 1.5 of existing line=7.5) -- skipping
2026-05-16 21:19:32,819 INFO live_engine Calibrated-stake [SHADOW] NYY@NYM line=8.5 calibrated_edge=-0.1009 multiplier=0.500 base=$10.00 -> stake=$10.00 (shadow only -- stake unchanged)
2026-05-16 21:19:32,820 INFO live_engine EV policy [SHADOW] NYY@NYM line=8.5 allow=False p_win=0.645 p_fill=0.634 ev_if_filled=-1.73 ev_per_stake=-0.1094
2026-05-16 21:19:32,821 INFO live_engine Correlated-line spacing cap hit for NYY@NYM (line=8.5 within 1.5 of existing line=7.5) -- skipping
2026-05-16 21:19:39,334 INFO live_engine Calibrated-stake [SHADOW] NYY@NYM line=8.5 calibrated_edge=-0.1009 multiplier=0.500 base=$10.00 -> stake=$10.00 (shadow only -- stake unchanged)
2026-05-16 21:19:39,336 INFO live_engine EV policy [SHADOW] NYY@NYM line=8.5 allow=False p_win=0.682 p_fill=0.673 ev_if_filled=-1.26 ev_per_stake=-0.0847
2026-05-16 21:19:39,337 INFO live_engine Correlated-line spacing cap hit for NYY@NYM (line=8.5 within 1.5 of existing line=7.5) -- skipping
2026-05-16 21:19:45,907 INFO live_engine Calibrated-stake [SHADOW] NYY@NYM line=8.5 calibrated_edge=-0.1009 multiplier=0.500 base=$10.00 -> stake=$10.00 (shadow only -- stake unchanged)
2026-05-16 21:19:45,909 INFO live_engine EV policy [SHADOW] NYY@NYM line=8.5 allow=False p_win=0.682 p_fill=0.673 ev_if_filled=-1.26 ev_per_stake=-0.0848
2026-05-16 21:19:45,910 INFO live_engine Correlated-line spacing cap hit for NYY@NYM (line=8.5 within 1.5 of existing line=7.5) -- skipping
2026-05-16 21:19:52,410 INFO live_engine Calibrated-stake [SHADOW] NYY@NYM line=8.5 calibrated_edge=-0.1009 multiplier=0.500 base=$10.00 -> stake=$10.00 (shadow only -- stake unchanged)
2026-05-16 21:19:52,411 INFO live_engine EV policy [SHADOW] NYY@NYM line=8.5 allow=False p_win=0.682 p_fill=0.673 ev_if_filled=-1.26 ev_per_stake=-0.0846
2026-05-16 21:19:52,412 INFO live_engine Correlated-line spacing cap hit for NYY@NYM (line=8.5 within 1.5 of existing line=7.5) -- skipping
2026-05-16 21:19:58,921 INFO live_engine Calibrated-stake [SHADOW] NYY@NYM line=8.5 calibrated_edge=-0.1009 multiplier=0.500 base=$10.00 -> stake=$10.00 (shadow only -- stake unchanged)
2026-05-16 21:19:58,923 INFO live_engine EV policy [SHADOW] NYY@NYM line=8.5 allow=False p_win=0.678 p_fill=0.673 ev_if_filled=-1.20 ev_per_stake=-0.0805
2026-05-16 21:19:58,924 INFO live_engine Correlated-line spacing cap hit for NYY@NYM (line=8.5 within 1.5 of existing line=7.5) -- skipping
2026-05-16 21:20:05,457 INFO live_engine Calibrated-stake [SHADOW] NYY@NYM line=8.5 calibrated_edge=-0.1009 multiplier=0.500 base=$10.00 -> stake=$10.00 (shadow only -- stake unchanged)
2026-05-16 21:20:05,460 INFO live_engine EV policy [SHADOW] NYY@NYM line=8.5 allow=False p_win=0.674 p_fill=0.669 ev_if_filled=-1.25 ev_per_stake=-0.0834
2026-05-16 21:20:05,461 INFO live_engine Correlated-line spacing cap hit for NYY@NYM (line=8.5 within 1.5 of existing line=7.5) -- skipping
2026-05-16 21:20:11,988 INFO live_engine Calibrated-stake [SHADOW] NYY@NYM line=8.5 calibrated_edge=-0.1009 multiplier=0.500 base=$10.00 -> stake=$10.00 (shadow only -- stake unchanged)
2026-05-16 21:20:11,989 INFO live_engine EV policy [SHADOW] NYY@NYM line=8.5 allow=False p_win=0.688 p_fill=0.669 ev_if_filled=-1.40 ev_per_stake=-0.0937
2026-05-16 21:20:11,989 INFO live_engine Correlated-line spacing cap hit for NYY@NYM (line=8.5 within 1.5 of existing line=7.5) -- skipping
2026-05-16 21:20:18,459 DEBUG signal_engine Skip SD@SEA line=9.5: Gate 8f saturation (base_fv=1.000 >= threshold=0.990) ask=0.700 | market AMBIGUOUS
2026-05-16 21:20:18,564 DEBUG signal_engine Tape capture skip_2026-05-16_823139_9.5_120432: trades_5s=0 trades_30s=0 signed_30s=None ltp_ask_gap_3=-0.22 stale=203.459s raw_n=100 fetch_ok=True
2026-05-16 21:20:18,677 DEBUG signal_engine Family B capture skip_2026-05-16_823139_9.5_120432: ask_touch=10.0 bid_touch=12.0 imb1=0.5455 imb5=0.7128 depth_below=0 depth_at=0 book_ok=True
2026-05-16 21:20:18,680 DEBUG signal_engine Family C capture skip_2026-05-16_823139_9.5_120432: ask_v5=0.0 ask_v30=-0.000306 mid_drift=0.005 spread_ratio=0.8621 ask_vol=0.005477 buffer_n=120 window_30s_n=5
2026-05-16 21:20:57,204 DEBUG signal_engine runtime debug rollup: events=1035 unique_keys=70 by_kind={'inference_fallback': 427, 'stage2_adj': 239, 'stage3_adj': 369}
2026-05-16 21:20:57,205 DEBUG signal_engine runtime debug rollup detail kind=stage2_adj count=48 game=NYY@NYM line=6.5 inning=5 state=B5|outs=1|score=2-3|runners=1 source_key=Citi Field example=Stage-2 adj NYY@NYM line=6.5 inn=5: fv=0.988 -> 0.986  (delta=-0.091  weather_source='weather_v2:open-meteo:ok:usable'  park='Citi Field'  temp_bin='65-79F'  wind_bin='out_10plus')
2026-05-16 21:20:57,205 DEBUG signal_engine runtime debug rollup detail kind=stage3_adj count=48 game=NYY@NYM line=6.5 inning=5 state=B5|outs=1|score=2-3|runners=1 source_key=NYY-NYM|2026-05-16 example=Stage-3 adj NYY@NYM line=6.5 inn=5: s1+s2_fv=0.986 -> adj_fv=0.986  (delta=-0.046  away_rpg=4.85  home_rpg=4.37  expected=9.23 vs avg=8.89)
2026-05-16 21:20:57,205 DEBUG signal_engine runtime debug rollup detail kind=inference_fallback count=42 game=CHC@CWS line=10.5 inning=6 state=B6|outs=0|score=1-8|runners=0 source_key=po105 example=inference fallback CHC@CWS line=10.5: cell=1_9_8_B_0_0 level=4 label=near_inning_same_half (line_mode=exact src=po105)
2026-05-16 21:20:57,205 DEBUG signal_engine runtime debug rollup detail kind=inference_fallback count=40 game=TEX@HOU line=5.5 inning=7 state=T7|outs=1|score=1-4|runners=3 source_key=po65 example=inference fallback TEX@HOU line=5.5: cell=2_4_7_T_1_0 level=1 label=bases_empty (line_mode=extrapolate_low src=po65)
2026-05-16 21:20:57,205 DEBUG signal_engine runtime debug rollup detail kind=stage3_adj count=40 game=TEX@HOU line=5.5 inning=7 state=T7|outs=1|score=1-4|runners=3 source_key=TEX-HOU|2026-05-16 example=Stage-3 adj TEX@HOU line=5.5 inn=7: s1+s2_fv=0.983 -> adj_fv=0.983  (delta=-0.033  away_rpg=4.00  home_rpg=4.20  expected=8.20 vs avg=8.89)
2026-05-16 21:20:57,205 DEBUG signal_engine runtime debug rollup detail kind=stage2_adj count=34 game=NYY@NYM line=6.5 inning=5 state=B5|outs=0|score=2-3|runners=0 source_key=Citi Field example=Stage-2 adj NYY@NYM line=6.5 inn=5: fv=0.988 -> 0.987  (delta=-0.091  weather_source='weather_v2:open-meteo:ok:usable'  park='Citi Field'  temp_bin='65-79F'  wind_bin='out_10plus')
2026-05-16 21:20:57,205 DEBUG signal_engine runtime debug rollup detail kind=stage3_adj count=34 game=NYY@NYM line=6.5 inning=5 state=B5|outs=0|score=2-3|runners=0 source_key=NYY-NYM|2026-05-16 example=Stage-3 adj NYY@NYM line=6.5 inn=5: s1+s2_fv=0.987 -> adj_fv=0.986  (delta=-0.046  away_rpg=4.85  home_rpg=4.37  expected=9.23 vs avg=8.89)
2026-05-16 21:20:57,205 DEBUG signal_engine runtime debug rollup detail kind=inference_fallback count=30 game=SD@SEA line=9.5 inning=7 state=T7|outs=2|score=7-2|runners=0 source_key=po95 example=inference fallback SD@SEA line=9.5: cell=8_2_7_T_0_0 level=2 label=same_inning_half_any_outs (line_mode=exact src=po95)
2026-05-16 21:20:57,205 DEBUG signal_engine runtime debug rollup detail kind=inference_fallback count=28 game=NYY@NYM line=5.5 inning=5 state=T5|outs=1|score=1-3|runners=3 source_key=po65 example=inference fallback NYY@NYM line=5.5: cell=2_3_5_T_1_0 level=1 label=bases_empty (line_mode=extrapolate_low src=po65)
2026-05-16 21:20:57,205 DEBUG signal_engine runtime debug rollup detail kind=stage3_adj count=28 game=NYY@NYM line=5.5 inning=5 state=T5|outs=1|score=1-3|runners=3 source_key=NYY-NYM|2026-05-16 example=Stage-3 adj NYY@NYM line=5.5 inn=5: s1+s2_fv=0.983 -> adj_fv=0.982  (delta=-0.046  away_rpg=4.85  home_rpg=4.37  expected=9.23 vs avg=8.89)
2026-05-16 21:20:57,205 DEBUG signal_engine runtime debug rollup detail kind=inference_fallback count=25 game=NYY@NYM line=8.5 inning=6 state=T6|outs=1|score=2-5|runners=2 source_key=po85 example=inference fallback NYY@NYM line=8.5: cell=3_5_6_T_1_0 level=1 label=bases_empty (line_mode=exact src=po85)
2026-05-16 21:20:57,205 DEBUG signal_engine runtime debug rollup detail kind=stage2_adj count=25 game=NYY@NYM line=8.5 inning=6 state=T6|outs=1|score=2-5|runners=2 source_key=Citi Field example=Stage-2 adj NYY@NYM line=8.5 inn=6: fv=0.974 -> 0.971  (delta=-0.113  weather_source='weather_v2:open-meteo:ok:usable'  park='Citi Field'  temp_bin='65-79F'  wind_bin='out_10plus')
2026-05-16 21:20:57,205 DEBUG signal_engine runtime debug rollup detail kind=stage3_adj count=25 game=NYY@NYM line=8.5 inning=6 state=T6|outs=1|score=2-5|runners=2 source_key=NYY-NYM|2026-05-16 example=Stage-3 adj NYY@NYM line=8.5 inn=6: s1+s2_fv=0.971 -> adj_fv=0.970  (delta=-0.034  away_rpg=4.85  home_rpg=4.37  expected=9.23 vs avg=8.89)
2026-05-16 21:20:57,205 DEBUG signal_engine runtime debug rollup detail kind=inference_fallback count=21 game=CHC@CWS line=10.5 inning=6 state=B6|outs=1|score=1-8|runners=0 source_key=po105 example=inference fallback CHC@CWS line=10.5: cell=1_9_8_B_0_0 level=4 label=near_inning_same_half (line_mode=exact src=po105)
2026-05-16 21:20:57,205 DEBUG signal_engine runtime debug rollup detail kind=stage2_adj count=20 game=SD@SEA line=8.5 inning=6 state=T6|outs=1|score=5-2|runners=0 source_key=T-Mobile Park example=Stage-2 adj SD@SEA line=8.5 inn=6: fv=0.974 -> 0.975  (delta=+0.047  weather_source='weather_v2:open-meteo:ok:not_usable'  park='T-Mobile Park'  temp_bin='unknown'  wind_bin='unknown')
2026-05-16 21:20:57,205 DEBUG signal_engine runtime debug rollup detail kind=stage3_adj count=20 game=SD@SEA line=8.5 inning=6 state=T6|outs=1|score=5-2|runners=0 source_key=SD-SEA|2026-05-16 example=Stage-3 adj SD@SEA line=8.5 inn=6: s1+s2_fv=0.975 -> adj_fv=0.973  (delta=-0.081  away_rpg=3.51  home_rpg=4.17  expected=7.68 vs avg=8.89)
2026-05-16 21:20:57,205 DEBUG signal_engine runtime debug rollup detail kind=inference_fallback count=20 game=NYY@NYM line=5.5 inning=5 state=T5|outs=2|score=2-3|runners=3 source_key=po65 example=inference fallback NYY@NYM line=5.5: cell=3_3_5_T_2_0 level=1 label=bases_empty (line_mode=extrapolate_low src=po65)
2026-05-16 21:20:57,205 DEBUG signal_engine runtime debug rollup detail kind=inference_fallback count=20 game=NYY@NYM line=6.5 inning=5 state=T5|outs=2|score=2-3|runners=3 source_key=po65 example=inference fallback NYY@NYM line=6.5: cell=3_3_5_T_2_0 level=1 label=bases_empty (line_mode=exact src=po65)
2026-05-16 21:20:57,205 DEBUG signal_engine runtime debug rollup detail kind=stage2_adj count=20 game=NYY@NYM line=6.5 inning=5 state=T5|outs=2|score=2-3|runners=3 source_key=Citi Field example=Stage-2 adj NYY@NYM line=6.5 inn=5: fv=0.989 -> 0.988  (delta=-0.091  weather_source='weather_v2:open-meteo:ok:usable'  park='Citi Field'  temp_bin='65-79F'  wind_bin='out_10plus')
2026-05-16 21:20:57,205 DEBUG signal_engine runtime debug rollup detail kind=stage3_adj count=20 game=NYY@NYM line=6.5 inning=5 state=T5|outs=2|score=2-3|runners=3 source_key=NYY-NYM|2026-05-16 example=Stage-3 adj NYY@NYM line=6.5 inn=5: s1+s2_fv=0.988 -> adj_fv=0.987  (delta=-0.046  away_rpg=4.85  home_rpg=4.37  expected=9.23 vs avg=8.89)
2026-05-16 21:20:57,205 DEBUG signal_engine runtime debug rollup detail kind=inference_fallback count=20 game=NYY@NYM line=8.5 inning=6 state=T6|outs=0|score=2-5|runners=2 source_key=po85 example=inference fallback NYY@NYM line=8.5: cell=3_5_6_T_0_0 level=1 label=bases_empty (line_mode=exact src=po85)
2026-05-16 21:20:57,205 DEBUG signal_engine runtime debug rollup detail kind=stage2_adj count=20 game=NYY@NYM line=8.5 inning=6 state=T6|outs=0|score=2-5|runners=2 source_key=Citi Field example=Stage-2 adj NYY@NYM line=8.5 inn=6: fv=0.980 -> 0.977  (delta=-0.113  weather_source='weather_v2:open-meteo:ok:usable'  park='Citi Field'  temp_bin='65-79F'  wind_bin='out_10plus')
2026-05-16 21:20:57,205 DEBUG signal_engine runtime debug rollup detail kind=stage3_adj count=20 game=NYY@NYM line=8.5 inning=6 state=T6|outs=0|score=2-5|runners=2 source_key=NYY-NYM|2026-05-16 example=Stage-3 adj NYY@NYM line=8.5 inn=6: s1+s2_fv=0.977 -> adj_fv=0.977  (delta=-0.034  away_rpg=4.85  home_rpg=4.37  expected=9.23 vs avg=8.89)
2026-05-16 21:20:57,205 DEBUG signal_engine runtime debug rollup detail kind=inference_fallback count=18 game=NYY@NYM line=5.5 inning=5 state=T5|outs=2|score=1-3|runners=5 source_key=po65 example=inference fallback NYY@NYM line=5.5: cell=2_3_5_T_2_0 level=1 label=bases_empty (line_mode=extrapolate_low src=po65)
2026-05-16 21:20:57,205 DEBUG signal_engine runtime debug rollup detail kind=stage3_adj count=18 game=NYY@NYM line=5.5 inning=5 state=T5|outs=2|score=1-3|runners=5 source_key=NYY-NYM|2026-05-16 example=Stage-3 adj NYY@NYM line=5.5 inn=5: s1+s2_fv=0.980 -> adj_fv=0.979  (delta=-0.046  away_rpg=4.85  home_rpg=4.37  expected=9.23 vs avg=8.89)
2026-05-16 21:20:57,205 DEBUG signal_engine runtime debug rollup detail kind=stage2_adj count=18 game=SD@SEA line=8.5 inning=6 state=B6|outs=0|score=5-2|runners=0 source_key=T-Mobile Park example=Stage-2 adj SD@SEA line=8.5 inn=6: fv=0.966 -> 0.968  (delta=+0.047  weather_source='weather_v2:open-meteo:ok:not_usable'  park='T-Mobile Park'  temp_bin='unknown'  wind_bin='unknown')
2026-05-16 21:20:57,205 DEBUG signal_engine runtime debug rollup detail kind=stage3_adj count=18 game=SD@SEA line=8.5 inning=6 state=B6|outs=0|score=5-2|runners=0 source_key=SD-SEA|2026-05-16 example=Stage-3 adj SD@SEA line=8.5 inn=6: s1+s2_fv=0.968 -> adj_fv=0.965  (delta=-0.081  away_rpg=3.51  home_rpg=4.17  expected=7.68 vs avg=8.89)
2026-05-16 21:20:57,205 DEBUG signal_engine runtime debug rollup detail kind=inference_fallback count=16 game=CHC@CWS line=8.5 inning=6 state=T6|outs=2|score=1-7|runners=6 source_key=po85 example=inference fallback CHC@CWS line=8.5: cell=2_7_6_T_2_0 level=1 label=bases_empty (line_mode=exact src=po85)
2026-05-16 21:20:57,205 DEBUG signal_engine runtime debug rollup detail kind=inference_fallback count=15 game=TEX@HOU line=5.5 inning=7 state=T7|outs=2|score=1-4|runners=3 source_key=po65 example=inference fallback TEX@HOU line=5.5: cell=2_4_7_T_2_0 level=1 label=bases_empty (line_mode=extrapolate_low src=po65)
2026-05-16 21:20:57,205 DEBUG signal_engine runtime debug rollup detail kind=stage3_adj count=15 game=TEX@HOU line=5.5 inning=7 state=T7|outs=2|score=1-4|runners=3 source_key=TEX-HOU|2026-05-16 example=Stage-3 adj TEX@HOU line=5.5 inn=7: s1+s2_fv=0.980 -> adj_fv=0.979  (delta=-0.033  away_rpg=4.00  home_rpg=4.20  expected=8.20 vs avg=8.89)
2026-05-16 21:20:57,205 DEBUG signal_engine runtime debug rollup detail kind=inference_fallback count=14 game=CHC@CWS line=10.5 inning=7 state=T7|outs=1|score=1-8|runners=3 source_key=po105 example=inference fallback CHC@CWS line=10.5: cell=2_8_7_T_0_0 level=2 label=same_inning_half_any_outs (line_mode=exact src=po105)
2026-05-16 21:20:57,205 DEBUG signal_engine runtime debug rollup detail kind=inference_fallback count=14 game=SD@SEA line=8.5 inning=7 state=T7|outs=2|score=7-2|runners=0 source_key=po85 example=inference fallback SD@SEA line=8.5: cell=8_2_7_T_0_0 level=2 label=same_inning_half_any_outs (line_mode=exact src=po85)
2026-05-16 21:20:57,205 DEBUG signal_engine runtime debug rollup detail kind=inference_fallback count=13 game=TEX@HOU line=5.5 inning=7 state=T7|outs=1|score=0-4|runners=3 source_key=po65 example=inference fallback TEX@HOU line=5.5: cell=1_4_7_T_1_0 level=1 label=bases_empty (line_mode=extrapolate_low src=po65)
2026-05-16 21:20:57,205 DEBUG signal_engine runtime debug rollup detail kind=stage3_adj count=13 game=TEX@HOU line=5.5 inning=7 state=T7|outs=1|score=0-4|runners=3 source_key=TEX-HOU|2026-05-16 example=Stage-3 adj TEX@HOU line=5.5 inn=7: s1+s2_fv=0.894 -> adj_fv=0.891  (delta=-0.033  away_rpg=4.00  home_rpg=4.20  expected=8.20 vs avg=8.89)
2026-05-16 21:20:57,205 DEBUG signal_engine runtime debug rollup detail kind=inference_fallback count=13 game=CHC@CWS line=10.5 inning=7 state=T7|outs=1|score=1-8|runners=1 source_key=po105 example=inference fallback CHC@CWS line=10.5: cell=2_8_7_T_0_0 level=2 label=same_inning_half_any_outs (line_mode=exact src=po105)
2026-05-16 21:20:57,205 DEBUG signal_engine runtime debug rollup detail kind=stage3_adj count=12 game=BOS@ATL line=5.5 inning=8 state=T8|outs=2|score=3-2|runners=0 source_key=BOS-ATL|2026-05-16 example=Stage-3 adj BOS@ATL line=5.5 inn=8: s1+s2_fv=0.940 -> adj_fv=0.939  (delta=-0.020  away_rpg=3.61  home_rpg=4.85  expected=8.46 vs avg=8.89)
2026-05-16 21:20:57,205 DEBUG signal_engine runtime debug rollup detail kind=inference_fallback count=12 game=CHC@CWS line=10.5 inning=7 state=T7|outs=1|score=1-8|runners=7 source_key=po105 example=inference fallback CHC@CWS line=10.5: cell=2_8_7_T_0_0 level=2 label=same_inning_half_any_outs (line_mode=exact src=po105)
2026-05-16 21:20:57,205 DEBUG signal_engine runtime debug rollup detail kind=inference_fallback count=11 game=CHC@CWS line=9.5 inning=6 state=T6|outs=2|score=1-7|runners=6 source_key=po95 example=inference fallback CHC@CWS line=9.5: cell=2_7_6_T_2_0 level=1 label=bases_empty (line_mode=exact src=po95)
2026-05-16 21:20:57,205 DEBUG signal_engine runtime debug rollup detail kind=inference_fallback count=11 game=CHC@CWS line=10.5 inning=7 state=T7|outs=0|score=1-8|runners=1 source_key=po105 example=inference fallback CHC@CWS line=10.5: cell=2_8_7_T_0_0 level=1 label=bases_empty (line_mode=exact src=po105)
2026-05-16 21:20:57,205 DEBUG signal_engine runtime debug rollup detail kind=stage2_adj count=10 game=SD@SEA line=8.5 inning=6 state=T6|outs=2|score=5-2|runners=0 source_key=T-Mobile Park example=Stage-2 adj SD@SEA line=8.5 inn=6: fv=0.969 -> 0.971  (delta=+0.047  weather_source='weather_v2:open-meteo:ok:not_usable'  park='T-Mobile Park'  temp_bin='unknown'  wind_bin='unknown')
2026-05-16 21:20:57,205 DEBUG signal_engine runtime debug rollup detail kind=stage3_adj count=10 game=SD@SEA line=8.5 inning=6 state=T6|outs=2|score=5-2|runners=0 source_key=SD-SEA|2026-05-16 example=Stage-3 adj SD@SEA line=8.5 inn=6: s1+s2_fv=0.971 -> adj_fv=0.968  (delta=-0.081  away_rpg=3.51  home_rpg=4.17  expected=7.68 vs avg=8.89)
2026-05-16 21:20:57,205 DEBUG signal_engine runtime debug rollup detail kind=inference_fallback count=8 game=CHC@CWS line=10.5 inning=7 state=T7|outs=2|score=1-8|runners=7 source_key=po105 example=inference fallback CHC@CWS line=10.5: cell=2_8_7_T_0_0 level=2 label=same_inning_half_any_outs (line_mode=exact src=po105)
2026-05-16 21:20:57,205 DEBUG signal_engine runtime debug rollup detail kind=stage2_adj count=7 game=SD@SEA line=9.5 inning=7 state=T7|outs=2|score=5-2|runners=0 source_key=T-Mobile Park example=Stage-2 adj SD@SEA line=9.5 inn=7: fv=0.709 -> 0.712  (delta=+0.015  weather_source='weather_v2:open-meteo:ok:not_usable'  park='T-Mobile Park'  temp_bin='unknown'  wind_bin='unknown')
2026-05-16 21:20:57,205 DEBUG signal_engine runtime debug rollup detail kind=stage3_adj count=7 game=SD@SEA line=9.5 inning=7 state=T7|outs=2|score=5-2|runners=0 source_key=SD-SEA|2026-05-16 example=Stage-3 adj SD@SEA line=9.5 inn=7: s1+s2_fv=0.712 -> adj_fv=0.700  (delta=-0.054  away_rpg=3.51  home_rpg=4.17  expected=7.68 vs avg=8.89)
2026-05-16 21:20:57,205 DEBUG signal_engine runtime debug rollup detail kind=inference_fallback count=7 game=NYY@NYM line=8.5 inning=6 state=T6|outs=1|score=2-5|runners=3 source_key=po85 example=inference fallback NYY@NYM line=8.5: cell=3_5_6_T_1_0 level=1 label=bases_empty (line_mode=exact src=po85)
2026-05-16 21:20:57,205 DEBUG signal_engine runtime debug rollup detail kind=stage2_adj count=7 game=NYY@NYM line=8.5 inning=6 state=T6|outs=1|score=2-5|runners=3 source_key=Citi Field example=Stage-2 adj NYY@NYM line=8.5 inn=6: fv=0.974 -> 0.971  (delta=-0.113  weather_source='weather_v2:open-meteo:ok:usable'  park='Citi Field'  temp_bin='65-79F'  wind_bin='out_10plus')
2026-05-16 21:20:57,206 DEBUG signal_engine runtime debug rollup detail kind=stage3_adj count=7 game=NYY@NYM line=8.5 inning=6 state=T6|outs=1|score=2-5|runners=3 source_key=NYY-NYM|2026-05-16 example=Stage-3 adj NYY@NYM line=8.5 inn=6: s1+s2_fv=0.971 -> adj_fv=0.970  (delta=-0.034  away_rpg=4.85  home_rpg=4.37  expected=9.23 vs avg=8.89)
2026-05-16 21:20:57,206 DEBUG signal_engine runtime debug rollup detail kind=inference_fallback count=6 game=SD@SEA line=8.5 inning=5 state=B5|outs=2|score=5-2|runners=1 source_key=po85 example=inference fallback SD@SEA line=8.5: cell=5_3_5_B_2_0 level=1 label=bases_empty (line_mode=exact src=po85)
2026-05-16 21:20:57,206 DEBUG signal_engine runtime debug rollup detail kind=stage2_adj count=6 game=SD@SEA line=8.5 inning=5 state=B5|outs=2|score=5-2|runners=1 source_key=T-Mobile Park example=Stage-2 adj SD@SEA line=8.5 inn=5: fv=0.982 -> 0.983  (delta=+0.047  weather_source='weather_v2:open-meteo:ok:not_usable'  park='T-Mobile Park'  temp_bin='unknown'  wind_bin='unknown')
2026-05-16 21:20:57,206 DEBUG signal_engine runtime debug rollup detail kind=stage3_adj count=6 game=SD@SEA line=8.5 inning=5 state=B5|outs=2|score=5-2|runners=1 source_key=SD-SEA|2026-05-16 example=Stage-3 adj SD@SEA line=8.5 inn=5: s1+s2_fv=0.983 -> adj_fv=0.981  (delta=-0.108  away_rpg=3.51  home_rpg=4.17  expected=7.68 vs avg=8.89)
2026-05-16 21:20:57,206 DEBUG signal_engine runtime debug rollup detail omitted_keys=20
2026-05-16 21:21:22,870 DEBUG signal_engine Skip SD@SEA line=9.5: Gate 8f saturation (base_fv=1.000 >= threshold=0.990) ask=0.690 | market CONTRADICTS (ask<0.70, phantom pattern)
2026-05-16 21:21:22,944 DEBUG signal_engine Tape capture skip_2026-05-16_823139_9.5_120778: trades_5s=0 trades_30s=0 signed_30s=None ltp_ask_gap_3=-0.21 stale=267.869s raw_n=100 fetch_ok=True
2026-05-16 21:21:23,079 DEBUG signal_engine Family B capture skip_2026-05-16_823139_9.5_120778: ask_touch=49.0 bid_touch=255.0 imb1=0.8388 imb5=0.0887 depth_below=0 depth_at=0 book_ok=True
2026-05-16 21:21:23,081 DEBUG signal_engine Family C capture skip_2026-05-16_823139_9.5_120778: ask_v5=-0.001552 ask_v30=0.000623 mid_drift=0.0 spread_ratio=0.8974 ask_vol=0.008367 buffer_n=120 window_30s_n=5
2026-05-16 21:21:55,233 WARNING signal_engine tick_buffer health: 84 line_states, 84 nonempty, len min/median/max=86/120/120, newest_age max=15191.5s, oldest_age max=15748.6s
2026-05-16 21:22:01,740 DEBUG live_engine Skip NYY@NYM line=8.5: cannot place resting limit while preserving min edge (ask=0.790 bid=0.780 fv=0.970)
2026-05-16 21:22:27,579 INFO live_engine Calibrated-stake [SHADOW] NYY@NYM line=8.5 calibrated_edge=-0.1009 multiplier=0.500 base=$10.00 -> stake=$10.00 (shadow only -- stake unchanged)
2026-05-16 21:22:27,580 INFO live_engine EV policy [SHADOW] NYY@NYM line=8.5 allow=False p_win=0.679 p_fill=0.665 ev_if_filled=-1.41 ev_per_stake=-0.0935
2026-05-16 21:22:27,580 INFO live_engine Correlated-line spacing cap hit for NYY@NYM (line=8.5 within 1.5 of existing line=7.5) -- skipping
2026-05-16 21:22:33,977 DEBUG signal_engine Skip BOS@ATL line=5.5: Gate 8f saturation (base_fv=1.000 >= threshold=0.990) ask=0.970 | market CONFIRMS (ask>=0.85, likely real run)
2026-05-16 21:22:34,215 DEBUG signal_engine Tape capture skip_2026-05-16_824924_5.5_121190: trades_5s=0 trades_30s=0 signed_30s=None ltp_ask_gap_3=-0.5333 stale=37.977s raw_n=100 fetch_ok=True
2026-05-16 21:22:34,329 DEBUG signal_engine Family B capture skip_2026-05-16_824924_5.5_121190: ask_touch=7.52 bid_touch=None imb1=None imb5=None depth_below=None depth_at=None book_ok=True
2026-05-16 21:22:34,333 DEBUG signal_engine Family C capture skip_2026-05-16_824924_5.5_121190: ask_v5=None ask_v30=0.003865 mid_drift=-0.02 spread_ratio=1.7778 ask_vol=0.035355 buffer_n=120 window_30s_n=2
2026-05-16 21:22:40,840 INFO live_engine Calibrated-stake [SHADOW] NYY@NYM line=8.5 calibrated_edge=-0.1009 multiplier=0.500 base=$10.00 -> stake=$10.00 (shadow only -- stake unchanged)
2026-05-16 21:22:40,843 INFO live_engine EV policy [SHADOW] NYY@NYM line=8.5 allow=False p_win=0.638 p_fill=0.638 ev_if_filled=-1.60 ev_per_stake=-0.1025
2026-05-16 21:22:40,844 INFO live_engine Correlated-line spacing cap hit for NYY@NYM (line=8.5 within 1.5 of existing line=7.5) -- skipping
2026-05-16 21:23:00,253 INFO live_engine Calibrated-stake [SHADOW] NYY@NYM line=8.5 calibrated_edge=-0.0909 multiplier=0.500 base=$10.00 -> stake=$10.00 (shadow only -- stake unchanged)
2026-05-16 21:23:00,256 INFO live_engine EV policy [SHADOW] NYY@NYM line=8.5 allow=False p_win=0.616 p_fill=0.622 ev_if_filled=-1.79 ev_per_stake=-0.1115
2026-05-16 21:23:00,257 INFO live_engine Correlated-line spacing cap hit for NYY@NYM (line=8.5 within 1.5 of existing line=7.5) -- skipping
2026-05-16 21:23:06,673 DEBUG signal_engine Skip NYY@NYM line=8.5: extreme edge in any inning (edge=0.220 > threshold=0.220  inn=6) - phantom-run risk
2026-05-16 21:23:06,892 DEBUG signal_engine Tape capture skip_2026-05-16_823627_8.5_121353: trades_5s=0 trades_30s=0 signed_30s=None ltp_ask_gap_3=-0.3133 stale=70.671s raw_n=100 fetch_ok=True
2026-05-16 21:23:07,014 DEBUG signal_engine Family B capture skip_2026-05-16_823627_8.5_121353: ask_touch=1072.52 bid_touch=20008.6 imb1=0.9491 imb5=0.7109 depth_below=0 depth_at=0 book_ok=True
2026-05-16 21:23:07,017 DEBUG signal_engine Family C capture skip_2026-05-16_823627_8.5_121353: ask_v5=-0.004596 ask_v30=-0.001529 mid_drift=-0.055 spread_ratio=0.3846 ask_vol=0.023022 buffer_n=120 window_30s_n=5
2026-05-16 21:23:32,816 INFO live_engine Calibrated-stake [SHADOW] NYY@NYM line=8.5 calibrated_edge=-0.0612 multiplier=0.500 base=$10.00 -> stake=$10.00 (shadow only -- stake unchanged)
2026-05-16 21:23:32,818 INFO live_engine EV policy [SHADOW] NYY@NYM line=8.5 allow=False p_win=0.589 p_fill=0.638 ev_if_filled=-2.15 ev_per_stake=-0.1371
2026-05-16 21:23:32,818 INFO live_engine Correlated-line spacing cap hit for NYY@NYM (line=8.5 within 1.5 of existing line=7.5) -- skipping
2026-05-16 21:23:39,344 DEBUG live_engine Skip NYY@NYM line=8.5: cannot place resting limit while preserving min edge (ask=0.740 bid=0.730 fv=0.964)
2026-05-16 21:23:45,753 DEBUG signal_engine Skip NYY@NYM line=8.5: extreme edge in any inning (edge=0.224 > threshold=0.220  inn=6) - phantom-run risk
2026-05-16 21:23:45,845 DEBUG signal_engine Tape capture skip_2026-05-16_823627_8.5_121554: trades_5s=0 trades_30s=0 signed_30s=None ltp_ask_gap_3=-0.3033 stale=109.752s raw_n=100 fetch_ok=True
2026-05-16 21:23:45,966 DEBUG signal_engine Family B capture skip_2026-05-16_823627_8.5_121554: ask_touch=1072.52 bid_touch=8.0 imb1=0.0074 imb5=0.4849 depth_below=1072.52 depth_at=1072.52 book_ok=True
2026-05-16 21:23:45,969 DEBUG signal_engine Family C capture skip_2026-05-16_823627_8.5_121554: ask_v5=-0.003067 ask_v30=-0.000309 mid_drift=0.0 spread_ratio=0.3846 ask_vol=0.007071 buffer_n=120 window_30s_n=5
2026-05-16 21:23:58,891 INFO live_engine Calibrated-stake [SHADOW] NYY@NYM line=8.5 calibrated_edge=-0.0712 multiplier=0.500 base=$10.00 -> stake=$10.00 (shadow only -- stake unchanged)
2026-05-16 21:23:58,893 INFO live_engine EV policy [SHADOW] NYY@NYM line=8.5 allow=False p_win=0.602 p_fill=0.642 ev_if_filled=-1.98 ev_per_stake=-0.1270
2026-05-16 21:23:58,893 INFO live_engine Correlated-line spacing cap hit for NYY@NYM (line=8.5 within 1.5 of existing line=7.5) -- skipping
2026-05-16 21:24:05,459 DEBUG live_engine Skip NYY@NYM line=8.5: cannot place resting limit while preserving min edge (ask=0.740 bid=0.730 fv=0.964)
2026-05-16 21:24:18,294 DEBUG signal_engine Skip NYY@NYM line=9.5: inning 6 setup-reliever dead zone (rn=2.5 >= threshold 2.5) -- 5yr backtest: 63% WR on 1569 bets
2026-05-16 21:24:18,496 DEBUG signal_engine Tape capture skip_2026-05-16_823627_9.5_121733: trades_5s=0 trades_30s=0 signed_30s=None ltp_ask_gap_3=-0.1633 stale=142.294s raw_n=100 fetch_ok=True
2026-05-16 21:24:18,613 DEBUG signal_engine Family B capture skip_2026-05-16_823627_9.5_121733: ask_touch=1050.19 bid_touch=4649.0 imb1=0.8157 imb5=0.3861 depth_below=1050.19 depth_at=1050.19 book_ok=True
2026-05-16 21:24:18,617 DEBUG signal_engine Family C capture skip_2026-05-16_823627_9.5_121733: ask_v5=0.003117 ask_v30=0.000928 mid_drift=0.025 spread_ratio=1.0714 ask_vol=0.010954 buffer_n=120 window_30s_n=5
2026-05-16 21:24:18,731 DEBUG live_engine Skip NYY@NYM line=8.5: cannot place resting limit while preserving min edge (ask=0.750 bid=0.740 fv=0.964)
2026-05-16 21:24:25,250 INFO live_engine Calibrated-stake [SHADOW] NYY@NYM line=8.5 calibrated_edge=-0.0612 multiplier=0.500 base=$10.00 -> stake=$10.00 (shadow only -- stake unchanged)
2026-05-16 21:24:25,253 INFO live_engine EV policy [SHADOW] NYY@NYM line=8.5 allow=False p_win=0.593 p_fill=0.642 ev_if_filled=-2.10 ev_per_stake=-0.1347
2026-05-16 21:24:25,254 INFO live_engine Correlated-line spacing cap hit for NYY@NYM (line=8.5 within 1.5 of existing line=7.5) -- skipping
2026-05-16 21:24:31,781 INFO live_engine Calibrated-stake [SHADOW] NYY@NYM line=8.5 calibrated_edge=-0.0712 multiplier=0.500 base=$10.00 -> stake=$10.00 (shadow only -- stake unchanged)
2026-05-16 21:24:31,783 INFO live_engine EV policy [SHADOW] NYY@NYM line=8.5 allow=False p_win=0.601 p_fill=0.642 ev_if_filled=-1.98 ev_per_stake=-0.1273
2026-05-16 21:24:31,783 INFO live_engine Correlated-line spacing cap hit for NYY@NYM (line=8.5 within 1.5 of existing line=7.5) -- skipping
2026-05-16 21:24:32,251 INFO mlb_poly_monitor STOP monitoring game 824924 (BOS@ATL, state=Final)
2026-05-16 21:24:32,251 INFO mlb_poly_monitor START monitoring game 825007 (SF@ATH, state=Live) — 7 lines ready, 0 deploying
2026-05-16 21:24:38,280 INFO live_engine === ORDER LIFECYCLE SUMMARY (2026-05-16) -- placed=8 filled=8 (100%) never_filled=0 other_cancel=0 reserved_on_misses=$0.00 ===
2026-05-16 21:24:38,280 INFO live_engine === GAME SUMMARY (2026-05-16) ===
2026-05-16 21:24:38,280 INFO live_engine   BAL@WSH  final=3-13 (total=16) | O8.5(FILL,W,+6.13)  O10.5(FILL,W,+4.28)
2026-05-16 21:24:38,280 INFO live_engine   CIN@CLE  final=4-7 (total=11) | O7.5(FILL,W,+2.50)
2026-05-16 21:25:42,488 DEBUG signal_engine Skip SD@SEA line=9.5: Gate 8f saturation (base_fv=1.000 >= threshold=0.990) ask=0.660 | market CONTRADICTS (ask<0.70, phantom pattern)
2026-05-16 21:25:42,698 DEBUG signal_engine Tape capture skip_2026-05-16_823139_9.5_122100: trades_5s=0 trades_30s=0 signed_30s=None ltp_ask_gap_3=-0.2233 stale=226.489s raw_n=100 fetch_ok=True
2026-05-16 21:25:42,816 DEBUG signal_engine Family B capture skip_2026-05-16_823139_9.5_122100: ask_touch=15.0 bid_touch=17189.33 imb1=0.9991 imb5=0.6872 depth_below=0 depth_at=0 book_ok=True
2026-05-16 21:25:42,817 DEBUG signal_engine Family C capture skip_2026-05-16_823139_9.5_122100: ask_v5=0.0 ask_v30=0.0 mid_drift=-0.005 spread_ratio=1.5 ask_vol=0.0 buffer_n=120 window_30s_n=5
2026-05-16 21:28:23,448 DEBUG signal_engine Skip NYY@NYM line=8.5: extreme edge in any inning (edge=0.301 > threshold=0.220  inn=6) - phantom-run risk
2026-05-16 21:28:23,651 DEBUG signal_engine Tape capture skip_2026-05-16_823627_8.5_122796: trades_5s=0 trades_30s=0 signed_30s=None ltp_ask_gap_3=-0.1067 stale=86.443s raw_n=100 fetch_ok=True
2026-05-16 21:28:23,764 DEBUG signal_engine Family B capture skip_2026-05-16_823627_8.5_122796: ask_touch=1072.52 bid_touch=8.0 imb1=0.0074 imb5=0.6384 depth_below=1072.52 depth_at=1072.52 book_ok=True
2026-05-16 21:28:23,767 DEBUG signal_engine Family C capture skip_2026-05-16_823627_8.5_122796: ask_v5=0.0 ask_v30=-0.000622 mid_drift=-0.005 spread_ratio=0.4545 ask_vol=0.005477 buffer_n=120 window_30s_n=5
2026-05-16 21:28:43,035 DEBUG signal_engine Skip SD@SEA line=9.5: Gate 8f saturation (base_fv=1.000 >= threshold=0.990) ask=0.600 | market CONTRADICTS (ask<0.70, phantom pattern)
2026-05-16 21:28:43,140 DEBUG signal_engine Tape capture skip_2026-05-16_823139_9.5_122930: trades_5s=0 trades_30s=0 signed_30s=None ltp_ask_gap_3=-0.1633 stale=407.036s raw_n=100 fetch_ok=True
2026-05-16 21:28:43,249 DEBUG signal_engine Family B capture skip_2026-05-16_823139_9.5_122930: ask_touch=1102.43 bid_touch=27581.25 imb1=0.9616 imb5=0.6012 depth_below=1102.43 depth_at=1102.43 book_ok=True
2026-05-16 21:28:43,251 DEBUG signal_engine Family C capture skip_2026-05-16_823139_9.5_122930: ask_v5=0.003115 ask_v30=-0.003081 mid_drift=-0.03 spread_ratio=1.6667 ask_vol=0.008367 buffer_n=120 window_30s_n=5
2026-05-16 21:29:47,561 DEBUG signal_engine Skip SD@SEA line=9.5: Gate 8f saturation (base_fv=1.000 >= threshold=0.990) ask=0.600 | market CONTRADICTS (ask<0.70, phantom pattern)
2026-05-16 21:29:47,648 DEBUG signal_engine Tape capture skip_2026-05-16_823139_9.5_123254: trades_5s=0 trades_30s=0 signed_30s=None ltp_ask_gap_3=-0.1633 stale=471.56s raw_n=100 fetch_ok=True
2026-05-16 21:29:47,774 DEBUG signal_engine Family B capture skip_2026-05-16_823139_9.5_123254: ask_touch=175.0 bid_touch=5969.21 imb1=0.9715 imb5=0.5146 depth_below=175.0 depth_at=175.0 book_ok=True
2026-05-16 21:29:47,777 DEBUG signal_engine Family C capture skip_2026-05-16_823139_9.5_123254: ask_v5=0.001563 ask_v30=0.000312 mid_drift=0.0 spread_ratio=1.1765 ask_vol=0.004472 buffer_n=120 window_30s_n=5
2026-05-16 21:30:32,720 DEBUG signal_engine Skip NYY@NYM line=8.5: extreme edge in any inning (edge=0.310 > threshold=0.220  inn=6) - phantom-run risk
2026-05-16 21:30:32,825 DEBUG signal_engine Tape capture skip_2026-05-16_823627_8.5_123513: trades_5s=0 trades_30s=0 signed_30s=None ltp_ask_gap_3=-0.0867 stale=215.719s raw_n=100 fetch_ok=True
2026-05-16 21:30:32,949 DEBUG signal_engine Family B capture skip_2026-05-16_823627_8.5_123513: ask_touch=17452.67 bid_touch=8.0 imb1=0.0005 imb5=0.4953 depth_below=0 depth_at=0 book_ok=True
2026-05-16 21:30:32,955 DEBUG signal_engine Family C capture skip_2026-05-16_823627_8.5_123513: ask_v5=0.0 ask_v30=-0.000312 mid_drift=-0.025 spread_ratio=1.8421 ask_vol=0.0 buffer_n=120 window_30s_n=5
2026-05-16 21:35:21,994 INFO live_engine Calibrated-stake [SHADOW] NYY@NYM line=8.5 calibrated_edge=-0.0423 multiplier=0.500 base=$10.00 -> stake=$10.00 (shadow only -- stake unchanged)
2026-05-16 21:35:21,997 INFO live_engine EV policy [SHADOW] NYY@NYM line=8.5 allow=False p_win=0.621 p_fill=0.629 ev_if_filled=-1.12 ev_per_stake=-0.0707
2026-05-16 21:35:21,998 INFO live_engine Correlated-line spacing cap hit for NYY@NYM (line=8.5 within 1.5 of existing line=7.5) -- skipping
2026-05-16 21:35:28,403 DEBUG signal_engine Skip NYY@NYM line=8.5: extreme edge in any inning (edge=0.226 > threshold=0.220  inn=7) - phantom-run risk
2026-05-16 21:35:28,614 DEBUG signal_engine Tape capture skip_2026-05-16_823627_8.5_125113: trades_5s=0 trades_30s=0 signed_30s=None ltp_ask_gap_3=-0.3235 stale=210.401s raw_n=100 fetch_ok=True
2026-05-16 21:35:28,735 DEBUG signal_engine Family B capture skip_2026-05-16_823627_8.5_125113: ask_touch=205.0 bid_touch=6.0 imb1=0.0284 imb5=0.3284 depth_below=344.01 depth_at=0 book_ok=True
2026-05-16 21:35:28,737 DEBUG signal_engine Family C capture skip_2026-05-16_823627_8.5_125113: ask_v5=-0.003067 ask_v30=-0.004654 mid_drift=0.01 spread_ratio=0.2 ask_vol=0.059833 buffer_n=120 window_30s_n=5
2026-05-16 21:36:00,964 DEBUG signal_engine Tape capture skip_2026-05-16_823627_8.5_125292: trades_5s=0 trades_30s=0 signed_30s=None ltp_ask_gap_3=-0.5435 stale=242.842s raw_n=100 fetch_ok=True
2026-05-16 21:36:01,076 DEBUG signal_engine Family B capture skip_2026-05-16_823627_8.5_125292: ask_touch=218.61 bid_touch=221.0 imb1=0.5027 imb5=0.3915 depth_below=0 depth_at=0 book_ok=True
2026-05-16 21:36:01,077 DEBUG signal_engine Family C capture skip_2026-05-16_823627_8.5_125292: ask_v5=0.038998 ask_v30=0.006782 mid_drift=0.19 spread_ratio=0.3125 ask_vol=0.131795 buffer_n=120 window_30s_n=5
2026-05-16 21:36:14,072 DEBUG signal_engine Tape capture skip_2026-05-16_823627_10.5_125348: trades_5s=0 trades_30s=0 signed_30s=None ltp_ask_gap_3=-0.2335 stale=255.873s raw_n=100 fetch_ok=True
2026-05-16 21:36:14,190 DEBUG signal_engine Family B capture skip_2026-05-16_823627_10.5_125348: ask_touch=7250.19 bid_touch=14666.23 imb1=0.6692 imb5=0.5142 depth_below=0 depth_at=0 book_ok=True
2026-05-16 21:36:14,192 DEBUG signal_engine Family C capture skip_2026-05-16_823627_10.5_125348: ask_v5=0.0 ask_v30=0.004333 mid_drift=0.17 spread_ratio=0.3409 ask_vol=0.065422 buffer_n=120 window_30s_n=5
2026-05-16 21:36:14,417 DEBUG signal_engine Tape capture skip_2026-05-16_823627_9.5_125379: trades_5s=0 trades_30s=0 signed_30s=None ltp_ask_gap_3=-0.3535 stale=256.204s raw_n=100 fetch_ok=True
2026-05-16 21:36:14,522 DEBUG signal_engine Family B capture skip_2026-05-16_823627_9.5_125379: ask_touch=17101.74 bid_touch=428.57 imb1=0.0244 imb5=0.5181 depth_below=0 depth_at=0 book_ok=True
2026-05-16 21:36:14,525 DEBUG signal_engine Family C capture skip_2026-05-16_823627_9.5_125379: ask_v5=0.001487 ask_v30=0.007963 mid_drift=0.425 spread_ratio=0.2299 ask_vol=0.115195 buffer_n=120 window_30s_n=5
2026-05-16 21:36:27,506 DEBUG signal_engine Tape capture skip_2026-05-16_823627_10.5_125435: trades_5s=0 trades_30s=0 signed_30s=None ltp_ask_gap_3=-0.2235 stale=269.417s raw_n=100 fetch_ok=True
2026-05-16 21:36:27,616 DEBUG signal_engine Family B capture skip_2026-05-16_823627_10.5_125435: ask_touch=8.0 bid_touch=4535.6 imb1=0.9982 imb5=0.4957 depth_below=0 depth_at=0 book_ok=True
2026-05-16 21:36:27,617 DEBUG signal_engine Family C capture skip_2026-05-16_823627_10.5_125435: ask_v5=-0.001543 ask_v30=-0.000909 mid_drift=0.085 spread_ratio=0.6667 ask_vol=0.004472 buffer_n=120 window_30s_n=5
2026-05-16 21:36:27,727 DEBUG live_engine Skip NYY@NYM line=9.5: cannot place resting limit while preserving min edge (ask=0.710 bid=0.700 fv=0.935)
2026-05-16 21:36:27,740 DEBUG signal_engine Skip NYY@NYM line=8.5: Gate 8f saturation (base_fv=1.000 >= threshold=0.990) ask=0.920 | market CONFIRMS (ask>=0.85, likely real run)
2026-05-16 21:36:27,826 DEBUG signal_engine Tape capture skip_2026-05-16_823627_8.5_125450: trades_5s=0 trades_30s=0 signed_30s=None ltp_ask_gap_3=-0.5335 stale=269.741s raw_n=100 fetch_ok=True
2026-05-16 21:36:27,953 DEBUG signal_engine Family B capture skip_2026-05-16_823627_8.5_125450: ask_touch=9.72 bid_touch=12.0 imb1=0.5525 imb5=0.96 depth_below=0 depth_at=0 book_ok=True
2026-05-16 21:36:27,957 DEBUG signal_engine Family C capture skip_2026-05-16_823627_8.5_125450: ask_v5=0.0 ask_v30=-0.000372 mid_drift=-0.02 spread_ratio=0.9259 ask_vol=0.004472 buffer_n=120 window_30s_n=5
2026-05-16 21:36:34,361 DEBUG signal_engine Skip SD@SEA line=9.5: Gate 8f saturation (base_fv=1.000 >= threshold=0.990) ask=0.620 | market CONTRADICTS (ask<0.70, phantom pattern)
2026-05-16 21:36:34,567 DEBUG signal_engine Tape capture skip_2026-05-16_823139_9.5_125466: trades_5s=0 trades_30s=0 signed_30s=None ltp_ask_gap_3=-0.2335 stale=276.36s raw_n=100 fetch_ok=True
2026-05-16 21:36:34,687 DEBUG signal_engine Family B capture skip_2026-05-16_823139_9.5_125466: ask_touch=49.0 bid_touch=12.0 imb1=0.1967 imb5=0.583 depth_below=0 depth_at=0 book_ok=True
2026-05-16 21:36:34,688 DEBUG signal_engine Family C capture skip_2026-05-16_823139_9.5_125466: ask_v5=0.007199 ask_v30=0.00186 mid_drift=0.01 spread_ratio=2.3913 ask_vol=0.022361 buffer_n=120 window_30s_n=5
2026-05-16 21:36:34,695 DEBUG signal_engine Skip NYY@NYM line=9.5: extreme edge in any inning (edge=0.225 > threshold=0.220  inn=7) - phantom-run risk
2026-05-16 21:36:34,762 DEBUG signal_engine Tape capture skip_2026-05-16_823627_9.5_125480: trades_5s=0 trades_30s=0 signed_30s=None ltp_ask_gap_3=-0.3235 stale=276.694s raw_n=100 fetch_ok=True
2026-05-16 21:36:34,879 DEBUG signal_engine Family B capture skip_2026-05-16_823627_9.5_125480: ask_touch=8.0 bid_touch=414.57 imb1=0.9811 imb5=0.5314 depth_below=8.0 depth_at=8.0 book_ok=True
2026-05-16 21:36:34,882 DEBUG signal_engine Family C capture skip_2026-05-16_823627_9.5_125480: ask_v5=-0.002827 ask_v30=-0.000735 mid_drift=-0.01 spread_ratio=0.3333 ask_vol=0.012247 buffer_n=120 window_30s_n=5
2026-05-16 21:36:41,410 DEBUG live_engine Skip NYY@NYM line=10.5: cannot place resting limit while preserving min edge (ask=0.600 bid=0.590 fv=0.762)
2026-05-16 21:36:47,931 INFO live_engine Calibrated-stake [SHADOW] NYY@NYM line=9.5 calibrated_edge=-0.0624 multiplier=0.500 base=$10.00 -> stake=$10.00 (shadow only -- stake unchanged)
2026-05-16 21:36:47,934 INFO live_engine EV policy [SHADOW] NYY@NYM line=9.5 allow=False p_win=0.669 p_fill=0.719 ev_if_filled=-0.45 ev_per_stake=-0.0321
2026-05-16 21:36:47,935 INFO live_engine LIVE BET [2026-05-16_823627_9.5_0009] NYY@NYM O/U 9.5 OVER | decision_ask=0.750  exec_bid=0.670  exec_ask=0.720  spread=0.050  ltp=0.700  limit=0.700 | FV=0.935 (base=0.944 S2=-0.143 S3=-0.023) | edge=0.185 | inn=T7  outs=0  score=3-5  rn=1.5  runners=2 | stake=$10.00 shares=14.2857 (flat)
2026-05-16 21:36:48,306 DEBUG polymarket_client Order posted: price=0.700  shares=14.2857  max_cost=$10.00  sign=224ms  post=146ms  resp={'errorMsg': '', 'orderID': '0x9e9acd2c3bab4f0feeb00acb00cd72ade22e98b186d6db148fc20fd8a72791b1', 'takingAmount': '', 'makingAmount': '', 'status': 'live', 'success': True}
2026-05-16 21:36:48,306 INFO polymarket_client Order accepted: id=0x9e9acd2c3bab4f0feeb00acb00cd72ade22e98b186d6db148fc20fd8a72791b1  status=live  price=0.700  shares=14.2857  max_cost=$10.00  sign=224ms  post=146ms
2026-05-16 21:36:48,307 INFO live_engine ORDER PLACED [2026-05-16_823627_9.5_0009] order_id=0x9e9acd2c3bab4f0feeb00acb00cd72ade22e98b186d6db148fc20fd8a72791b1  status=live raw_status=live  sign_ms=224  post_ms=146
2026-05-16 21:36:48,321 INFO live_engine === ORDER LIFECYCLE SUMMARY (2026-05-16) -- placed=9 filled=8 (89%) never_filled=0 other_cancel=0 reserved_on_misses=$0.00 ===
2026-05-16 21:36:48,321 INFO live_engine === GAME SUMMARY (2026-05-16) ===
2026-05-16 21:36:48,321 INFO live_engine   BAL@WSH  final=3-13 (total=16) | O8.5(FILL,W,+6.13)  O10.5(FILL,W,+4.28)
2026-05-16 21:36:48,321 INFO live_engine   CIN@CLE  final=4-7 (total=11) | O7.5(FILL,W,+2.50)
2026-05-16 21:36:48,408 DEBUG signal_engine Tape capture 2026-05-16_823627_9.5_0009: trades_5s=0 trades_30s=0 signed_30s=None ltp_ask_gap_3=-0.3635 stale=289.812s raw_n=100 fetch_ok=True
2026-05-16 21:36:48,524 DEBUG signal_engine Family B capture 2026-05-16_823627_9.5_0009: ask_touch=12.0 bid_touch=14.28 imb1=0.5434 imb5=0.8196 depth_below=0 depth_at=0 book_ok=True
2026-05-16 21:36:48,525 DEBUG signal_engine Family C capture 2026-05-16_823627_9.5_0009: ask_v5=0.00614 ask_v30=0.000372 mid_drift=0.005 spread_ratio=1.7857 ask_vol=0.017889 buffer_n=120 window_30s_n=5
2026-05-16 21:36:48,526 DEBUG signal_engine Book capture started: 2026-05-16_823627_9.5_0009  token=912652192963...453806  duration=120s interval=1.0s
2026-05-16 21:36:48,642 DEBUG live_engine Ask-reversal monitor [2026-05-16_823627_9.5_0009] age=0.2s  entry_ask=0.750  current_ask=0.750  drop=+0.000  threshold=0.080
2026-05-16 21:36:48,752 DEBUG live_engine FV check [2026-05-16_823627_9.5_0009] age=0.4s < min_age=90.0s -- hold period active
2026-05-16 21:36:55,154 DEBUG signal_engine Dedup skip NYY@NYM line=10.5 edge=0.162 (same-event, edge=0.185 already bet)
2026-05-16 21:36:55,265 DEBUG live_engine Ask-reversal monitor [2026-05-16_823627_9.5_0009] age=6.8s  entry_ask=0.750  current_ask=0.710  drop=+0.040  threshold=0.080
2026-05-16 21:36:55,265 INFO live_engine Ask-reversal window expired [2026-05-16_823627_9.5_0009] entry_ask=0.750  window=5.0s  current_ask=0.710  drop=+0.040  (threshold=0.080  window=5s -- no cancel triggered)
2026-05-16 21:36:55,266 DEBUG live_engine Suppressed duplicate live ledger event bet_id=2026-05-16_823627_9.5_0009 order_id=0x9e9acd2c3bab4f0feeb00acb00cd72ade22e98b186d6db148fc20fd8a72791b1 event=live
2026-05-16 21:36:55,276 INFO live_engine === ORDER LIFECYCLE SUMMARY (2026-05-16) -- placed=9 filled=8 (89%) never_filled=0 other_cancel=0 reserved_on_misses=$0.00 ===
2026-05-16 21:36:55,276 INFO live_engine === GAME SUMMARY (2026-05-16) ===
2026-05-16 21:36:55,276 INFO live_engine   BAL@WSH  final=3-13 (total=16) | O8.5(FILL,W,+6.13)  O10.5(FILL,W,+4.28)
2026-05-16 21:36:55,277 INFO live_engine   CIN@CLE  final=4-7 (total=11) | O7.5(FILL,W,+2.50)
2026-05-16 21:37:01,865 DEBUG live_engine Ask-reversal monitor [2026-05-16_823627_9.5_0009] age=13.4s  entry_ask=0.750  current_ask=0.710  drop=+0.040  threshold=0.080
2026-05-16 21:37:02,036 DEBUG live_engine FV check [2026-05-16_823627_9.5_0009] age=13.7s < min_age=90.0s -- hold period active
2026-05-16 21:37:15,022 DEBUG live_engine FV check [2026-05-16_823627_9.5_0009] age=26.7s < min_age=90.0s -- hold period active
2026-05-16 21:37:28,024 INFO live_engine ORDER FILLED [2026-05-16_823627_9.5_0009] order_id=0x9e9acd2c3bab4f0feeb00acb00cd72ade22e98b186d6db148fc20fd8a72791b1  fill_price=0.700  size=14.28
2026-05-16 21:37:28,037 INFO live_engine === ORDER LIFECYCLE SUMMARY (2026-05-16) -- placed=9 filled=9 (100%) never_filled=0 other_cancel=0 reserved_on_misses=$0.00 ===
2026-05-16 21:37:28,037 INFO live_engine === GAME SUMMARY (2026-05-16) ===
2026-05-16 21:37:28,037 INFO live_engine   BAL@WSH  final=3-13 (total=16) | O8.5(FILL,W,+6.13)  O10.5(FILL,W,+4.28)
2026-05-16 21:37:28,037 INFO live_engine   CIN@CLE  final=4-7 (total=11) | O7.5(FILL,W,+2.50)
2026-05-16 21:38:32,776 INFO mlb_poly_monitor STOP monitoring game 823706 (MIL@MIN, state=Final)
2026-05-16 21:38:37,934 INFO live_engine === ORDER LIFECYCLE SUMMARY (2026-05-16) -- placed=9 filled=9 (100%) never_filled=0 other_cancel=0 reserved_on_misses=$0.00 ===
2026-05-16 21:38:37,934 INFO live_engine === GAME SUMMARY (2026-05-16) ===
2026-05-16 21:38:37,934 INFO live_engine   BAL@WSH  final=3-13 (total=16) | O8.5(FILL,W,+6.13)  O10.5(FILL,W,+4.28)
2026-05-16 21:38:37,935 INFO live_engine   CIN@CLE  final=4-7 (total=11) | O7.5(FILL,W,+2.50)
2026-05-16 21:38:47,917 DEBUG signal_engine Book capture complete: 2026-05-16_823627_9.5_0009  (121 snapshots)
2026-05-16 21:39:05,827 DEBUG signal_engine Tape capture skip_2026-05-16_823627_11.5_126237: trades_5s=0 trades_30s=0 signed_30s=None ltp_ask_gap_3=0.2846 stale=131.629s raw_n=100 fetch_ok=True
2026-05-16 21:39:05,938 DEBUG signal_engine Family B capture skip_2026-05-16_823627_11.5_126237: ask_touch=1282.08 bid_touch=4535.6 imb1=0.7796 imb5=0.327 depth_below=0 depth_at=0 book_ok=True
2026-05-16 21:39:05,941 DEBUG signal_engine Family C capture skip_2026-05-16_823627_11.5_126237: ask_v5=0.0 ask_v30=0.00397 mid_drift=0.145 spread_ratio=0.1268 ask_vol=0.176371 buffer_n=120 window_30s_n=6
2026-05-16 21:40:12,901 DEBUG signal_engine Tape capture skip_2026-05-16_823139_10.5_126562: trades_5s=0 trades_30s=0 signed_30s=None ltp_ask_gap_3=0.1846 stale=198.688s raw_n=100 fetch_ok=True
2026-05-16 21:40:13,022 DEBUG signal_engine Family B capture skip_2026-05-16_823139_10.5_126562: ask_touch=7625.59 bid_touch=7660.59 imb1=0.5011 imb5=0.536 depth_below=0 depth_at=0 book_ok=True
2026-05-16 21:40:13,025 DEBUG signal_engine Family C capture skip_2026-05-16_823139_10.5_126562: ask_v5=0.017999 ask_v30=0.006468 mid_drift=0.15 spread_ratio=1.0213 ask_vol=0.072019 buffer_n=120 window_30s_n=6
2026-05-16 21:40:13,489 INFO mlb_poly_monitor STOP monitoring game 824193 (TEX@HOU, state=Final)
2026-05-16 21:40:17,799 INFO signal_engine SETTLED [2026-05-16_824193_6.5_0004] TEX@HOU O/U 6.5 OVER  final=1-4 (total=5 vs line=6.5)  LOST  profit=$-9.99
2026-05-16 21:40:17,806 INFO live_engine === ORDER LIFECYCLE SUMMARY (2026-05-16) -- placed=9 filled=9 (100%) never_filled=0 other_cancel=0 reserved_on_misses=$0.00 ===
2026-05-16 21:40:17,806 INFO live_engine === GAME SUMMARY (2026-05-16) ===
2026-05-16 21:40:17,806 INFO live_engine   BAL@WSH  final=3-13 (total=16) | O8.5(FILL,W,+6.13)  O10.5(FILL,W,+4.28)
2026-05-16 21:40:17,806 INFO live_engine   CIN@CLE  final=4-7 (total=11) | O7.5(FILL,W,+2.50)
2026-05-16 21:40:17,806 INFO live_engine   TEX@HOU  final=1-4 (total=5) | O6.5(FILL,L,-9.99)
2026-05-16 21:40:17,806 INFO live_engine SETTLED [2026-05-16_824193_6.5_0004] TEX@HOU O/U 6.5 LOSS | status=filled  FILLED  profit=-9.99 | final_total=5 (needed 6.5) | fv=0.954  limit=0.730  edge=0.194  S2=-0.086  S3=-0.082  ask_drop_5s=+0.020
2026-05-16 21:41:28,601 DEBUG signal_engine Skip SD@SEA line=10.5: Gate 8f saturation (base_fv=1.000 >= threshold=0.990) ask=0.910 | market CONFIRMS (ask>=0.85, likely real run)
2026-05-16 21:41:28,707 DEBUG signal_engine Tape capture skip_2026-05-16_823139_10.5_126916: trades_5s=0 trades_30s=0 signed_30s=None ltp_ask_gap_3=-0.0054 stale=274.601s raw_n=100 fetch_ok=True
2026-05-16 21:41:28,820 DEBUG signal_engine Family B capture skip_2026-05-16_823139_10.5_126916: ask_touch=1032.02 bid_touch=6.0 imb1=0.0058 imb5=0.4934 depth_below=0 depth_at=0 book_ok=True
2026-05-16 21:41:28,821 DEBUG signal_engine Family C capture skip_2026-05-16_823139_10.5_126916: ask_v5=0.025427 ask_v30=0.008121 mid_drift=0.195 spread_ratio=0.6863 ask_vol=0.091963 buffer_n=120 window_30s_n=7
2026-05-16 21:42:30,222 DEBUG signal_engine Skip SD@SEA line=10.5: Gate 8f saturation (base_fv=1.000 >= threshold=0.990) ask=0.960 | market CONFIRMS (ask>=0.85, likely real run)
2026-05-16 21:42:30,304 DEBUG signal_engine Tape capture skip_2026-05-16_823139_10.5_127170: trades_5s=0 trades_30s=0 signed_30s=None ltp_ask_gap_3=-0.0554 stale=336.222s raw_n=100 fetch_ok=True
2026-05-16 21:42:30,432 DEBUG signal_engine Family B capture skip_2026-05-16_823139_10.5_127170: ask_touch=1032.02 bid_touch=24.0 imb1=0.0227 imb5=0.2909 depth_below=2526.04 depth_at=51.0 book_ok=True
2026-05-16 21:42:30,433 DEBUG signal_engine Family C capture skip_2026-05-16_823139_10.5_127170: ask_v5=0.012633 ask_v30=0.001413 mid_drift=0.03 spread_ratio=1.4483 ask_vol=0.022254 buffer_n=120 window_30s_n=7
2026-05-16 21:43:46,325 DEBUG mlb_poly_monitor Polling 70 token books (5 active games)
2026-05-16 21:43:50,644 DEBUG mlb_poly_monitor Wrote 70 tick snapshots
2026-05-16 21:45:15,568 DEBUG signal_engine Skip NYY@NYM line=8.5: Gate 8f saturation (base_fv=1.000 >= threshold=0.990) ask=0.910 | market CONFIRMS (ask>=0.85, likely real run)
2026-05-16 21:45:15,756 DEBUG signal_engine Tape capture skip_2026-05-16_823627_8.5_127861: trades_5s=0 trades_30s=0 signed_30s=None ltp_ask_gap_3=-0.0867 stale=200.567s raw_n=100 fetch_ok=True
2026-05-16 21:45:15,892 DEBUG signal_engine Family B capture skip_2026-05-16_823627_8.5_127861: ask_touch=500.0 bid_touch=12.0 imb1=0.0234 imb5=0.4637 depth_below=500.0 depth_at=500.0 book_ok=True
2026-05-16 21:45:15,894 DEBUG signal_engine Family C capture skip_2026-05-16_823627_8.5_127861: ask_v5=-0.010533 ask_v30=-0.001767 mid_drift=-0.005 spread_ratio=0.913 ask_vol=0.018645 buffer_n=120 window_30s_n=7
2026-05-16 21:45:16,094 DEBUG signal_engine Tape capture skip_2026-05-16_823627_10.5_127875: trades_5s=0 trades_30s=0 signed_30s=None ltp_ask_gap_3=0.1233 stale=200.899s raw_n=100 fetch_ok=True
2026-05-16 21:45:16,201 DEBUG signal_engine Family B capture skip_2026-05-16_823627_10.5_127875: ask_touch=500.0 bid_touch=8.0 imb1=0.0157 imb5=0.3709 depth_below=5149.0 depth_at=4649.0 book_ok=True
2026-05-16 21:45:16,203 DEBUG signal_engine Family C capture skip_2026-05-16_823627_10.5_127875: ask_v5=-0.003936 ask_v30=-0.000699 mid_drift=0.01 spread_ratio=0.7143 ask_vol=0.009759 buffer_n=120 window_30s_n=7
2026-05-16 21:46:17,999 DEBUG mlb_poly_monitor Schedule state-change rollup for 2026-05-16: changes_total=325 changes_since_last_log=25 games=15 live=5 final=10 states=live=7|final=6:115, live=5|final=1:72, live=5|final=2:30, live=4|final=2:22
2026-05-16 21:46:22,298 DEBUG signal_engine Skip NYY@NYM line=8.5: Gate 8f saturation (base_fv=1.000 >= threshold=0.990) ask=0.870 | market CONFIRMS (ask>=0.85, likely real run)
2026-05-16 21:46:22,409 DEBUG signal_engine Tape capture skip_2026-05-16_823627_8.5_128147: trades_5s=0 trades_30s=0 signed_30s=None ltp_ask_gap_3=-0.0467 stale=267.297s raw_n=100 fetch_ok=True
2026-05-16 21:46:22,524 DEBUG signal_engine Family B capture skip_2026-05-16_823627_8.5_128147: ask_touch=500.0 bid_touch=8.0 imb1=0.0157 imb5=0.3962 depth_below=500.0 depth_at=0 book_ok=True
2026-05-16 21:46:22,525 DEBUG signal_engine Family C capture skip_2026-05-16_823627_8.5_128147: ask_v5=0.002091 ask_v30=0.002471 mid_drift=0.035 spread_ratio=1.8 ask_vol=0.034017 buffer_n=120 window_30s_n=7
2026-05-16 21:46:22,531 DEBUG signal_engine Skip SD@SEA line=10.5: Gate 8f saturation (base_fv=1.000 >= threshold=0.990) ask=0.780 | market AMBIGUOUS
2026-05-16 21:46:22,757 DEBUG signal_engine Tape capture skip_2026-05-16_823139_10.5_128151: trades_5s=0 trades_30s=0 signed_30s=None ltp_ask_gap_3=0.0433 stale=267.53s raw_n=100 fetch_ok=True
2026-05-16 21:46:22,874 DEBUG signal_engine Family B capture skip_2026-05-16_823139_10.5_128151: ask_touch=1032.02 bid_touch=49.0 imb1=0.0453 imb5=0.3512 depth_below=0 depth_at=0 book_ok=True
2026-05-16 21:46:22,878 DEBUG signal_engine Family C capture skip_2026-05-16_823139_10.5_128151: ask_v5=0.001992 ask_v30=-0.00035 mid_drift=-0.02 spread_ratio=1.0 ask_vol=0.01069 buffer_n=120 window_30s_n=7
2026-05-16 21:49:08,371 DEBUG signal_engine Skip NYY@NYM line=8.5: Gate 8f saturation (base_fv=1.000 >= threshold=0.990) ask=0.720 | market AMBIGUOUS
2026-05-16 21:49:08,457 DEBUG signal_engine Tape capture skip_2026-05-16_823627_8.5_128787: trades_5s=0 trades_30s=0 signed_30s=None ltp_ask_gap_3=0.1033 stale=433.371s raw_n=100 fetch_ok=True
2026-05-16 21:49:08,576 DEBUG signal_engine Family B capture skip_2026-05-16_823627_8.5_128787: ask_touch=662.0 bid_touch=17569.63 imb1=0.9637 imb5=0.7475 depth_below=0 depth_at=0 book_ok=True
2026-05-16 21:49:08,580 DEBUG signal_engine Family C capture skip_2026-05-16_823627_8.5_128787: ask_v5=0.0 ask_v30=0.0 mid_drift=0.0 spread_ratio=1.0 ask_vol=0.0 buffer_n=120 window_30s_n=7
2026-05-16 21:51:01,730 DEBUG signal_engine runtime debug rollup: events=970 unique_keys=61 by_kind={'inference_fallback': 485, 'stage2_adj': 216, 'stage3_adj': 269}
2026-05-16 21:51:01,730 DEBUG signal_engine runtime debug rollup detail kind=inference_fallback count=60 game=NYY@NYM line=10.5 inning=7 state=T7|outs=0|score=3-5|runners=7 source_key=po105 example=inference fallback NYY@NYM line=10.5: cell=4_5_7_T_0_0 level=1 label=bases_empty (line_mode=exact src=po105)
2026-05-16 21:51:01,730 DEBUG signal_engine runtime debug rollup detail kind=stage2_adj count=60 game=NYY@NYM line=10.5 inning=7 state=T7|outs=0|score=3-5|runners=7 source_key=Citi Field example=Stage-2 adj NYY@NYM line=10.5 inn=7: fv=0.783 -> 0.766  (delta=-0.096  weather_source='weather_v2:open-meteo:ok:usable'  park='Citi Field'  temp_bin='65-79F'  wind_bin='out_10plus')
2026-05-16 21:51:01,730 DEBUG signal_engine runtime debug rollup detail kind=stage3_adj count=60 game=NYY@NYM line=10.5 inning=7 state=T7|outs=0|score=3-5|runners=7 source_key=NYY-NYM|2026-05-16 example=Stage-3 adj NYY@NYM line=10.5 inn=7: s1+s2_fv=0.766 -> adj_fv=0.762  (delta=-0.023  away_rpg=4.85  home_rpg=4.37  expected=9.23 vs avg=8.89)
2026-05-16 21:51:01,730 DEBUG signal_engine runtime debug rollup detail kind=inference_fallback count=59 game=NYY@NYM line=8.5 inning=7 state=T7|outs=0|score=3-5|runners=7 source_key=po85 example=inference fallback NYY@NYM line=8.5: cell=4_5_7_T_0_0 level=1 label=bases_empty (line_mode=exact src=po85)
2026-05-16 21:51:01,731 DEBUG signal_engine runtime debug rollup detail kind=inference_fallback count=47 game=SD@SEA line=10.5 inning=8 state=B8|outs=0|score=7-3|runners=5 source_key=po105 example=inference fallback SD@SEA line=10.5: cell=7_4_8_B_0_0 level=1 label=bases_empty (line_mode=exact src=po105)
2026-05-16 21:51:01,731 DEBUG signal_engine runtime debug rollup detail kind=inference_fallback count=40 game=NYY@NYM line=11.5 inning=7 state=T7|outs=0|score=3-5|runners=7 source_key=po115 example=inference fallback NYY@NYM line=11.5: cell=4_5_7_T_0_0 level=1 label=bases_empty (line_mode=exact src=po115)
2026-05-16 21:51:01,731 DEBUG signal_engine runtime debug rollup detail kind=stage3_adj count=40 game=NYY@NYM line=11.5 inning=7 state=T7|outs=0|score=3-5|runners=7 source_key=NYY-NYM|2026-05-16 example=Stage-3 adj NYY@NYM line=11.5 inn=7: s1+s2_fv=0.548 -> adj_fv=0.543  (delta=-0.023  away_rpg=4.85  home_rpg=4.37  expected=9.23 vs avg=8.89)
2026-05-16 21:51:01,731 DEBUG signal_engine runtime debug rollup detail kind=stage2_adj count=25 game=NYY@NYM line=8.5 inning=6 state=B6|outs=2|score=2-5|runners=0 source_key=Citi Field example=Stage-2 adj NYY@NYM line=8.5 inn=6: fv=0.948 -> 0.942  (delta=-0.113  weather_source='weather_v2:open-meteo:ok:usable'  park='Citi Field'  temp_bin='65-79F'  wind_bin='out_10plus')
2026-05-16 21:51:01,731 DEBUG signal_engine runtime debug rollup detail kind=stage3_adj count=25 game=NYY@NYM line=8.5 inning=6 state=B6|outs=2|score=2-5|runners=0 source_key=NYY-NYM|2026-05-16 example=Stage-3 adj NYY@NYM line=8.5 inn=6: s1+s2_fv=0.942 -> adj_fv=0.940  (delta=-0.034  away_rpg=4.85  home_rpg=4.37  expected=9.23 vs avg=8.89)
2026-05-16 21:51:01,731 DEBUG signal_engine runtime debug rollup detail kind=inference_fallback count=23 game=NYY@NYM line=8.5 inning=6 state=T6|outs=1|score=2-5|runners=3 source_key=po85 example=inference fallback NYY@NYM line=8.5: cell=3_5_6_T_1_0 level=1 label=bases_empty (line_mode=exact src=po85)
2026-05-16 21:51:01,731 DEBUG signal_engine runtime debug rollup detail kind=stage2_adj count=23 game=NYY@NYM line=8.5 inning=6 state=T6|outs=1|score=2-5|runners=3 source_key=Citi Field example=Stage-2 adj NYY@NYM line=8.5 inn=6: fv=0.974 -> 0.971  (delta=-0.113  weather_source='weather_v2:open-meteo:ok:usable'  park='Citi Field'  temp_bin='65-79F'  wind_bin='out_10plus')
2026-05-16 21:51:01,731 DEBUG signal_engine runtime debug rollup detail kind=stage3_adj count=23 game=NYY@NYM line=8.5 inning=6 state=T6|outs=1|score=2-5|runners=3 source_key=NYY-NYM|2026-05-16 example=Stage-3 adj NYY@NYM line=8.5 inn=6: s1+s2_fv=0.971 -> adj_fv=0.970  (delta=-0.034  away_rpg=4.85  home_rpg=4.37  expected=9.23 vs avg=8.89)
2026-05-16 21:51:01,731 DEBUG signal_engine runtime debug rollup detail kind=inference_fallback count=21 game=NYY@NYM line=8.5 inning=7 state=T7|outs=2|score=3-5|runners=7 source_key=po85 example=inference fallback NYY@NYM line=8.5: cell=4_5_7_T_2_0 level=1 label=bases_empty (line_mode=exact src=po85)
2026-05-16 21:51:01,731 DEBUG signal_engine runtime debug rollup detail kind=stage2_adj count=20 game=NYY@NYM line=8.5 inning=6 state=B6|outs=1|score=2-5|runners=0 source_key=Citi Field example=Stage-2 adj NYY@NYM line=8.5 inn=6: fv=0.957 -> 0.953  (delta=-0.113  weather_source='weather_v2:open-meteo:ok:usable'  park='Citi Field'  temp_bin='65-79F'  wind_bin='out_10plus')
2026-05-16 21:51:01,731 DEBUG signal_engine runtime debug rollup detail kind=stage3_adj count=20 game=NYY@NYM line=8.5 inning=6 state=B6|outs=1|score=2-5|runners=0 source_key=NYY-NYM|2026-05-16 example=Stage-3 adj NYY@NYM line=8.5 inn=6: s1+s2_fv=0.953 -> adj_fv=0.951  (delta=-0.034  away_rpg=4.85  home_rpg=4.37  expected=9.23 vs avg=8.89)
2026-05-16 21:51:01,731 DEBUG signal_engine runtime debug rollup detail kind=inference_fallback count=19 game=NYY@NYM line=10.5 inning=7 state=T7|outs=0|score=3-5|runners=2 source_key=po105 example=inference fallback NYY@NYM line=10.5: cell=4_5_7_T_0_0 level=1 label=bases_empty (line_mode=exact src=po105)
2026-05-16 21:51:01,731 DEBUG signal_engine runtime debug rollup detail kind=stage2_adj count=19 game=NYY@NYM line=10.5 inning=7 state=T7|outs=0|score=3-5|runners=2 source_key=Citi Field example=Stage-2 adj NYY@NYM line=10.5 inn=7: fv=0.783 -> 0.766  (delta=-0.096  weather_source='weather_v2:open-meteo:ok:usable'  park='Citi Field'  temp_bin='65-79F'  wind_bin='out_10plus')
2026-05-16 21:51:01,731 DEBUG signal_engine runtime debug rollup detail kind=stage3_adj count=19 game=NYY@NYM line=10.5 inning=7 state=T7|outs=0|score=3-5|runners=2 source_key=NYY-NYM|2026-05-16 example=Stage-3 adj NYY@NYM line=10.5 inn=7: s1+s2_fv=0.766 -> adj_fv=0.762  (delta=-0.023  away_rpg=4.85  home_rpg=4.37  expected=9.23 vs avg=8.89)
2026-05-16 21:51:01,731 DEBUG signal_engine runtime debug rollup detail kind=inference_fallback count=18 game=NYY@NYM line=8.5 inning=6 state=T6|outs=2|score=2-5|runners=3 source_key=po85 example=inference fallback NYY@NYM line=8.5: cell=3_5_6_T_2_0 level=1 label=bases_empty (line_mode=exact src=po85)
2026-05-16 21:51:01,731 DEBUG signal_engine runtime debug rollup detail kind=stage2_adj count=18 game=NYY@NYM line=8.5 inning=6 state=T6|outs=2|score=2-5|runners=3 source_key=Citi Field example=Stage-2 adj NYY@NYM line=8.5 inn=6: fv=0.969 -> 0.966  (delta=-0.113  weather_source='weather_v2:open-meteo:ok:usable'  park='Citi Field'  temp_bin='65-79F'  wind_bin='out_10plus')
2026-05-16 21:51:01,731 DEBUG signal_engine runtime debug rollup detail kind=stage3_adj count=18 game=NYY@NYM line=8.5 inning=6 state=T6|outs=2|score=2-5|runners=3 source_key=NYY-NYM|2026-05-16 example=Stage-3 adj NYY@NYM line=8.5 inn=6: s1+s2_fv=0.966 -> adj_fv=0.964  (delta=-0.034  away_rpg=4.85  home_rpg=4.37  expected=9.23 vs avg=8.89)
2026-05-16 21:51:01,731 DEBUG signal_engine runtime debug rollup detail kind=inference_fallback count=18 game=SD@SEA line=9.5 inning=8 state=T8|outs=2|score=7-2|runners=1 source_key=po95 example=inference fallback SD@SEA line=9.5: cell=8_2_8_T_0_0 level=2 label=same_inning_half_any_outs (line_mode=exact src=po95)
2026-05-16 21:51:01,731 DEBUG signal_engine runtime debug rollup detail kind=inference_fallback count=18 game=NYY@NYM line=8.5 inning=7 state=T7|outs=0|score=3-5|runners=2 source_key=po85 example=inference fallback NYY@NYM line=8.5: cell=4_5_7_T_0_0 level=1 label=bases_empty (line_mode=exact src=po85)
2026-05-16 21:51:01,731 DEBUG signal_engine runtime debug rollup detail kind=inference_fallback count=17 game=SD@SEA line=9.5 inning=8 state=B8|outs=0|score=7-2|runners=2 source_key=po95 example=inference fallback SD@SEA line=9.5: cell=7_3_8_B_0_0 level=1 label=bases_empty (line_mode=exact src=po95)
2026-05-16 21:51:01,731 DEBUG signal_engine runtime debug rollup detail kind=inference_fallback count=16 game=NYY@NYM line=10.5 inning=7 state=T7|outs=0|score=3-5|runners=3 source_key=po105 example=inference fallback NYY@NYM line=10.5: cell=4_5_7_T_0_0 level=1 label=bases_empty (line_mode=exact src=po105)
2026-05-16 21:51:01,731 DEBUG signal_engine runtime debug rollup detail kind=stage2_adj count=16 game=NYY@NYM line=10.5 inning=7 state=T7|outs=0|score=3-5|runners=3 source_key=Citi Field example=Stage-2 adj NYY@NYM line=10.5 inn=7: fv=0.783 -> 0.766  (delta=-0.096  weather_source='weather_v2:open-meteo:ok:usable'  park='Citi Field'  temp_bin='65-79F'  wind_bin='out_10plus')
2026-05-16 21:51:01,731 DEBUG signal_engine runtime debug rollup detail kind=stage3_adj count=16 game=NYY@NYM line=10.5 inning=7 state=T7|outs=0|score=3-5|runners=3 source_key=NYY-NYM|2026-05-16 example=Stage-3 adj NYY@NYM line=10.5 inn=7: s1+s2_fv=0.766 -> adj_fv=0.762  (delta=-0.023  away_rpg=4.85  home_rpg=4.37  expected=9.23 vs avg=8.89)
2026-05-16 21:51:01,731 DEBUG signal_engine runtime debug rollup detail kind=inference_fallback count=15 game=NYY@NYM line=8.5 inning=7 state=T7|outs=0|score=3-5|runners=3 source_key=po85 example=inference fallback NYY@NYM line=8.5: cell=4_5_7_T_0_0 level=1 label=bases_empty (line_mode=exact src=po85)
2026-05-16 21:51:01,731 DEBUG signal_engine runtime debug rollup detail kind=inference_fallback count=14 game=SD@SEA line=10.5 inning=8 state=B8|outs=0|score=7-2|runners=3 source_key=po105 example=inference fallback SD@SEA line=10.5: cell=7_3_8_B_0_0 level=1 label=bases_empty (line_mode=exact src=po105)
2026-05-16 21:51:01,731 DEBUG signal_engine runtime debug rollup detail kind=stage2_adj count=14 game=SD@SEA line=10.5 inning=8 state=B8|outs=0|score=7-2|runners=3 source_key=T-Mobile Park example=Stage-2 adj SD@SEA line=10.5 inn=8: fv=0.765 -> 0.751  (delta=-0.082  weather_source='weather_v2:open-meteo:ok:not_usable'  park='T-Mobile Park'  temp_bin='unknown'  wind_bin='unknown')
2026-05-16 21:51:01,731 DEBUG signal_engine runtime debug rollup detail kind=stage3_adj count=14 game=SD@SEA line=10.5 inning=8 state=B8|outs=0|score=7-2|runners=3 source_key=SD-SEA|2026-05-16 example=Stage-3 adj SD@SEA line=10.5 inn=8: s1+s2_fv=0.751 -> adj_fv=0.745  (delta=-0.027  away_rpg=3.51  home_rpg=4.17  expected=7.68 vs avg=8.89)
2026-05-16 21:51:01,731 DEBUG signal_engine runtime debug rollup detail kind=inference_fallback count=14 game=NYY@NYM line=8.5 inning=7 state=T7|outs=1|score=3-5|runners=7 source_key=po85 example=inference fallback NYY@NYM line=8.5: cell=4_5_7_T_1_0 level=1 label=bases_empty (line_mode=exact src=po85)
2026-05-16 21:51:01,731 DEBUG signal_engine runtime debug rollup detail kind=inference_fallback count=13 game=NYY@NYM line=11.5 inning=7 state=T7|outs=0|score=3-5|runners=3 source_key=po115 example=inference fallback NYY@NYM line=11.5: cell=4_5_7_T_0_0 level=1 label=bases_empty (line_mode=exact src=po115)
2026-05-16 21:51:01,731 DEBUG signal_engine runtime debug rollup detail kind=stage3_adj count=13 game=NYY@NYM line=11.5 inning=7 state=T7|outs=0|score=3-5|runners=3 source_key=NYY-NYM|2026-05-16 example=Stage-3 adj NYY@NYM line=11.5 inn=7: s1+s2_fv=0.548 -> adj_fv=0.543  (delta=-0.023  away_rpg=4.85  home_rpg=4.37  expected=9.23 vs avg=8.89)
2026-05-16 21:51:01,731 DEBUG signal_engine runtime debug rollup detail kind=inference_fallback count=12 game=SD@SEA line=9.5 inning=8 state=T8|outs=2|score=7-2|runners=0 source_key=po95 example=inference fallback SD@SEA line=9.5: cell=8_2_8_T_0_0 level=2 label=same_inning_half_any_outs (line_mode=exact src=po95)
2026-05-16 21:51:01,731 DEBUG signal_engine runtime debug rollup detail kind=inference_fallback count=12 game=SD@SEA line=9.5 inning=8 state=B8|outs=0|score=7-2|runners=3 source_key=po95 example=inference fallback SD@SEA line=9.5: cell=7_3_8_B_0_0 level=1 label=bases_empty (line_mode=exact src=po95)
2026-05-16 21:51:01,731 DEBUG signal_engine runtime debug rollup detail kind=inference_fallback count=12 game=SD@SEA line=10.5 inning=8 state=B8|outs=0|score=7-2|runners=6 source_key=po105 example=inference fallback SD@SEA line=10.5: cell=7_4_8_B_0_0 level=1 label=bases_empty (line_mode=exact src=po105)
2026-05-16 21:51:01,731 DEBUG signal_engine runtime debug rollup detail kind=inference_fallback count=9 game=SD@SEA line=9.5 inning=8 state=B8|outs=0|score=7-2|runners=1 source_key=po95 example=inference fallback SD@SEA line=9.5: cell=7_3_8_B_0_0 level=1 label=bases_empty (line_mode=exact src=po95)
2026-05-16 21:51:01,731 DEBUG signal_engine runtime debug rollup detail kind=inference_fallback count=6 game=NYY@NYM line=10.5 inning=7 state=T7|outs=1|score=3-5|runners=7 source_key=po105 example=inference fallback NYY@NYM line=10.5: cell=4_5_7_T_1_0 level=1 label=bases_empty (line_mode=exact src=po105)
2026-05-16 21:51:01,731 DEBUG signal_engine runtime debug rollup detail kind=stage2_adj count=6 game=NYY@NYM line=10.5 inning=7 state=T7|outs=1|score=3-5|runners=7 source_key=Citi Field example=Stage-2 adj NYY@NYM line=10.5 inn=7: fv=0.740 -> 0.722  (delta=-0.096  weather_source='weather_v2:open-meteo:ok:usable'  park='Citi Field'  temp_bin='65-79F'  wind_bin='out_10plus')
2026-05-16 21:51:01,731 DEBUG signal_engine runtime debug rollup detail kind=stage3_adj count=6 game=NYY@NYM line=10.5 inning=7 state=T7|outs=1|score=3-5|runners=7 source_key=NYY-NYM|2026-05-16 example=Stage-3 adj NYY@NYM line=10.5 inn=7: s1+s2_fv=0.722 -> adj_fv=0.717  (delta=-0.023  away_rpg=4.85  home_rpg=4.37  expected=9.23 vs avg=8.89)
2026-05-16 21:51:01,731 DEBUG signal_engine runtime debug rollup detail kind=inference_fallback count=4 game=SD@SEA line=9.5 inning=8 state=T8|outs=0|score=7-2|runners=1 source_key=po95 example=inference fallback SD@SEA line=9.5: cell=8_2_8_T_0_0 level=1 label=bases_empty (line_mode=exact src=po95)
2026-05-16 21:51:01,731 DEBUG signal_engine runtime debug rollup detail kind=inference_fallback count=4 game=NYY@NYM line=8.5 inning=7 state=T7|outs=0|score=2-5|runners=2 source_key=po85 example=inference fallback NYY@NYM line=8.5: cell=3_5_7_T_0_0 level=1 label=bases_empty (line_mode=exact src=po85)
2026-05-16 21:51:01,731 DEBUG signal_engine runtime debug rollup detail kind=stage2_adj count=4 game=NYY@NYM line=8.5 inning=7 state=T7|outs=0|score=2-5|runners=2 source_key=Citi Field example=Stage-2 adj NYY@NYM line=8.5 inn=7: fv=0.944 -> 0.938  (delta=-0.113  weather_source='weather_v2:open-meteo:ok:usable'  park='Citi Field'  temp_bin='65-79F'  wind_bin='out_10plus')
2026-05-16 21:51:01,731 DEBUG signal_engine runtime debug rollup detail kind=stage3_adj count=4 game=NYY@NYM line=8.5 inning=7 state=T7|outs=0|score=2-5|runners=2 source_key=NYY-NYM|2026-05-16 example=Stage-3 adj NYY@NYM line=8.5 inn=7: s1+s2_fv=0.938 -> adj_fv=0.936  (delta=-0.023  away_rpg=4.85  home_rpg=4.37  expected=9.23 vs avg=8.89)
2026-05-16 21:51:01,731 DEBUG signal_engine runtime debug rollup detail kind=inference_fallback count=4 game=NYY@NYM line=9.5 inning=7 state=T7|outs=0|score=3-5|runners=2 source_key=po95 example=inference fallback NYY@NYM line=9.5: cell=4_5_7_T_0_0 level=1 label=bases_empty (line_mode=exact src=po95)
2026-05-16 21:51:01,731 DEBUG signal_engine runtime debug rollup detail kind=stage2_adj count=4 game=NYY@NYM line=9.5 inning=7 state=T7|outs=0|score=3-5|runners=2 source_key=Citi Field example=Stage-2 adj NYY@NYM line=9.5 inn=7: fv=0.944 -> 0.936  (delta=-0.143  weather_source='weather_v2:open-meteo:ok:usable'  park='Citi Field'  temp_bin='65-79F'  wind_bin='out_10plus')
2026-05-16 21:51:01,731 DEBUG signal_engine runtime debug rollup detail kind=stage3_adj count=4 game=NYY@NYM line=9.5 inning=7 state=T7|outs=0|score=3-5|runners=2 source_key=NYY-NYM|2026-05-16 example=Stage-3 adj NYY@NYM line=9.5 inn=7: s1+s2_fv=0.936 -> adj_fv=0.935  (delta=-0.023  away_rpg=4.85  home_rpg=4.37  expected=9.23 vs avg=8.89)
2026-05-16 21:51:01,731 DEBUG signal_engine runtime debug rollup detail kind=inference_fallback count=4 game=SD@SEA line=10.5 inning=8 state=B8|outs=1|score=7-3|runners=5 source_key=po105 example=inference fallback SD@SEA line=10.5: cell=7_4_8_B_1_0 level=1 label=bases_empty (line_mode=exact src=po105)
2026-05-16 21:51:01,731 DEBUG signal_engine runtime debug rollup detail kind=stage2_adj count=2 game=NYY@NYM line=8.5 inning=7 state=T7|outs=0|score=2-5|runners=0 source_key=Citi Field example=Stage-2 adj NYY@NYM line=8.5 inn=7: fv=0.944 -> 0.938  (delta=-0.113  weather_source='weather_v2:open-meteo:ok:usable'  park='Citi Field'  temp_bin='65-79F'  wind_bin='out_10plus')
2026-05-16 21:51:01,731 DEBUG signal_engine runtime debug rollup detail omitted_keys=11
2026-05-16 21:51:49,285 INFO mlb_poly_monitor STOP monitoring game 824600 (CHC@CWS, state=Final)
2026-05-16 21:51:52,748 INFO signal_engine SETTLED [2026-05-16_824600_7.5_0006] CHC@CWS O/U 7.5 OVER  final=3-8 (total=11 vs line=7.5)  WON  profit=$3.16
2026-05-16 21:51:52,748 INFO signal_engine SETTLED [2026-05-16_824600_9.5_0008] CHC@CWS O/U 9.5 OVER  final=3-8 (total=11 vs line=9.5)  WON  profit=$3.33
2026-05-16 21:51:52,757 INFO live_engine === ORDER LIFECYCLE SUMMARY (2026-05-16) -- placed=9 filled=9 (100%) never_filled=0 other_cancel=0 reserved_on_misses=$0.00 ===
2026-05-16 21:51:52,757 INFO live_engine === GAME SUMMARY (2026-05-16) ===
2026-05-16 21:51:52,757 INFO live_engine   BAL@WSH  final=3-13 (total=16) | O8.5(FILL,W,+6.13)  O10.5(FILL,W,+4.28)
2026-05-16 21:51:52,757 INFO live_engine   CHC@CWS  final=3-8 (total=11) | O7.5(FILL,W,+3.16)  O9.5(FILL,W,+3.33)
2026-05-16 21:51:52,757 INFO live_engine   CIN@CLE  final=4-7 (total=11) | O7.5(FILL,W,+2.50)
2026-05-16 21:51:52,757 INFO live_engine   TEX@HOU  final=1-4 (total=5) | O6.5(FILL,L,-9.99)
2026-05-16 21:51:52,757 INFO live_engine SETTLED [2026-05-16_824600_7.5_0006] CHC@CWS O/U 7.5 WIN | status=filled  FILLED  profit=+3.16 | final_total=11 (needed 7.5) | fv=0.966  limit=0.760  edge=0.176  S2=+0.132  S3=+0.014  ask_drop_5s=-0.020
2026-05-16 21:51:52,758 INFO live_engine SETTLED [2026-05-16_824600_9.5_0008] CHC@CWS O/U 9.5 WIN | status=filled  FILLED  profit=+3.33 | final_total=11 (needed 9.5) | fv=0.969  limit=0.750  edge=0.199  S2=-0.003  S3=+0.008  ask_drop_5s=+0.000
2026-05-16 21:51:56,612 WARNING signal_engine tick_buffer health: 91 line_states, 91 nonempty, len min/median/max=120/120/120, newest_age max=16992.9s, oldest_age max=17550.0s
2026-05-16 21:53:56,591 DEBUG signal_engine Skip NYY@NYM line=8.5: Gate 8f saturation (base_fv=1.000 >= threshold=0.990) ask=0.900 | market CONFIRMS (ask>=0.85, likely real run)
2026-05-16 21:53:56,806 DEBUG signal_engine Tape capture skip_2026-05-16_823627_8.5_129967: trades_5s=0 trades_30s=0 signed_30s=None ltp_ask_gap_3=-0.4 stale=119.591s raw_n=100 fetch_ok=True
2026-05-16 21:53:56,923 DEBUG signal_engine Family B capture skip_2026-05-16_823627_8.5_129967: ask_touch=8.0 bid_touch=61.0 imb1=0.8841 imb5=0.8888 depth_below=0 depth_at=0 book_ok=True
2026-05-16 21:53:56,924 DEBUG signal_engine Family C capture skip_2026-05-16_823627_8.5_129967: ask_v5=0.0 ask_v30=0.005486 mid_drift=0.13 spread_ratio=0.5854 ask_vol=0.082797 buffer_n=120 window_30s_n=8
2026-05-16 22:02:08,066 DEBUG mlb_poly_monitor Schedule refreshed for 2026-05-16: 15 games (4 live, 11 final; unchanged)
2026-05-16 22:04:34,738 DEBUG mlb_poly_monitor Polling 56 token books (4 active games)
2026-05-16 22:04:38,188 DEBUG mlb_poly_monitor Wrote 56 tick snapshots
2026-05-16 22:10:52,897 INFO mlb_poly_monitor STOP monitoring game 823139 (SD@SEA, state=Final)
2026-05-16 22:10:55,503 INFO signal_engine SETTLED [2026-05-16_823139_7.5_0005] SD@SEA O/U 7.5 OVER  final=7-4 (total=11 vs line=7.5)  WON  profit=$3.51
2026-05-16 22:10:55,510 INFO live_engine === ORDER LIFECYCLE SUMMARY (2026-05-16) -- placed=9 filled=9 (100%) never_filled=0 other_cancel=0 reserved_on_misses=$0.00 ===
2026-05-16 22:10:55,510 INFO live_engine === GAME SUMMARY (2026-05-16) ===
2026-05-16 22:10:55,511 INFO live_engine   BAL@WSH  final=3-13 (total=16) | O8.5(FILL,W,+6.13)  O10.5(FILL,W,+4.28)
2026-05-16 22:10:55,511 INFO live_engine   CHC@CWS  final=3-8 (total=11) | O7.5(FILL,W,+3.16)  O9.5(FILL,W,+3.33)
2026-05-16 22:10:55,511 INFO live_engine   CIN@CLE  final=4-7 (total=11) | O7.5(FILL,W,+2.50)
2026-05-16 22:10:55,511 INFO live_engine   SD@SEA  final=7-4 (total=11) | O7.5(FILL,W,+3.51)
2026-05-16 22:10:55,511 INFO live_engine   TEX@HOU  final=1-4 (total=5) | O6.5(FILL,L,-9.99)
2026-05-16 22:10:55,511 INFO live_engine SETTLED [2026-05-16_823139_7.5_0005] SD@SEA O/U 7.5 WIN | status=filled  FILLED  profit=+3.51 | final_total=11 (needed 7.5) | fv=0.971  limit=0.740  edge=0.181  S2=+0.040  S3=-0.135  ask_drop_5s=+0.010
2026-05-16 22:20:26,229 DEBUG mlb_poly_monitor Schedule state-change rollup for 2026-05-16: changes_total=350 changes_since_last_log=25 games=15 live=3 final=12 states=live=7|final=6:115, live=5|final=1:72, live=5|final=2:30, live=4|final=2:22
2026-05-16 22:21:01,941 DEBUG signal_engine runtime debug rollup: events=91 unique_keys=3 by_kind={'inference_fallback': 91}
2026-05-16 22:21:01,941 DEBUG signal_engine runtime debug rollup detail kind=inference_fallback count=48 game=NYY@NYM line=8.5 inning=7 state=B7|outs=1|score=3-5|runners=5 source_key=po85 example=inference fallback NYY@NYM line=8.5: cell=3_6_7_B_1_0 level=1 label=bases_empty (line_mode=exact src=po85)
2026-05-16 22:21:01,941 DEBUG signal_engine runtime debug rollup detail kind=inference_fallback count=27 game=NYY@NYM line=8.5 inning=7 state=B7|outs=0|score=3-5|runners=1 source_key=po85 example=inference fallback NYY@NYM line=8.5: cell=3_6_7_B_0_0 level=1 label=bases_empty (line_mode=exact src=po85)
2026-05-16 22:21:01,941 DEBUG signal_engine runtime debug rollup detail kind=inference_fallback count=16 game=NYY@NYM line=8.5 inning=7 state=B7|outs=1|score=3-5|runners=1 source_key=po85 example=inference fallback NYY@NYM line=8.5: cell=3_6_7_B_1_0 level=1 label=bases_empty (line_mode=exact src=po85)
2026-05-16 22:21:05,353 DEBUG mlb_poly_monitor Polling 42 token books (3 active games)
2026-05-16 22:21:07,958 DEBUG mlb_poly_monitor Wrote 42 tick snapshots
2026-05-16 22:21:59,194 WARNING signal_engine tick_buffer health: 91 line_states, 91 nonempty, len min/median/max=120/120/120, newest_age max=18795.5s, oldest_age max=19352.6s
2026-05-16 22:28:13,092 DEBUG signal_engine Skip SF@ATH line=7.5: current_total=3 < min=4 (mode=shadow arm=shadow relax_pass=True)
2026-05-16 22:31:29,489 INFO mlb_poly_monitor STOP monitoring game 823627 (NYY@NYM, state=Final)
2026-05-16 22:31:31,245 INFO signal_engine SETTLED [2026-05-16_823627_7.5_0007] NYY@NYM O/U 7.5 OVER  final=3-6 (total=9 vs line=7.5)  WON  profit=$5.38
2026-05-16 22:31:31,245 INFO signal_engine SETTLED [2026-05-16_823627_9.5_0009] NYY@NYM O/U 9.5 OVER  final=3-6 (total=9 vs line=9.5)  LOST  profit=$-10.00
2026-05-16 22:31:31,252 INFO live_engine === ORDER LIFECYCLE SUMMARY (2026-05-16) -- placed=9 filled=9 (100%) never_filled=0 other_cancel=0 reserved_on_misses=$0.00 ===
2026-05-16 22:31:31,252 INFO live_engine === GAME SUMMARY (2026-05-16) ===
2026-05-16 22:31:31,252 INFO live_engine   BAL@WSH  final=3-13 (total=16) | O8.5(FILL,W,+6.13)  O10.5(FILL,W,+4.28)
2026-05-16 22:31:31,252 INFO live_engine   CHC@CWS  final=3-8 (total=11) | O7.5(FILL,W,+3.16)  O9.5(FILL,W,+3.33)
2026-05-16 22:31:31,252 INFO live_engine   CIN@CLE  final=4-7 (total=11) | O7.5(FILL,W,+2.50)
2026-05-16 22:31:31,252 INFO live_engine   NYY@NYM  final=3-6 (total=9) | O7.5(FILL,W,+5.38)  O9.5(FILL,L,-10.00)
2026-05-16 22:31:31,253 INFO live_engine   SD@SEA  final=7-4 (total=11) | O7.5(FILL,W,+3.51)
2026-05-16 22:31:31,253 INFO live_engine   TEX@HOU  final=1-4 (total=5) | O6.5(FILL,L,-9.99)
2026-05-16 22:31:31,253 INFO live_engine SETTLED [2026-05-16_823627_7.5_0007] NYY@NYM O/U 7.5 WIN | status=filled  FILLED  profit=+5.38 | final_total=9 (needed 7.5) | fv=0.859  limit=0.650  edge=0.209  S2=-0.109  S3=-0.057  ask_drop_5s=-0.020
2026-05-16 22:31:31,253 INFO live_engine SETTLED [2026-05-16_823627_9.5_0009] NYY@NYM O/U 9.5 LOSS | status=filled  FILLED  profit=-10.00 | final_total=9 (needed 9.5) | fv=0.935  limit=0.700  edge=0.185  S2=-0.143  S3=-0.023  ask_drop_5s=+0.040
2026-05-16 22:34:10,116 DEBUG signal_engine Skip SF@ATH line=7.5: current_total=3 < min=4 (mode=shadow arm=shadow relax_pass=True)
2026-05-16 22:35:27,878 DEBUG mlb_poly_monitor Polling 28 token books (2 active games)
2026-05-16 22:35:29,653 DEBUG mlb_poly_monitor Wrote 28 tick snapshots
2026-05-16 22:35:45,109 DEBUG signal_engine Skip LAD@LAA line=5.5: current_total=1 < min=4 (mode=shadow arm=strict_block relax_pass=False)
2026-05-16 22:45:14,943 DEBUG signal_engine Skip SF@ATH line=7.5: current_total=3 < min=4 (mode=shadow arm=strict_block relax_pass=False)
2026-05-16 22:45:14,947 DEBUG signal_engine Skip SF@ATH line=8.5: current_total=3 < min=4 (mode=shadow arm=strict_block relax_pass=False)
2026-05-16 22:45:58,587 DEBUG signal_engine Skip SF@ATH line=9.5: runs_needed=4.5 > max=3.5 (total=5)
2026-05-16 22:45:58,798 DEBUG signal_engine Tape capture skip_2026-05-16_825007_9.5_145163: trades_5s=0 trades_30s=0 signed_30s=None ltp_ask_gap_3=-0.0437 stale=241.586s raw_n=100 fetch_ok=True
2026-05-16 22:45:58,821 DEBUG signal_engine Family B capture skip_2026-05-16_825007_9.5_145163: ask_touch=None bid_touch=None imb1=None imb5=None depth_below=None depth_at=None book_ok=False
2026-05-16 22:45:58,823 DEBUG signal_engine Family C capture skip_2026-05-16_825007_9.5_145163: ask_v5=0.0 ask_v30=0.002923 mid_drift=0.035 spread_ratio=0.9536 ask_vol=0.108334 buffer_n=120 window_30s_n=12
2026-05-16 22:46:03,929 DEBUG signal_engine Skip SF@ATH line=8.5: inning 5 bullpen-transition dead zone (rn=3.5 >= threshold 2.5) -- same rn at inn4 is 6W/0L
2026-05-16 22:46:04,149 DEBUG signal_engine Tape capture skip_2026-05-16_825007_8.5_145190: trades_5s=0 trades_30s=0 signed_30s=None ltp_ask_gap_3=-0.1437 stale=246.929s raw_n=100 fetch_ok=True
2026-05-16 22:46:04,311 DEBUG signal_engine Family B capture skip_2026-05-16_825007_8.5_145190: ask_touch=49.0 bid_touch=24.0 imb1=0.3288 imb5=0.4924 depth_below=0 depth_at=0 book_ok=True
2026-05-16 22:46:04,314 DEBUG signal_engine Family C capture skip_2026-05-16_825007_8.5_145190: ask_v5=-0.04898 ask_v30=0.000645 mid_drift=0.025 spread_ratio=0.3697 ask_vol=0.1 buffer_n=120 window_30s_n=12
2026-05-16 22:46:06,476 DEBUG signal_engine Skip SF@ATH line=7.5: inning 5 bullpen-transition dead zone (rn=2.5 >= threshold 2.5) -- same rn at inn4 is 6W/0L
2026-05-16 22:46:06,692 DEBUG signal_engine Tape capture skip_2026-05-16_825007_7.5_145203: trades_5s=0 trades_30s=0 signed_30s=None ltp_ask_gap_3=-0.2837 stale=249.477s raw_n=100 fetch_ok=True
2026-05-16 22:46:06,808 DEBUG signal_engine Family B capture skip_2026-05-16_825007_7.5_145203: ask_touch=49.0 bid_touch=12.0 imb1=0.1967 imb5=0.9574 depth_below=0 depth_at=0 book_ok=True
2026-05-16 22:46:06,812 DEBUG signal_engine Family C capture skip_2026-05-16_825007_7.5_145203: ask_v5=0.005876 ask_v30=0.000968 mid_drift=0.335 spread_ratio=0.3439 ask_vol=0.009962 buffer_n=120 window_30s_n=12
2026-05-16 22:48:18,457 DEBUG mlb_poly_monitor Polling 28 token books (2 active games)
2026-05-16 22:48:20,221 DEBUG mlb_poly_monitor Wrote 28 tick snapshots
2026-05-16 22:51:02,013 DEBUG signal_engine Skip SF@ATH line=8.5: inning 5 bullpen-transition dead zone (rn=3.5 >= threshold 2.5) -- same rn at inn4 is 6W/0L
2026-05-16 22:51:02,117 DEBUG signal_engine Tape capture skip_2026-05-16_825007_8.5_146814: trades_5s=0 trades_30s=0 signed_30s=None ltp_ask_gap_3=-0.0937 stale=545.013s raw_n=100 fetch_ok=True
2026-05-16 22:51:02,227 DEBUG signal_engine Family B capture skip_2026-05-16_825007_8.5_146814: ask_touch=20.0 bid_touch=14.0 imb1=0.4118 imb5=0.8329 depth_below=0 depth_at=0 book_ok=True
2026-05-16 22:51:02,229 DEBUG signal_engine Family C capture skip_2026-05-16_825007_8.5_146814: ask_v5=0.0 ask_v30=-0.002593 mid_drift=-0.085 spread_ratio=0.4426 ask_vol=0.072253 buffer_n=120 window_30s_n=12
2026-05-16 22:51:02,231 DEBUG signal_engine Skip SF@ATH line=7.5: inning 5 bullpen-transition dead zone (rn=2.5 >= threshold 2.5) -- same rn at inn4 is 6W/0L
2026-05-16 22:51:02,316 DEBUG signal_engine Tape capture skip_2026-05-16_825007_7.5_146818: trades_5s=0 trades_30s=0 signed_30s=None ltp_ask_gap_3=-0.2337 stale=545.231s raw_n=100 fetch_ok=True
2026-05-16 22:51:02,436 DEBUG signal_engine Family B capture skip_2026-05-16_825007_7.5_146818: ask_touch=49.0 bid_touch=29.0 imb1=0.3718 imb5=0.4884 depth_below=0 depth_at=0 book_ok=True
2026-05-16 22:51:02,440 DEBUG signal_engine Family C capture skip_2026-05-16_825007_7.5_146818: ask_v5=-0.00185 ask_v30=-0.001931 mid_drift=-0.07 spread_ratio=0.5189 ask_vol=0.068024 buffer_n=120 window_30s_n=12
2026-05-16 22:52:00,985 DEBUG signal_engine tick_buffer health: 91 line_states, 91 nonempty, len min/median/max=120/120/120, newest_age max=20597.3s, oldest_age max=21154.4s
2026-05-16 22:53:03,013 DEBUG mlb_poly_monitor Schedule refreshed for 2026-05-16: 15 games (2 live, 13 final; unchanged)
2026-05-16 22:53:36,000 DEBUG signal_engine Skip SF@ATH line=7.5: inning 5 bullpen-transition dead zone (rn=2.5 >= threshold 2.5) -- same rn at inn4 is 6W/0L
2026-05-16 22:53:36,183 DEBUG signal_engine Tape capture skip_2026-05-16_825007_7.5_147660: trades_5s=0 trades_30s=0 signed_30s=None ltp_ask_gap_3=-0.3233 stale=99.0s raw_n=100 fetch_ok=True
2026-05-16 22:53:36,300 DEBUG signal_engine Family B capture skip_2026-05-16_825007_7.5_147660: ask_touch=49.0 bid_touch=20.0 imb1=0.2899 imb5=0.2451 depth_below=0 depth_at=0 book_ok=True
2026-05-16 22:53:36,302 DEBUG signal_engine Family C capture skip_2026-05-16_825007_7.5_147660: ask_v5=0.0 ask_v30=0.000973 mid_drift=0.015 spread_ratio=0.8571 ask_vol=0.068108 buffer_n=120 window_30s_n=12
2026-05-16 22:53:36,305 DEBUG signal_engine Skip SF@ATH line=8.5: inning 5 bullpen-transition dead zone (rn=3.5 >= threshold 2.5) -- same rn at inn4 is 6W/0L
2026-05-16 22:53:36,518 DEBUG signal_engine Tape capture skip_2026-05-16_825007_8.5_147663: trades_5s=0 trades_30s=0 signed_30s=None ltp_ask_gap_3=-0.1733 stale=99.305s raw_n=100 fetch_ok=True
2026-05-16 22:53:36,628 DEBUG signal_engine Family B capture skip_2026-05-16_825007_8.5_147663: ask_touch=49.0 bid_touch=24.0 imb1=0.3288 imb5=0.6471 depth_below=0 depth_at=0 book_ok=True
2026-05-16 22:53:36,631 DEBUG signal_engine Family C capture skip_2026-05-16_825007_8.5_147663: ask_v5=0.001809 ask_v30=0.000642 mid_drift=0.015 spread_ratio=0.7328 ask_vol=0.035537 buffer_n=120 window_30s_n=12
2026-05-16 22:55:13,741 DEBUG signal_engine Skip SF@ATH line=9.5: runs_needed=4.5 > max=3.5 (total=5)
2026-05-16 22:55:13,979 DEBUG signal_engine Tape capture skip_2026-05-16_825007_9.5_148188: trades_5s=0 trades_30s=0 signed_30s=None ltp_ask_gap_3=-0.2233 stale=196.741s raw_n=100 fetch_ok=True
2026-05-16 22:55:14,096 DEBUG signal_engine Family B capture skip_2026-05-16_825007_9.5_148188: ask_touch=8.0 bid_touch=20.0 imb1=0.7143 imb5=0.4853 depth_below=0 depth_at=0 book_ok=True
2026-05-16 22:55:14,100 DEBUG signal_engine Family C capture skip_2026-05-16_825007_9.5_148188: ask_v5=-0.021544 ask_v30=0.006176 mid_drift=0.12 spread_ratio=0.7286 ask_vol=0.133847 buffer_n=120 window_30s_n=12
2026-05-16 22:58:13,342 DEBUG signal_engine Skip SF@ATH line=9.5: inning 5 bullpen-transition dead zone (rn=3.5 >= threshold 2.5) -- same rn at inn4 is 6W/0L
2026-05-16 22:58:13,423 DEBUG signal_engine Tape capture skip_2026-05-16_825007_9.5_149162: trades_5s=0 trades_30s=0 signed_30s=None ltp_ask_gap_3=-0.1333 stale=376.341s raw_n=100 fetch_ok=True
2026-05-16 22:58:13,540 DEBUG signal_engine Family B capture skip_2026-05-16_825007_9.5_149162: ask_touch=6062.16 bid_touch=8.0 imb1=0.0013 imb5=0.4957 depth_below=6062.16 depth_at=6062.16 book_ok=True
2026-05-16 22:58:13,542 DEBUG signal_engine Family C capture skip_2026-05-16_825007_9.5_149162: ask_v5=0.0 ask_v30=-0.000324 mid_drift=0.0 spread_ratio=0.3077 ask_vol=0.017123 buffer_n=120 window_30s_n=12
2026-05-16 22:58:13,627 DEBUG signal_engine Tape capture skip_2026-05-16_825007_7.5_149164: trades_5s=0 trades_30s=0 signed_30s=None ltp_ask_gap_3=-0.4333 stale=376.544s raw_n=100 fetch_ok=True
2026-05-16 22:58:13,742 DEBUG signal_engine Family B capture skip_2026-05-16_825007_7.5_149164: ask_touch=49.0 bid_touch=20.0 imb1=0.2899 imb5=0.5027 depth_below=0 depth_at=0 book_ok=True
2026-05-16 22:58:13,747 DEBUG signal_engine Family C capture skip_2026-05-16_825007_7.5_149164: ask_v5=0.003713 ask_v30=0.000645 mid_drift=0.01 spread_ratio=0.5197 ask_vol=0.029271 buffer_n=120 window_30s_n=12
2026-05-16 22:58:13,754 DEBUG signal_engine Skip SF@ATH line=8.5: inning 5 bullpen-transition dead zone (rn=2.5 >= threshold 2.5) -- same rn at inn4 is 6W/0L
2026-05-16 22:58:13,859 DEBUG signal_engine Tape capture skip_2026-05-16_825007_8.5_149171: trades_5s=0 trades_30s=0 signed_30s=None ltp_ask_gap_3=-0.2833 stale=376.755s raw_n=100 fetch_ok=True
2026-05-16 22:58:13,965 DEBUG signal_engine Family B capture skip_2026-05-16_825007_8.5_149171: ask_touch=20.0 bid_touch=8.0 imb1=0.2857 imb5=0.4988 depth_below=20.0 depth_at=20.0 book_ok=True
2026-05-16 22:58:13,967 DEBUG signal_engine Family C capture skip_2026-05-16_825007_8.5_149171: ask_v5=0.0 ask_v30=0.0 mid_drift=0.025 spread_ratio=0.4138 ask_vol=0.022962 buffer_n=120 window_30s_n=12
2026-05-16 22:59:30,465 DEBUG signal_engine Skip LAD@LAA line=5.5: current_total=1 < min=4 (mode=shadow arm=strict_block relax_pass=False)
2026-05-16 23:00:47,795 DEBUG signal_engine Skip SF@ATH line=8.5: inning 5 bullpen-transition dead zone (rn=2.5 >= threshold 2.5) -- same rn at inn4 is 6W/0L
2026-05-16 23:00:48,023 DEBUG signal_engine Tape capture skip_2026-05-16_825007_8.5_150002: trades_5s=0 trades_30s=0 signed_30s=None ltp_ask_gap_3=-0.1933 stale=229.796s raw_n=100 fetch_ok=True
2026-05-16 23:00:48,137 DEBUG signal_engine Family B capture skip_2026-05-16_825007_8.5_150002: ask_touch=880.0 bid_touch=24.0 imb1=0.0265 imb5=0.1004 depth_below=0 depth_at=0 book_ok=True
2026-05-16 23:00:48,141 DEBUG signal_engine Family C capture skip_2026-05-16_825007_8.5_150002: ask_v5=0.0 ask_v30=0.000969 mid_drift=0.005 spread_ratio=1.1613 ask_vol=0.013027 buffer_n=120 window_30s_n=12
2026-05-16 23:00:48,330 DEBUG signal_engine Tape capture skip_2026-05-16_825007_7.5_150013: trades_5s=0 trades_30s=0 signed_30s=None ltp_ask_gap_3=-0.3233 stale=230.148s raw_n=100 fetch_ok=True
2026-05-16 23:00:48,438 DEBUG signal_engine Family B capture skip_2026-05-16_825007_7.5_150013: ask_touch=49.0 bid_touch=20.0 imb1=0.2899 imb5=0.054 depth_below=0 depth_at=0 book_ok=True
2026-05-16 23:00:48,439 DEBUG signal_engine Family C capture skip_2026-05-16_825007_7.5_150013: ask_v5=0.0 ask_v30=0.000348 mid_drift=0.01 spread_ratio=0.878 ask_vol=0.005149 buffer_n=120 window_30s_n=12
2026-05-16 23:01:09,356 DEBUG mlb_poly_monitor Polling 28 token books (2 active games)
2026-05-16 23:01:11,119 DEBUG mlb_poly_monitor Wrote 28 tick snapshots
2026-05-16 23:02:43,455 DEBUG signal_engine Skip LAD@LAA line=6.5: current_total=1 < min=4 (mode=shadow arm=strict_block relax_pass=False)
2026-05-16 23:02:51,265 DEBUG signal_engine Tape capture skip_2026-05-16_825007_7.5_150678: trades_5s=0 trades_30s=0 signed_30s=None ltp_ask_gap_3=-0.3033 stale=353.171s raw_n=100 fetch_ok=True
2026-05-16 23:02:51,381 DEBUG signal_engine Family B capture skip_2026-05-16_825007_7.5_150678: ask_touch=5.0 bid_touch=20.0 imb1=0.8 imb5=0.7016 depth_below=0 depth_at=0 book_ok=True
2026-05-16 23:02:51,384 DEBUG signal_engine Family C capture skip_2026-05-16_825007_7.5_150678: ask_v5=0.0 ask_v30=-0.000325 mid_drift=-0.01 spread_ratio=0.9153 ask_vol=0.021088 buffer_n=120 window_30s_n=12
2026-05-16 23:02:51,386 DEBUG signal_engine Skip SF@ATH line=8.5: inning 6 setup-reliever dead zone (rn=2.5 >= threshold 2.5) -- 5yr backtest: 63% WR on 1569 bets
2026-05-16 23:02:51,483 DEBUG signal_engine Tape capture skip_2026-05-16_825007_8.5_150680: trades_5s=0 trades_30s=0 signed_30s=None ltp_ask_gap_3=-0.1533 stale=353.386s raw_n=100 fetch_ok=True
2026-05-16 23:02:51,596 DEBUG signal_engine Family B capture skip_2026-05-16_825007_8.5_150680: ask_touch=28.0 bid_touch=42.0 imb1=0.6 imb5=0.3875 depth_below=0 depth_at=0 book_ok=True
2026-05-16 23:02:51,598 DEBUG signal_engine Family C capture skip_2026-05-16_825007_8.5_150680: ask_v5=0.0 ask_v30=0.0 mid_drift=-0.005 spread_ratio=0.7273 ask_vol=0.030588 buffer_n=120 window_30s_n=12
2026-05-16 23:03:52,838 DEBUG signal_engine Skip LAD@LAA line=5.5: current_total=2 < min=4 (mode=shadow arm=strict_block relax_pass=False)
2026-05-16 23:03:52,841 DEBUG signal_engine Skip LAD@LAA line=6.5: current_total=2 < min=4 (mode=shadow arm=strict_block relax_pass=False)
2026-05-16 23:04:10,767 DEBUG signal_engine Skip SF@ATH line=9.5: inning 6 setup-reliever dead zone (rn=3.5 >= threshold 2.5) -- 5yr backtest: 63% WR on 1569 bets
2026-05-16 23:04:10,977 DEBUG signal_engine Tape capture skip_2026-05-16_825007_9.5_151110: trades_5s=0 trades_30s=0 signed_30s=None ltp_ask_gap_3=-0.23 stale=152.768s raw_n=100 fetch_ok=True
2026-05-16 23:04:11,095 DEBUG signal_engine Family B capture skip_2026-05-16_825007_9.5_151110: ask_touch=450.0 bid_touch=6.0 imb1=0.0132 imb5=0.434 depth_below=0 depth_at=0 book_ok=True
2026-05-16 23:04:11,096 DEBUG signal_engine Family C capture skip_2026-05-16_825007_9.5_151110: ask_v5=0.011731 ask_v30=0.001947 mid_drift=0.03 spread_ratio=1.7931 ask_vol=0.017816 buffer_n=120 window_30s_n=12
2026-05-16 23:04:47,047 DEBUG signal_engine Skip LAD@LAA line=7.5: current_total=2 < min=4 (mode=shadow arm=strict_block relax_pass=False)
2026-05-16 23:05:25,589 DEBUG signal_engine Skip LAD@LAA line=6.5: current_total=3 < min=4 (mode=shadow arm=strict_block relax_pass=False)
2026-05-16 23:05:25,593 DEBUG signal_engine Skip SF@ATH line=8.5: inning 6 setup-reliever dead zone (rn=2.5 >= threshold 2.5) -- 5yr backtest: 63% WR on 1569 bets
2026-05-16 23:05:25,670 DEBUG signal_engine Tape capture skip_2026-05-16_825007_8.5_151515: trades_5s=0 trades_30s=0 signed_30s=None ltp_ask_gap_3=-0.1333 stale=507.593s raw_n=100 fetch_ok=True
2026-05-16 23:05:25,786 DEBUG signal_engine Family B capture skip_2026-05-16_825007_8.5_151515: ask_touch=20.0 bid_touch=4649.0 imb1=0.9957 imb5=0.4956 depth_below=0 depth_at=0 book_ok=True
2026-05-16 23:05:25,790 DEBUG signal_engine Family C capture skip_2026-05-16_825007_8.5_151515: ask_v5=-0.023167 ask_v30=0.0 mid_drift=-0.04 spread_ratio=0.44 ask_vol=0.054328 buffer_n=120 window_30s_n=12
2026-05-16 23:05:25,792 DEBUG signal_engine Skip LAD@LAA line=5.5: current_total=3 < min=4 (mode=shadow arm=strict_block relax_pass=False)
2026-05-16 23:05:25,886 DEBUG signal_engine Tape capture skip_2026-05-16_825007_7.5_151521: trades_5s=0 trades_30s=0 signed_30s=None ltp_ask_gap_3=-0.2933 stale=507.794s raw_n=100 fetch_ok=True
2026-05-16 23:05:25,994 DEBUG signal_engine Family B capture skip_2026-05-16_825007_7.5_151521: ask_touch=42.0 bid_touch=21.0 imb1=0.3333 imb5=0.4335 depth_below=0 depth_at=0 book_ok=True
2026-05-16 23:05:25,998 DEBUG signal_engine Family C capture skip_2026-05-16_825007_7.5_151521: ask_v5=-0.00186 ask_v30=0.000322 mid_drift=-0.01 spread_ratio=0.6783 ask_vol=0.044381 buffer_n=120 window_30s_n=12
2026-05-16 23:05:26,002 DEBUG signal_engine Skip LAD@LAA line=7.5: current_total=3 < min=4 (mode=shadow arm=strict_block relax_pass=False)
2026-05-16 23:06:57,839 DEBUG signal_engine Tape capture skip_2026-05-16_825007_7.5_152025: trades_5s=0 trades_30s=0 signed_30s=None ltp_ask_gap_3=-0.45 stale=319.623s raw_n=100 fetch_ok=True
2026-05-16 23:06:57,949 DEBUG signal_engine Family B capture skip_2026-05-16_825007_7.5_152025: ask_touch=21.0 bid_touch=500.0 imb1=0.9597 imb5=0.513 depth_below=0 depth_at=0 book_ok=True
2026-05-16 23:06:57,950 DEBUG signal_engine Family C capture skip_2026-05-16_825007_7.5_152025: ask_v5=-0.001944 ask_v30=-0.000326 mid_drift=-0.005 spread_ratio=0.8421 ask_vol=0.007538 buffer_n=120 window_30s_n=12
2026-05-16 23:06:57,953 DEBUG signal_engine Skip SF@ATH line=8.5: inning 6 setup-reliever dead zone (rn=2.5 >= threshold 2.5) -- 5yr backtest: 63% WR on 1569 bets
2026-05-16 23:06:58,138 DEBUG signal_engine Tape capture skip_2026-05-16_825007_8.5_152030: trades_5s=0 trades_30s=0 signed_30s=None ltp_ask_gap_3=-0.31 stale=319.954s raw_n=100 fetch_ok=True
2026-05-16 23:06:58,254 DEBUG signal_engine Family B capture skip_2026-05-16_825007_8.5_152030: ask_touch=9298.0 bid_touch=8.0 imb1=0.0009 imb5=0.486 depth_below=0 depth_at=0 book_ok=True
2026-05-16 23:06:58,256 DEBUG signal_engine Family C capture skip_2026-05-16_825007_8.5_152030: ask_v5=0.0 ask_v30=0.0 mid_drift=0.005 spread_ratio=0.5854 ask_vol=0.005149 buffer_n=120 window_30s_n=12
2026-05-16 23:07:20,911 DEBUG signal_engine Skip SF@ATH line=9.5: inning 6 setup-reliever dead zone (rn=3.5 >= threshold 2.5) -- 5yr backtest: 63% WR on 1569 bets
2026-05-16 23:07:21,000 DEBUG signal_engine Tape capture skip_2026-05-16_825007_9.5_152151: trades_5s=0 trades_30s=0 signed_30s=None ltp_ask_gap_3=-0.23 stale=342.911s raw_n=100 fetch_ok=True
2026-05-16 23:07:21,112 DEBUG signal_engine Family B capture skip_2026-05-16_825007_9.5_152151: ask_touch=25.0 bid_touch=42.0 imb1=0.6269 imb5=0.4551 depth_below=0 depth_at=0 book_ok=True
2026-05-16 23:07:21,113 DEBUG signal_engine Family C capture skip_2026-05-16_825007_9.5_152151: ask_v5=0.019489 ask_v30=0.002905 mid_drift=0.01 spread_ratio=5.3684 ask_vol=0.029987 buffer_n=120 window_30s_n=12
2026-05-16 23:10:00,421 DEBUG mlb_poly_monitor Schedule state-change rollup for 2026-05-16: changes_total=375 changes_since_last_log=25 games=15 live=2 final=13 states=live=7|final=6:115, live=5|final=1:72, live=5|final=2:30, live=4|final=2:22
2026-05-16 23:10:02,561 DEBUG signal_engine Skip LAD@LAA line=7.5: inning 6 setup-reliever dead zone (rn=3.5 >= threshold 2.5) -- 5yr backtest: 63% WR on 1569 bets
2026-05-16 23:10:02,772 DEBUG signal_engine Tape capture skip_2026-05-16_824038_7.5_153026: trades_5s=0 trades_30s=0 signed_30s=None ltp_ask_gap_3=-0.0567 stale=182.562s raw_n=100 fetch_ok=True
2026-05-16 23:10:02,890 DEBUG signal_engine Family B capture skip_2026-05-16_824038_7.5_153026: ask_touch=898.0 bid_touch=18281.18 imb1=0.9532 imb5=0.505 depth_below=0 depth_at=0 book_ok=True
2026-05-16 23:10:02,893 DEBUG signal_engine Family C capture skip_2026-05-16_824038_7.5_153026: ask_v5=0.0 ask_v30=0.0 mid_drift=0.005 spread_ratio=0.7347 ask_vol=0.007177 buffer_n=120 window_30s_n=12
2026-05-16 23:10:02,895 DEBUG signal_engine Skip SF@ATH line=8.5: inning 6 setup-reliever dead zone (rn=2.5 >= threshold 2.5) -- 5yr backtest: 63% WR on 1569 bets
2026-05-16 23:10:02,989 DEBUG signal_engine Tape capture skip_2026-05-16_825007_8.5_153028: trades_5s=0 trades_30s=0 signed_30s=None ltp_ask_gap_3=-0.3 stale=504.896s raw_n=100 fetch_ok=True
2026-05-16 23:10:03,120 DEBUG signal_engine Family B capture skip_2026-05-16_825007_8.5_153028: ask_touch=5149.0 bid_touch=8.0 imb1=0.0016 imb5=0.4984 depth_below=0 depth_at=0 book_ok=True
2026-05-16 23:10:03,123 DEBUG signal_engine Family C capture skip_2026-05-16_825007_8.5_153028: ask_v5=0.0 ask_v30=0.002573 mid_drift=0.075 spread_ratio=0.4737 ask_vol=0.016026 buffer_n=120 window_30s_n=12
2026-05-16 23:10:03,229 DEBUG signal_engine Tape capture skip_2026-05-16_825007_7.5_153030: trades_5s=0 trades_30s=0 signed_30s=None ltp_ask_gap_3=-0.43 stale=505.126s raw_n=100 fetch_ok=True
2026-05-16 23:10:03,345 DEBUG signal_engine Family B capture skip_2026-05-16_825007_7.5_153030: ask_touch=500.0 bid_touch=21.0 imb1=0.0403 imb5=0.4472 depth_below=0 depth_at=0 book_ok=True
2026-05-16 23:10:03,347 DEBUG signal_engine Family C capture skip_2026-05-16_825007_7.5_153030: ask_v5=-0.003497 ask_v30=0.000348 mid_drift=0.325 spread_ratio=0.2637 ask_vol=0.019695 buffer_n=120 window_30s_n=12
2026-05-16 23:10:03,551 DEBUG signal_engine Tape capture skip_2026-05-16_824038_5.5_153032: trades_5s=0 trades_30s=0 signed_30s=None ltp_ask_gap_3=-0.2967 stale=183.35s raw_n=100 fetch_ok=True
2026-05-16 23:10:03,660 DEBUG signal_engine Family B capture skip_2026-05-16_824038_5.5_153032: ask_touch=8.0 bid_touch=8.0 imb1=0.5 imb5=0.3517 depth_below=0 depth_at=0 book_ok=True
2026-05-16 23:10:03,661 DEBUG signal_engine Family C capture skip_2026-05-16_824038_5.5_153032: ask_v5=0.0 ask_v30=-0.000345 mid_drift=-0.005 spread_ratio=0.8696 ask_vol=0.004924 buffer_n=120 window_30s_n=12
2026-05-16 23:10:03,664 DEBUG signal_engine Skip LAD@LAA line=6.5: inning 6 setup-reliever dead zone (rn=2.5 >= threshold 2.5) -- 5yr backtest: 63% WR on 1569 bets
2026-05-16 23:10:03,839 DEBUG signal_engine Tape capture skip_2026-05-16_824038_6.5_153035: trades_5s=0 trades_30s=0 signed_30s=None ltp_ask_gap_3=-0.1767 stale=183.664s raw_n=100 fetch_ok=True
2026-05-16 23:10:03,947 DEBUG signal_engine Family B capture skip_2026-05-16_824038_6.5_153035: ask_touch=666.0 bid_touch=500.0 imb1=0.4288 imb5=0.4466 depth_below=0 depth_at=0 book_ok=True
2026-05-16 23:10:03,948 DEBUG signal_engine Family C capture skip_2026-05-16_824038_6.5_153035: ask_v5=0.0 ask_v30=0.000341 mid_drift=0.015 spread_ratio=0.8136 ask_vol=0.009003 buffer_n=120 window_30s_n=12
2026-05-16 23:10:34,311 DEBUG signal_engine Skip LAD@LAA line=5.5: Gate 8f saturation (base_fv=0.995 >= threshold=0.990) ask=0.980 | market CONFIRMS (ask>=0.85, likely real run)
2026-05-16 23:10:34,400 DEBUG signal_engine Tape capture skip_2026-05-16_824038_5.5_153197: trades_5s=0 trades_30s=0 signed_30s=None ltp_ask_gap_3=-0.3367 stale=214.31s raw_n=100 fetch_ok=True
2026-05-16 23:10:34,512 DEBUG signal_engine Family B capture skip_2026-05-16_824038_5.5_153197: ask_touch=13.44 bid_touch=21.0 imb1=0.6098 imb5=0.9664 depth_below=0 depth_at=0 book_ok=True
2026-05-16 23:10:34,519 DEBUG signal_engine Family C capture skip_2026-05-16_824038_5.5_153197: ask_v5=0.001935 ask_v30=0.001292 mid_drift=0.01 spread_ratio=1.5 ask_vol=0.019129 buffer_n=120 window_30s_n=12
2026-05-16 23:11:12,970 DEBUG signal_engine Skip LAD@LAA line=9.5: pace=(6.0/9inn) insufficient for line=9.5 (total=4 inn=6)
2026-05-16 23:11:13,173 DEBUG signal_engine Tape capture skip_2026-05-16_824038_9.5_153398: trades_5s=0 trades_30s=0 signed_30s=None ltp_ask_gap_3=0.0433 stale=252.971s raw_n=100 fetch_ok=True
2026-05-16 23:11:13,291 DEBUG signal_engine Family B capture skip_2026-05-16_824038_9.5_153398: ask_touch=6.0 bid_touch=20.0 imb1=0.7692 imb5=0.1634 depth_below=0 depth_at=0 book_ok=True
2026-05-16 23:11:13,293 DEBUG signal_engine Family C capture skip_2026-05-16_824038_9.5_153398: ask_v5=0.0 ask_v30=0.004225 mid_drift=0.12 spread_ratio=0.2817 ask_vol=0.044747 buffer_n=120 window_30s_n=12
2026-05-16 23:11:15,854 DEBUG signal_engine Skip LAD@LAA line=8.5: pace=(6.0/9inn) insufficient for line=8.5 (total=4 inn=6)
2026-05-16 23:11:16,039 DEBUG signal_engine Tape capture skip_2026-05-16_824038_8.5_153406: trades_5s=0 trades_30s=0 signed_30s=None ltp_ask_gap_3=-0.1467 stale=255.854s raw_n=100 fetch_ok=True
2026-05-16 23:11:16,155 DEBUG signal_engine Family B capture skip_2026-05-16_824038_8.5_153406: ask_touch=10.0 bid_touch=21.0 imb1=0.6774 imb5=0.7355 depth_below=0 depth_at=0 book_ok=True
2026-05-16 23:11:16,159 DEBUG signal_engine Family C capture skip_2026-05-16_824038_8.5_153406: ask_v5=0.001836 ask_v30=0.006113 mid_drift=0.155 spread_ratio=0.3143 ask_vol=0.088468 buffer_n=120 window_30s_n=12
2026-05-16 23:12:07,445 DEBUG signal_engine Skip LAD@LAA line=9.5: inning 6 setup-reliever dead zone (rn=3.5 >= threshold 2.5) -- 5yr backtest: 63% WR on 1569 bets
2026-05-16 23:12:07,567 DEBUG signal_engine Tape capture skip_2026-05-16_824038_9.5_153663: trades_5s=0 trades_30s=0 signed_30s=None ltp_ask_gap_3=0.0433 stale=307.445s raw_n=100 fetch_ok=True
2026-05-16 23:12:07,683 DEBUG signal_engine Family B capture skip_2026-05-16_824038_9.5_153663: ask_touch=8.0 bid_touch=20.0 imb1=0.7143 imb5=0.6468 depth_below=0 depth_at=0 book_ok=True
2026-05-16 23:12:07,687 DEBUG signal_engine Family C capture skip_2026-05-16_824038_9.5_153663: ask_v5=0.0 ask_v30=-0.001626 mid_drift=-0.01 spread_ratio=0.2697 ask_vol=0.025746 buffer_n=120 window_30s_n=12
2026-05-16 23:12:07,690 DEBUG signal_engine Gate 8e conditional relax APPLIED LAD@LAA line=6.5 (mode=enforce arm=enforce trail=0 lead=6 inn=6 ask=0.960 rn=0.50)
2026-05-16 23:12:07,691 DEBUG signal_engine Skip LAD@LAA line=6.5: Gate 8f saturation (base_fv=1.000 >= threshold=0.990) ask=0.960 | market CONFIRMS (ask>=0.85, likely real run)
2026-05-16 23:12:07,772 DEBUG signal_engine Tape capture skip_2026-05-16_824038_6.5_153668: trades_5s=0 trades_30s=0 signed_30s=None ltp_ask_gap_3=-0.3167 stale=307.69s raw_n=100 fetch_ok=True
2026-05-16 23:12:07,887 DEBUG signal_engine Family B capture skip_2026-05-16_824038_6.5_153668: ask_touch=18.23 bid_touch=42.0 imb1=0.6973 imb5=0.6585 depth_below=0 depth_at=0 book_ok=True
2026-05-16 23:12:07,890 DEBUG signal_engine Family C capture skip_2026-05-16_824038_6.5_153668: ask_v5=0.0 ask_v30=0.0 mid_drift=0.0 spread_ratio=0.5854 ask_vol=0.0 buffer_n=120 window_30s_n=12
2026-05-16 23:12:07,892 DEBUG signal_engine Skip LAD@LAA line=8.5: inning 6 setup-reliever dead zone (rn=2.5 >= threshold 2.5) -- 5yr backtest: 63% WR on 1569 bets
2026-05-16 23:12:08,008 DEBUG signal_engine Tape capture skip_2026-05-16_824038_8.5_153669: trades_5s=0 trades_30s=0 signed_30s=None ltp_ask_gap_3=-0.1367 stale=307.892s raw_n=100 fetch_ok=True
2026-05-16 23:12:08,125 DEBUG signal_engine Family B capture skip_2026-05-16_824038_8.5_153669: ask_touch=42.0 bid_touch=20.0 imb1=0.3226 imb5=0.2913 depth_below=0 depth_at=0 book_ok=True
2026-05-16 23:12:08,129 DEBUG signal_engine Family C capture skip_2026-05-16_824038_8.5_153669: ask_v5=-0.016092 ask_v30=0.000641 mid_drift=0.02 spread_ratio=0.4305 ask_vol=0.07317 buffer_n=120 window_30s_n=12
2026-05-16 23:12:08,131 DEBUG signal_engine Gate 8e conditional relax APPLIED LAD@LAA line=7.5 (mode=enforce arm=enforce trail=0 lead=6 inn=6 ask=0.890 rn=1.50)
2026-05-16 23:12:08,228 DEBUG signal_engine Tape capture skip_2026-05-16_824038_7.5_153670: trades_5s=0 trades_30s=0 signed_30s=None ltp_ask_gap_3=-0.2467 stale=308.132s raw_n=100 fetch_ok=True
2026-05-16 23:12:08,343 DEBUG signal_engine Family B capture skip_2026-05-16_824038_7.5_153670: ask_touch=42.0 bid_touch=42.0 imb1=0.5 imb5=0.1421 depth_below=0 depth_at=0 book_ok=True
2026-05-16 23:12:08,348 DEBUG signal_engine Family C capture skip_2026-05-16_824038_7.5_153670: ask_v5=0.0 ask_v30=-0.001385 mid_drift=0.08 spread_ratio=0.5926 ask_vol=0.025981 buffer_n=120 window_30s_n=12
2026-05-16 23:13:09,704 INFO live_engine Calibrated-stake [SHADOW] SF@ATH line=7.5 calibrated_edge=-0.0611 multiplier=0.500 base=$10.00 -> stake=$10.00 (shadow only -- stake unchanged)
2026-05-16 23:13:09,707 INFO live_engine EV policy [SHADOW] SF@ATH line=7.5 allow=False p_win=0.636 p_fill=0.502 ev_if_filled=-1.40 ev_per_stake=-0.0702
2026-05-16 23:13:09,708 INFO live_engine LIVE BET [2026-05-16_825007_7.5_0010] SF@ATH O/U 7.5 OVER | decision_ask=0.750  exec_bid=0.720  exec_ask=0.750  spread=0.030  ltp=0.730  limit=0.740 | FV=0.967 (base=0.966 S2=+0.052 S3=-0.034) | edge=0.217 | inn=B6  outs=0  score=5-1  rn=1.5  runners=1 | stake=$10.00 shares=13.5135 (flat)
2026-05-16 23:13:10,108 DEBUG polymarket_client Order posted: price=0.740  shares=13.5135  max_cost=$10.00  sign=243ms  post=157ms  resp={'errorMsg': '', 'orderID': '0x34a32634800448f9d2a5563ba9f2a4b19d12d0b109eebe8ec4466f023b7c08bc', 'takingAmount': '', 'makingAmount': '', 'status': 'live', 'success': True}
2026-05-16 23:13:10,109 INFO polymarket_client Order accepted: id=0x34a32634800448f9d2a5563ba9f2a4b19d12d0b109eebe8ec4466f023b7c08bc  status=live  price=0.740  shares=13.5135  max_cost=$10.00  sign=243ms  post=157ms
2026-05-16 23:13:10,110 INFO live_engine ORDER PLACED [2026-05-16_825007_7.5_0010] order_id=0x34a32634800448f9d2a5563ba9f2a4b19d12d0b109eebe8ec4466f023b7c08bc  status=live raw_status=live  sign_ms=243  post_ms=157
2026-05-16 23:13:10,122 INFO live_engine === ORDER LIFECYCLE SUMMARY (2026-05-16) -- placed=10 filled=9 (90%) never_filled=0 other_cancel=0 reserved_on_misses=$0.00 ===
2026-05-16 23:13:10,122 INFO live_engine === GAME SUMMARY (2026-05-16) ===
2026-05-16 23:13:10,122 INFO live_engine   BAL@WSH  final=3-13 (total=16) | O8.5(FILL,W,+6.13)  O10.5(FILL,W,+4.28)
2026-05-16 23:13:10,122 INFO live_engine   CHC@CWS  final=3-8 (total=11) | O7.5(FILL,W,+3.16)  O9.5(FILL,W,+3.33)
2026-05-16 23:13:10,122 INFO live_engine   CIN@CLE  final=4-7 (total=11) | O7.5(FILL,W,+2.50)
2026-05-16 23:13:10,122 INFO live_engine   NYY@NYM  final=3-6 (total=9) | O7.5(FILL,W,+5.38)  O9.5(FILL,L,-10.00)
2026-05-16 23:13:10,122 INFO live_engine   SD@SEA  final=7-4 (total=11) | O7.5(FILL,W,+3.51)
2026-05-16 23:13:10,123 INFO live_engine   TEX@HOU  final=1-4 (total=5) | O6.5(FILL,L,-9.99)
2026-05-16 23:13:10,342 DEBUG signal_engine Tape capture 2026-05-16_825007_7.5_0010: trades_5s=0 trades_30s=0 signed_30s=None ltp_ask_gap_3=-0.03 stale=70.591s raw_n=100 fetch_ok=True
2026-05-16 23:13:10,448 DEBUG signal_engine Family B capture 2026-05-16_825007_7.5_0010: ask_touch=4649.0 bid_touch=13.51 imb1=0.0029 imb5=0.5186 depth_below=0 depth_at=0 book_ok=True
2026-05-16 23:13:10,450 DEBUG signal_engine Family C capture 2026-05-16_825007_7.5_0010: ask_v5=-0.044378 ask_v30=-0.002919 mid_drift=-0.07 spread_ratio=0.1136 ask_vol=0.083498 buffer_n=120 window_30s_n=12
2026-05-16 23:13:10,453 DEBUG signal_engine Book capture started: 2026-05-16_825007_7.5_0010  token=151945723492...362258  duration=120s interval=1.0s
2026-05-16 23:13:10,561 DEBUG live_engine Ask-reversal monitor [2026-05-16_825007_7.5_0010] age=0.3s  entry_ask=0.750  current_ask=0.750  drop=+0.000  threshold=0.080
2026-05-16 23:13:12,833 DEBUG live_engine Ask-reversal monitor [2026-05-16_825007_7.5_0010] age=2.6s  entry_ask=0.750  current_ask=0.750  drop=+0.000  threshold=0.080
2026-05-16 23:13:12,950 DEBUG live_engine FV check [2026-05-16_825007_7.5_0010] age=2.8s < min_age=90.0s -- hold period active
2026-05-16 23:13:15,609 DEBUG live_engine Ask-reversal monitor [2026-05-16_825007_7.5_0010] age=5.4s  entry_ask=0.750  current_ask=0.750  drop=+0.000  threshold=0.080
2026-05-16 23:13:15,609 INFO live_engine Ask-reversal window expired [2026-05-16_825007_7.5_0010] entry_ask=0.750  window=5.0s  current_ask=0.750  drop=+0.000  (threshold=0.080  window=5s -- no cancel triggered)
2026-05-16 23:13:15,610 DEBUG live_engine Suppressed duplicate live ledger event bet_id=2026-05-16_825007_7.5_0010 order_id=0x34a32634800448f9d2a5563ba9f2a4b19d12d0b109eebe8ec4466f023b7c08bc event=live
2026-05-16 23:13:15,619 INFO live_engine === ORDER LIFECYCLE SUMMARY (2026-05-16) -- placed=10 filled=9 (90%) never_filled=0 other_cancel=0 reserved_on_misses=$0.00 ===
2026-05-16 23:13:15,619 INFO live_engine === GAME SUMMARY (2026-05-16) ===
2026-05-16 23:13:15,619 INFO live_engine   BAL@WSH  final=3-13 (total=16) | O8.5(FILL,W,+6.13)  O10.5(FILL,W,+4.28)
2026-05-16 23:13:15,619 INFO live_engine   CHC@CWS  final=3-8 (total=11) | O7.5(FILL,W,+3.16)  O9.5(FILL,W,+3.33)
2026-05-16 23:13:15,619 INFO live_engine   CIN@CLE  final=4-7 (total=11) | O7.5(FILL,W,+2.50)
2026-05-16 23:13:15,619 INFO live_engine   NYY@NYM  final=3-6 (total=9) | O7.5(FILL,W,+5.38)  O9.5(FILL,L,-10.00)
2026-05-16 23:13:15,619 INFO live_engine   SD@SEA  final=7-4 (total=11) | O7.5(FILL,W,+3.51)
2026-05-16 23:13:15,619 INFO live_engine   TEX@HOU  final=1-4 (total=5) | O6.5(FILL,L,-9.99)
2026-05-16 23:13:18,289 DEBUG live_engine Ask-reversal monitor [2026-05-16_825007_7.5_0010] age=8.1s  entry_ask=0.750  current_ask=0.750  drop=+0.000  threshold=0.080
2026-05-16 23:13:18,468 DEBUG live_engine FV check [2026-05-16_825007_7.5_0010] age=8.4s < min_age=90.0s -- hold period active
2026-05-16 23:13:21,141 DEBUG live_engine Ask-reversal monitor [2026-05-16_825007_7.5_0010] age=10.9s  entry_ask=0.750  current_ask=0.750  drop=+0.000  threshold=0.080
2026-05-16 23:13:23,818 DEBUG live_engine Ask-reversal monitor [2026-05-16_825007_7.5_0010] age=13.6s  entry_ask=0.750  current_ask=0.780  drop=-0.030  threshold=0.080
2026-05-16 23:13:24,003 DEBUG live_engine FV check [2026-05-16_825007_7.5_0010] age=13.9s < min_age=90.0s -- hold period active
2026-05-16 23:13:29,327 INFO live_engine ORDER FILLED [2026-05-16_825007_7.5_0010] order_id=0x34a32634800448f9d2a5563ba9f2a4b19d12d0b109eebe8ec4466f023b7c08bc  fill_price=0.740  size=13.51
2026-05-16 23:13:29,339 INFO live_engine === ORDER LIFECYCLE SUMMARY (2026-05-16) -- placed=10 filled=10 (100%) never_filled=0 other_cancel=0 reserved_on_misses=$0.00 ===
2026-05-16 23:13:29,339 INFO live_engine === GAME SUMMARY (2026-05-16) ===
2026-05-16 23:13:29,340 INFO live_engine   BAL@WSH  final=3-13 (total=16) | O8.5(FILL,W,+6.13)  O10.5(FILL,W,+4.28)
2026-05-16 23:13:29,340 INFO live_engine   CHC@CWS  final=3-8 (total=11) | O7.5(FILL,W,+3.16)  O9.5(FILL,W,+3.33)
2026-05-16 23:13:29,340 INFO live_engine   CIN@CLE  final=4-7 (total=11) | O7.5(FILL,W,+2.50)
2026-05-16 23:13:29,340 INFO live_engine   NYY@NYM  final=3-6 (total=9) | O7.5(FILL,W,+5.38)  O9.5(FILL,L,-10.00)
2026-05-16 23:13:29,340 INFO live_engine   SD@SEA  final=7-4 (total=11) | O7.5(FILL,W,+3.51)
2026-05-16 23:13:29,340 INFO live_engine   TEX@HOU  final=1-4 (total=5) | O6.5(FILL,L,-9.99)
2026-05-16 23:13:39,640 DEBUG signal_engine Gate 8e conditional relax APPLIED LAD@LAA line=7.5 (mode=enforce arm=enforce trail=0 lead=6 inn=6 ask=0.870 rn=1.50)
2026-05-16 23:13:39,737 DEBUG signal_engine Tape capture skip_2026-05-16_824038_7.5_154115: trades_5s=0 trades_30s=0 signed_30s=None ltp_ask_gap_3=-0.2267 stale=399.64s raw_n=100 fetch_ok=True
2026-05-16 23:13:39,852 DEBUG signal_engine Family B capture skip_2026-05-16_824038_7.5_154115: ask_touch=500.0 bid_touch=521.0 imb1=0.5103 imb5=0.385 depth_below=0 depth_at=0 book_ok=True
2026-05-16 23:13:39,855 DEBUG signal_engine Family C capture skip_2026-05-16_824038_7.5_154115: ask_v5=-0.001939 ask_v30=-0.000998 mid_drift=-0.01 spread_ratio=0.8462 ask_vol=0.027002 buffer_n=120 window_30s_n=11
2026-05-16 23:13:39,859 DEBUG signal_engine Skip LAD@LAA line=8.5: inning 6 setup-reliever dead zone (rn=2.5 >= threshold 2.5) -- 5yr backtest: 63% WR on 1569 bets
2026-05-16 23:13:39,931 DEBUG signal_engine Tape capture skip_2026-05-16_824038_8.5_154116: trades_5s=0 trades_30s=0 signed_30s=None ltp_ask_gap_3=-0.0767 stale=399.859s raw_n=100 fetch_ok=True
2026-05-16 23:13:40,044 DEBUG signal_engine Family B capture skip_2026-05-16_824038_8.5_154116: ask_touch=500.0 bid_touch=8.0 imb1=0.0157 imb5=0.3999 depth_below=0 depth_at=0 book_ok=True
2026-05-16 23:13:40,047 DEBUG signal_engine Family C capture skip_2026-05-16_824038_8.5_154116: ask_v5=-0.009302 ask_v30=-0.001321 mid_drift=-0.02 spread_ratio=0.4648 ask_vol=0.024121 buffer_n=120 window_30s_n=11
2026-05-16 23:13:40,050 DEBUG signal_engine Gate 8e conditional relax APPLIED LAD@LAA line=6.5 (mode=enforce arm=enforce trail=0 lead=6 inn=6 ask=0.970 rn=0.50)
2026-05-16 23:13:40,050 DEBUG signal_engine Skip LAD@LAA line=6.5: Gate 8f saturation (base_fv=1.000 >= threshold=0.990) ask=0.970 | market CONFIRMS (ask>=0.85, likely real run)
2026-05-16 23:13:40,140 DEBUG signal_engine Tape capture skip_2026-05-16_824038_6.5_154122: trades_5s=0 trades_30s=0 signed_30s=None ltp_ask_gap_3=-0.3267 stale=400.051s raw_n=100 fetch_ok=True
2026-05-16 23:13:40,251 DEBUG signal_engine Family B capture skip_2026-05-16_824038_6.5_154122: ask_touch=519.26 bid_touch=542.0 imb1=0.5107 imb5=0.7045 depth_below=0 depth_at=0 book_ok=True
2026-05-16 23:13:40,254 DEBUG signal_engine Family C capture skip_2026-05-16_824038_6.5_154122: ask_v5=0.0 ask_v30=0.0 mid_drift=0.005 spread_ratio=0.6942 ask_vol=0.0 buffer_n=120 window_30s_n=12
2026-05-16 23:13:47,530 DEBUG signal_engine Skip LAD@LAA line=9.5: inning 6 setup-reliever dead zone (rn=3.5 >= threshold 2.5) -- 5yr backtest: 63% WR on 1569 bets
2026-05-16 23:13:47,608 DEBUG signal_engine Tape capture skip_2026-05-16_824038_9.5_154153: trades_5s=0 trades_30s=0 signed_30s=None ltp_ask_gap_3=0.0033 stale=407.53s raw_n=100 fetch_ok=True
2026-05-16 23:13:47,731 DEBUG signal_engine Family B capture skip_2026-05-16_824038_9.5_154153: ask_touch=5.0 bid_touch=20.0 imb1=0.8 imb5=0.7517 depth_below=0 depth_at=0 book_ok=True
2026-05-16 23:13:47,734 DEBUG signal_engine Family C capture skip_2026-05-16_824038_9.5_154153: ask_v5=0.009764 ask_v30=0.001362 mid_drift=0.0 spread_ratio=3.3 ask_vol=0.01557 buffer_n=120 window_30s_n=12
2026-05-16 23:14:03,943 DEBUG mlb_poly_monitor Polling 28 token books (2 active games)
2026-05-16 23:14:05,707 DEBUG mlb_poly_monitor Wrote 28 tick snapshots
2026-05-16 23:15:09,701 DEBUG signal_engine Book capture complete: 2026-05-16_825007_7.5_0010  (121 snapshots)
2026-05-16 23:16:44,879 DEBUG signal_engine Skip LAD@LAA line=8.5: inning 6 setup-reliever dead zone (rn=2.5 >= threshold 2.5) -- 5yr backtest: 63% WR on 1569 bets
2026-05-16 23:16:45,115 DEBUG signal_engine Tape capture skip_2026-05-16_824038_8.5_154975: trades_5s=0 trades_30s=0 signed_30s=None ltp_ask_gap_3=-0.0 stale=285.877s raw_n=100 fetch_ok=True
2026-05-16 23:16:45,228 DEBUG signal_engine Family B capture skip_2026-05-16_824038_8.5_154975: ask_touch=21.0 bid_touch=20.0 imb1=0.4878 imb5=0.1192 depth_below=0 depth_at=0 book_ok=True
2026-05-16 23:16:45,232 DEBUG signal_engine Family C capture skip_2026-05-16_824038_8.5_154975: ask_v5=0.0 ask_v30=0.001942 mid_drift=0.045 spread_ratio=0.4706 ask_vol=0.062444 buffer_n=120 window_30s_n=12
2026-05-16 23:16:45,233 DEBUG signal_engine Gate 8e conditional relax APPLIED LAD@LAA line=6.5 (mode=enforce arm=enforce trail=0 lead=6 inn=6 ask=0.950 rn=0.50)
2026-05-16 23:16:45,234 DEBUG signal_engine Skip LAD@LAA line=6.5: Gate 8f saturation (base_fv=1.000 >= threshold=0.990) ask=0.950 | market CONFIRMS (ask>=0.85, likely real run)
2026-05-16 23:16:45,422 DEBUG signal_engine Tape capture skip_2026-05-16_824038_6.5_154977: trades_5s=0 trades_30s=0 signed_30s=None ltp_ask_gap_3=-0.23 stale=286.233s raw_n=100 fetch_ok=True
2026-05-16 23:16:45,547 DEBUG signal_engine Family B capture skip_2026-05-16_824038_6.5_154977: ask_touch=10.18 bid_touch=21.0 imb1=0.6735 imb5=0.1455 depth_below=0 depth_at=0 book_ok=True
2026-05-16 23:16:45,552 DEBUG signal_engine Family C capture skip_2026-05-16_824038_6.5_154977: ask_v5=0.001812 ask_v30=0.00032 mid_drift=-0.01 spread_ratio=0.7904 ask_vol=0.003892 buffer_n=120 window_30s_n=12
2026-05-16 23:16:45,555 DEBUG signal_engine Gate 8e conditional relax APPLIED LAD@LAA line=7.5 (mode=enforce arm=enforce trail=0 lead=6 inn=6 ask=0.810 rn=1.50)
2026-05-16 23:16:45,744 DEBUG signal_engine Tape capture skip_2026-05-16_824038_7.5_154980: trades_5s=0 trades_30s=0 signed_30s=None ltp_ask_gap_3=-0.09 stale=286.556s raw_n=100 fetch_ok=True
2026-05-16 23:16:45,859 DEBUG signal_engine Family B capture skip_2026-05-16_824038_7.5_154980: ask_touch=21.0 bid_touch=20.0 imb1=0.4878 imb5=0.2592 depth_below=0 depth_at=0 book_ok=True
2026-05-16 23:16:45,864 DEBUG signal_engine Family C capture skip_2026-05-16_824038_7.5_154980: ask_v5=0.0 ask_v30=0.0 mid_drift=-0.05 spread_ratio=1.6241 ask_vol=0.0 buffer_n=120 window_30s_n=12
2026-05-16 23:18:12,757 DEBUG signal_engine Gate 8e conditional relax APPLIED SF@ATH line=8.5 (mode=enforce arm=enforce trail=1 lead=4 inn=7 ask=0.770 rn=2.50)
2026-05-16 23:18:12,952 DEBUG signal_engine Tape capture skip_2026-05-16_825007_8.5_155379: trades_5s=0 trades_30s=0 signed_30s=None ltp_ask_gap_3=-0.0439 stale=74.758s raw_n=100 fetch_ok=True
2026-05-16 23:18:13,061 DEBUG signal_engine Family B capture skip_2026-05-16_825007_8.5_155379: ask_touch=4694.0 bid_touch=4649.0 imb1=0.4976 imb5=0.493 depth_below=0 depth_at=0 book_ok=True
2026-05-16 23:18:13,062 DEBUG signal_engine Family C capture skip_2026-05-16_825007_8.5_155379: ask_v5=0.0 ask_v30=0.003571 mid_drift=0.11 spread_ratio=0.1167 ask_vol=0.063598 buffer_n=120 window_30s_n=12
2026-05-16 23:18:23,378 DEBUG signal_engine Skip LAD@LAA line=9.5: inning 6 setup-reliever dead zone (rn=3.5 >= threshold 2.5) -- 5yr backtest: 63% WR on 1569 bets
2026-05-16 23:18:23,568 DEBUG signal_engine Tape capture skip_2026-05-16_824038_9.5_155422: trades_5s=0 trades_30s=0 signed_30s=None ltp_ask_gap_3=0.0161 stale=85.378s raw_n=100 fetch_ok=True
2026-05-16 23:18:23,686 DEBUG signal_engine Family B capture skip_2026-05-16_824038_9.5_155422: ask_touch=20.0 bid_touch=8.33 imb1=0.294 imb5=0.5528 depth_below=0 depth_at=0 book_ok=True
2026-05-16 23:18:23,688 DEBUG signal_engine Family C capture skip_2026-05-16_824038_9.5_155422: ask_v5=0.0 ask_v30=0.005462 mid_drift=0.125 spread_ratio=1.7143 ask_vol=0.077004 buffer_n=120 window_30s_n=12
2026-05-16 23:18:33,942 DEBUG signal_engine Skip SF@ATH line=9.5: pace=(7.7/9inn) insufficient for line=9.5 (total=6 inn=7)
2026-05-16 23:18:34,145 DEBUG signal_engine Tape capture skip_2026-05-16_825007_9.5_155469: trades_5s=0 trades_30s=0 signed_30s=None ltp_ask_gap_3=0.1261 stale=95.941s raw_n=100 fetch_ok=True
2026-05-16 23:18:34,260 DEBUG signal_engine Family B capture skip_2026-05-16_825007_9.5_155469: ask_touch=21.0 bid_touch=8.68 imb1=0.2925 imb5=0.9739 depth_below=0 depth_at=0 book_ok=True
2026-05-16 23:18:34,264 DEBUG signal_engine Family C capture skip_2026-05-16_825007_9.5_155469: ask_v5=0.001956 ask_v30=-0.009354 mid_drift=0.02 spread_ratio=0.3288 ask_vol=0.080397 buffer_n=120 window_30s_n=12
2026-05-16 23:20:22,472 DEBUG signal_engine Gate 8e conditional relax APPLIED SF@ATH line=9.5 (mode=enforce arm=enforce trail=1 lead=5 inn=7 ask=0.820 rn=2.50)
2026-05-16 23:20:22,568 DEBUG signal_engine Tape capture skip_2026-05-16_825007_9.5_155960: trades_5s=0 trades_30s=0 signed_30s=None ltp_ask_gap_3=-0.0939 stale=204.473s raw_n=100 fetch_ok=True
2026-05-16 23:20:22,678 DEBUG signal_engine Family B capture skip_2026-05-16_825007_9.5_155960: ask_touch=42.0 bid_touch=41.0 imb1=0.494 imb5=0.8367 depth_below=0 depth_at=0 book_ok=True
2026-05-16 23:20:22,680 DEBUG signal_engine Family C capture skip_2026-05-16_825007_9.5_155960: ask_v5=0.007677 ask_v30=0.000647 mid_drift=0.005 spread_ratio=0.9114 ask_vol=0.033609 buffer_n=120 window_30s_n=12
2026-05-16 23:20:22,685 DEBUG signal_engine Gate 8e conditional relax APPLIED SF@ATH line=8.5 (mode=enforce arm=enforce trail=1 lead=5 inn=7 ask=0.910 rn=1.50)
2026-05-16 23:20:22,793 DEBUG signal_engine Tape capture skip_2026-05-16_825007_8.5_155963: trades_5s=0 trades_30s=0 signed_30s=None ltp_ask_gap_3=-0.1839 stale=204.685s raw_n=100 fetch_ok=True
2026-05-16 23:20:22,929 DEBUG signal_engine Family B capture skip_2026-05-16_825007_8.5_155963: ask_touch=226.0 bid_touch=30.0 imb1=0.1172 imb5=0.3155 depth_below=0 depth_at=0 book_ok=True
2026-05-16 23:20:22,934 DEBUG signal_engine Family C capture skip_2026-05-16_825007_8.5_155963: ask_v5=-0.001845 ask_v30=-0.000321 mid_drift=-0.01 spread_ratio=0.5419 ask_vol=0.008348 buffer_n=120 window_30s_n=12
2026-05-16 23:20:45,597 DEBUG signal_engine Skip LAD@LAA line=10.5: runs_needed=4.5 > max=3.5 (total=6)
2026-05-16 23:20:45,804 DEBUG signal_engine Tape capture skip_2026-05-16_824038_10.5_156064: trades_5s=0 trades_30s=0 signed_30s=None ltp_ask_gap_3=-0.0139 stale=227.596s raw_n=100 fetch_ok=True
2026-05-16 23:20:45,919 DEBUG signal_engine Family B capture skip_2026-05-16_824038_10.5_156064: ask_touch=8.0 bid_touch=4102.05 imb1=0.9981 imb5=0.4797 depth_below=0 depth_at=0 book_ok=True
2026-05-16 23:20:45,922 DEBUG signal_engine Family C capture skip_2026-05-16_824038_10.5_156064: ask_v5=0.007821 ask_v30=0.006473 mid_drift=0.15 spread_ratio=1.007 ask_vol=0.075839 buffer_n=120 window_30s_n=12
2026-05-16 23:20:48,492 DEBUG signal_engine Skip SF@ATH line=10.5: blowout/blowout-adjacent gate (trailing=1 lead=5 inn=7 blowout_min=6 adj_min=4 mode=enforce arm=strict_block relax_pass=False) -- Poisson FV unreliable when trailing team shut out late
2026-05-16 23:20:48,696 DEBUG signal_engine Tape capture skip_2026-05-16_825007_10.5_156069: trades_5s=0 trades_30s=0 signed_30s=None ltp_ask_gap_3=0.1161 stale=230.491s raw_n=100 fetch_ok=True
2026-05-16 23:20:48,810 DEBUG signal_engine Family B capture skip_2026-05-16_825007_10.5_156069: ask_touch=5595.0 bid_touch=4649.0 imb1=0.4538 imb5=0.4988 depth_below=5595.0 depth_at=5595.0 book_ok=True
2026-05-16 23:20:48,811 DEBUG signal_engine Family C capture skip_2026-05-16_825007_10.5_156069: ask_v5=0.003666 ask_v30=0.00032 mid_drift=0.01 spread_ratio=0.5143 ask_vol=0.053852 buffer_n=120 window_30s_n=12
2026-05-16 23:21:04,239 DEBUG signal_engine Skip SF@ATH line=8.5: Gate 8f saturation (base_fv=1.000 >= threshold=0.990) ask=0.980 | market CONFIRMS (ask>=0.85, likely real run)
2026-05-16 23:21:04,348 DEBUG signal_engine Tape capture skip_2026-05-16_825007_8.5_156128: trades_5s=0 trades_30s=0 signed_30s=None ltp_ask_gap_3=-0.2539 stale=246.236s raw_n=100 fetch_ok=True
2026-05-16 23:21:04,459 DEBUG signal_engine Family B capture skip_2026-05-16_825007_8.5_156128: ask_touch=21.0 bid_touch=21.0 imb1=0.5 imb5=0.8922 depth_below=0 depth_at=0 book_ok=True
2026-05-16 23:21:04,461 DEBUG signal_engine Family C capture skip_2026-05-16_825007_8.5_156128: ask_v5=0.013634 ask_v30=0.002423 mid_drift=0.035 spread_ratio=0.7004 ask_vol=0.028431 buffer_n=120 window_30s_n=12
2026-05-16 23:21:04,465 DEBUG signal_engine runtime debug rollup: events=1233 unique_keys=43 by_kind={'inference_fallback': 463, 'stage2_adj': 312, 'stage3_adj': 458}
2026-05-16 23:21:04,465 DEBUG signal_engine runtime debug rollup detail kind=inference_fallback count=62 game=SF@ATH line=7.5 inning=6 state=B6|outs=0|score=5-1|runners=1 source_key=po75 example=inference fallback SF@ATH line=7.5: cell=5_2_6_B_0_0 level=1 label=bases_empty (line_mode=exact src=po75)
2026-05-16 23:21:04,465 DEBUG signal_engine runtime debug rollup detail kind=stage2_adj count=62 game=SF@ATH line=7.5 inning=6 state=B6|outs=0|score=5-1|runners=1 source_key=Sutter Health Park example=Stage-2 adj SF@ATH line=7.5 inn=6: fv=0.966 -> 0.968  (delta=+0.052  weather_source='weather_v2:open-meteo:ok:usable'  park='Sutter Health Park'  temp_bin='65-79F'  wind_bin='in_6to9')
2026-05-16 23:21:04,465 DEBUG signal_engine runtime debug rollup detail kind=stage3_adj count=62 game=SF@ATH line=7.5 inning=6 state=B6|outs=0|score=5-1|runners=1 source_key=SF-ATH|2026-05-17 example=Stage-3 adj SF@ATH line=7.5 inn=6: s1+s2_fv=0.968 -> adj_fv=0.967  (delta=-0.034  away_rpg=3.72  home_rpg=4.50  expected=8.22 vs avg=8.89)
2026-05-16 23:21:04,465 DEBUG signal_engine runtime debug rollup detail kind=stage2_adj count=51 game=SF@ATH line=7.5 inning=6 state=T6|outs=0|score=5-1|runners=0 source_key=Sutter Health Park example=Stage-2 adj SF@ATH line=7.5 inn=6: fv=0.980 -> 0.981  (delta=+0.052  weather_source='weather_v2:open-meteo:ok:usable'  park='Sutter Health Park'  temp_bin='65-79F'  wind_bin='in_6to9')
2026-05-16 23:21:04,465 DEBUG signal_engine runtime debug rollup detail kind=stage3_adj count=51 game=SF@ATH line=7.5 inning=6 state=T6|outs=0|score=5-1|runners=0 source_key=SF-ATH|2026-05-17 example=Stage-3 adj SF@ATH line=7.5 inn=6: s1+s2_fv=0.981 -> adj_fv=0.980  (delta=-0.034  away_rpg=3.72  home_rpg=4.50  expected=8.22 vs avg=8.89)
2026-05-16 23:21:04,465 DEBUG signal_engine runtime debug rollup detail kind=inference_fallback count=50 game=SF@ATH line=7.5 inning=5 state=B5|outs=1|score=5-1|runners=1 source_key=po75 example=inference fallback SF@ATH line=7.5: cell=5_2_5_B_1_0 level=1 label=bases_empty (line_mode=exact src=po75)
2026-05-16 23:21:04,465 DEBUG signal_engine runtime debug rollup detail kind=stage2_adj count=50 game=SF@ATH line=7.5 inning=5 state=B5|outs=1|score=5-1|runners=1 source_key=Sutter Health Park example=Stage-2 adj SF@ATH line=7.5 inn=5: fv=0.985 -> 0.985  (delta=+0.052  weather_source='weather_v2:open-meteo:ok:usable'  park='Sutter Health Park'  temp_bin='65-79F'  wind_bin='in_6to9')
2026-05-16 23:21:04,465 DEBUG signal_engine runtime debug rollup detail kind=stage3_adj count=50 game=SF@ATH line=7.5 inning=5 state=B5|outs=1|score=5-1|runners=1 source_key=SF-ATH|2026-05-17 example=Stage-3 adj SF@ATH line=7.5 inn=5: s1+s2_fv=0.985 -> adj_fv=0.985  (delta=-0.045  away_rpg=3.72  home_rpg=4.50  expected=8.22 vs avg=8.89)
2026-05-16 23:21:04,465 DEBUG signal_engine runtime debug rollup detail kind=inference_fallback count=48 game=LAD@LAA line=6.5 inning=6 state=B6|outs=0|score=6-0|runners=1 source_key=po65 example=inference fallback LAD@LAA line=6.5: cell=6_1_6_B_0_0 level=1 label=bases_empty (line_mode=exact src=po65)
2026-05-16 23:21:04,465 DEBUG signal_engine runtime debug rollup detail kind=inference_fallback count=38 game=LAD@LAA line=7.5 inning=6 state=B6|outs=0|score=6-0|runners=1 source_key=po75 example=inference fallback LAD@LAA line=7.5: cell=6_1_6_B_0_0 level=1 label=bases_empty (line_mode=exact src=po75)
2026-05-16 23:21:04,465 DEBUG signal_engine runtime debug rollup detail kind=stage3_adj count=38 game=LAD@LAA line=7.5 inning=6 state=B6|outs=0|score=6-0|runners=1 source_key=LAD-LAA|2026-05-17 example=Stage-3 adj LAD@LAA line=7.5 inn=6: s1+s2_fv=0.966 -> adj_fv=0.964  (delta=-0.079  away_rpg=4.42  home_rpg=3.60  expected=8.02 vs avg=8.89)
2026-05-16 23:21:04,465 DEBUG signal_engine runtime debug rollup detail kind=inference_fallback count=36 game=SF@ATH line=7.5 inning=6 state=T6|outs=2|score=5-1|runners=2 source_key=po75 example=inference fallback SF@ATH line=7.5: cell=6_1_6_T_2_0 level=1 label=bases_empty (line_mode=exact src=po75)
2026-05-16 23:21:04,465 DEBUG signal_engine runtime debug rollup detail kind=stage2_adj count=36 game=SF@ATH line=7.5 inning=6 state=T6|outs=2|score=5-1|runners=2 source_key=Sutter Health Park example=Stage-2 adj SF@ATH line=7.5 inn=6: fv=0.969 -> 0.971  (delta=+0.052  weather_source='weather_v2:open-meteo:ok:usable'  park='Sutter Health Park'  temp_bin='65-79F'  wind_bin='in_6to9')
2026-05-16 23:21:04,465 DEBUG signal_engine runtime debug rollup detail kind=stage3_adj count=36 game=SF@ATH line=7.5 inning=6 state=T6|outs=2|score=5-1|runners=2 source_key=SF-ATH|2026-05-17 example=Stage-3 adj SF@ATH line=7.5 inn=6: s1+s2_fv=0.971 -> adj_fv=0.970  (delta=-0.034  away_rpg=3.72  home_rpg=4.50  expected=8.22 vs avg=8.89)
2026-05-16 23:21:04,465 DEBUG signal_engine runtime debug rollup detail kind=inference_fallback count=33 game=LAD@LAA line=7.5 inning=6 state=T6|outs=2|score=6-0|runners=6 source_key=po75 example=inference fallback LAD@LAA line=7.5: cell=7_0_6_T_2_0 level=1 label=bases_empty (line_mode=exact src=po75)
2026-05-16 23:21:04,465 DEBUG signal_engine runtime debug rollup detail kind=stage3_adj count=33 game=LAD@LAA line=7.5 inning=6 state=T6|outs=2|score=6-0|runners=6 source_key=LAD-LAA|2026-05-17 example=Stage-3 adj LAD@LAA line=7.5 inn=6: s1+s2_fv=0.969 -> adj_fv=0.967  (delta=-0.079  away_rpg=4.42  home_rpg=3.60  expected=8.02 vs avg=8.89)
2026-05-16 23:21:04,465 DEBUG signal_engine runtime debug rollup detail kind=inference_fallback count=33 game=LAD@LAA line=6.5 inning=6 state=T6|outs=2|score=6-0|runners=6 source_key=po65 example=inference fallback LAD@LAA line=6.5: cell=7_0_6_T_2_0 level=1 label=bases_empty (line_mode=exact src=po65)
2026-05-16 23:21:04,465 DEBUG signal_engine runtime debug rollup detail kind=inference_fallback count=31 game=LAD@LAA line=6.5 inning=6 state=T6|outs=1|score=6-0|runners=3 source_key=po65 example=inference fallback LAD@LAA line=6.5: cell=7_0_6_T_1_0 level=1 label=bases_empty (line_mode=exact src=po65)
2026-05-16 23:21:04,465 DEBUG signal_engine runtime debug rollup detail kind=stage2_adj count=27 game=SF@ATH line=7.5 inning=6 state=T6|outs=1|score=5-1|runners=0 source_key=Sutter Health Park example=Stage-2 adj SF@ATH line=7.5 inn=6: fv=0.974 -> 0.975  (delta=+0.052  weather_source='weather_v2:open-meteo:ok:usable'  park='Sutter Health Park'  temp_bin='65-79F'  wind_bin='in_6to9')
2026-05-16 23:21:04,465 DEBUG signal_engine runtime debug rollup detail kind=stage3_adj count=27 game=SF@ATH line=7.5 inning=6 state=T6|outs=1|score=5-1|runners=0 source_key=SF-ATH|2026-05-17 example=Stage-3 adj SF@ATH line=7.5 inn=6: s1+s2_fv=0.975 -> adj_fv=0.975  (delta=-0.034  away_rpg=3.72  home_rpg=4.50  expected=8.22 vs avg=8.89)
2026-05-16 23:21:04,465 DEBUG signal_engine runtime debug rollup detail kind=inference_fallback count=26 game=LAD@LAA line=7.5 inning=6 state=T6|outs=1|score=6-0|runners=3 source_key=po75 example=inference fallback LAD@LAA line=7.5: cell=7_0_6_T_1_0 level=1 label=bases_empty (line_mode=exact src=po75)
2026-05-16 23:21:04,465 DEBUG signal_engine runtime debug rollup detail kind=stage3_adj count=26 game=LAD@LAA line=7.5 inning=6 state=T6|outs=1|score=6-0|runners=3 source_key=LAD-LAA|2026-05-17 example=Stage-3 adj LAD@LAA line=7.5 inn=6: s1+s2_fv=0.974 -> adj_fv=0.972  (delta=-0.079  away_rpg=4.42  home_rpg=3.60  expected=8.02 vs avg=8.89)
2026-05-16 23:21:04,465 DEBUG signal_engine runtime debug rollup detail kind=inference_fallback count=25 game=SF@ATH line=8.5 inning=7 state=T7|outs=0|score=5-1|runners=5 source_key=po85 example=inference fallback SF@ATH line=8.5: cell=6_1_7_T_0_0 level=1 label=bases_empty (line_mode=exact src=po85)
2026-05-16 23:21:04,465 DEBUG signal_engine runtime debug rollup detail kind=stage2_adj count=25 game=SF@ATH line=8.5 inning=7 state=T7|outs=0|score=5-1|runners=5 source_key=Sutter Health Park example=Stage-2 adj SF@ATH line=8.5 inn=7: fv=0.783 -> 0.803  (delta=+0.122  weather_source='weather_v2:open-meteo:ok:usable'  park='Sutter Health Park'  temp_bin='65-79F'  wind_bin='in_6to9')
2026-05-16 23:21:04,465 DEBUG signal_engine runtime debug rollup detail kind=stage3_adj count=25 game=SF@ATH line=8.5 inning=7 state=T7|outs=0|score=5-1|runners=5 source_key=SF-ATH|2026-05-17 example=Stage-3 adj SF@ATH line=8.5 inn=7: s1+s2_fv=0.803 -> adj_fv=0.799  (delta=-0.023  away_rpg=3.72  home_rpg=4.50  expected=8.22 vs avg=8.89)
2026-05-16 23:21:04,465 DEBUG signal_engine runtime debug rollup detail kind=inference_fallback count=21 game=LAD@LAA line=5.5 inning=6 state=T6|outs=1|score=4-0|runners=7 source_key=po65 example=inference fallback LAD@LAA line=5.5: cell=5_0_6_T_1_0 level=1 label=bases_empty (line_mode=extrapolate_low src=po65)
2026-05-16 23:21:04,465 DEBUG signal_engine runtime debug rollup detail kind=stage3_adj count=18 game=LAD@LAA line=7.5 inning=6 state=B6|outs=0|score=6-0|runners=0 source_key=LAD-LAA|2026-05-17 example=Stage-3 adj LAD@LAA line=7.5 inn=6: s1+s2_fv=0.966 -> adj_fv=0.964  (delta=-0.079  away_rpg=4.42  home_rpg=3.60  expected=8.02 vs avg=8.89)
2026-05-16 23:21:04,466 DEBUG signal_engine runtime debug rollup detail kind=inference_fallback count=18 game=LAD@LAA line=7.5 inning=6 state=B6|outs=0|score=6-0|runners=6 source_key=po75 example=inference fallback LAD@LAA line=7.5: cell=6_1_6_B_0_0 level=1 label=bases_empty (line_mode=exact src=po75)
2026-05-16 23:21:04,466 DEBUG signal_engine runtime debug rollup detail kind=stage3_adj count=18 game=LAD@LAA line=7.5 inning=6 state=B6|outs=0|score=6-0|runners=6 source_key=LAD-LAA|2026-05-17 example=Stage-3 adj LAD@LAA line=7.5 inn=6: s1+s2_fv=0.966 -> adj_fv=0.964  (delta=-0.079  away_rpg=4.42  home_rpg=3.60  expected=8.02 vs avg=8.89)
2026-05-16 23:21:04,466 DEBUG signal_engine runtime debug rollup detail kind=inference_fallback count=18 game=LAD@LAA line=6.5 inning=6 state=B6|outs=0|score=6-0|runners=6 source_key=po65 example=inference fallback LAD@LAA line=6.5: cell=6_1_6_B_0_0 level=1 label=bases_empty (line_mode=exact src=po65)
2026-05-16 23:21:04,466 DEBUG signal_engine runtime debug rollup detail kind=stage2_adj count=14 game=SF@ATH line=8.5 inning=7 state=T7|outs=0|score=5-1|runners=0 source_key=Sutter Health Park example=Stage-2 adj SF@ATH line=8.5 inn=7: fv=0.783 -> 0.803  (delta=+0.122  weather_source='weather_v2:open-meteo:ok:usable'  park='Sutter Health Park'  temp_bin='65-79F'  wind_bin='in_6to9')
2026-05-16 23:21:04,466 DEBUG signal_engine runtime debug rollup detail kind=stage3_adj count=14 game=SF@ATH line=8.5 inning=7 state=T7|outs=0|score=5-1|runners=0 source_key=SF-ATH|2026-05-17 example=Stage-3 adj SF@ATH line=8.5 inn=7: s1+s2_fv=0.803 -> adj_fv=0.799  (delta=-0.023  away_rpg=3.72  home_rpg=4.50  expected=8.22 vs avg=8.89)
2026-05-16 23:21:04,466 DEBUG signal_engine runtime debug rollup detail kind=stage3_adj count=13 game=LAD@LAA line=5.5 inning=6 state=T6|outs=1|score=4-0|runners=7 source_key=LAD-LAA|2026-05-17 example=Stage-3 adj LAD@LAA line=5.5 inn=6: s1+s2_fv=0.957 -> adj_fv=0.953  (delta=-0.079  away_rpg=4.42  home_rpg=3.60  expected=8.02 vs avg=8.89)
2026-05-16 23:21:04,466 DEBUG signal_engine runtime debug rollup detail kind=stage2_adj count=12 game=SF@ATH line=7.5 inning=5 state=B5|outs=2|score=5-1|runners=1 source_key=Sutter Health Park example=Stage-2 adj SF@ATH line=7.5 inn=5: fv=0.984 -> 0.984  (delta=+0.052  weather_source='weather_v2:open-meteo:ok:usable'  park='Sutter Health Park'  temp_bin='65-79F'  wind_bin='in_6to9')
2026-05-16 23:21:04,466 DEBUG signal_engine runtime debug rollup detail kind=stage3_adj count=12 game=SF@ATH line=7.5 inning=5 state=B5|outs=2|score=5-1|runners=1 source_key=SF-ATH|2026-05-17 example=Stage-3 adj SF@ATH line=7.5 inn=5: s1+s2_fv=0.984 -> adj_fv=0.984  (delta=-0.045  away_rpg=3.72  home_rpg=4.50  expected=8.22 vs avg=8.89)
2026-05-16 23:21:04,466 DEBUG signal_engine runtime debug rollup detail kind=stage2_adj count=12 game=SF@ATH line=7.5 inning=6 state=T6|outs=2|score=5-1|runners=0 source_key=Sutter Health Park example=Stage-2 adj SF@ATH line=7.5 inn=6: fv=0.969 -> 0.971  (delta=+0.052  weather_source='weather_v2:open-meteo:ok:usable'  park='Sutter Health Park'  temp_bin='65-79F'  wind_bin='in_6to9')
2026-05-16 23:21:04,466 DEBUG signal_engine runtime debug rollup detail kind=stage3_adj count=12 game=SF@ATH line=7.5 inning=6 state=T6|outs=2|score=5-1|runners=0 source_key=SF-ATH|2026-05-17 example=Stage-3 adj SF@ATH line=7.5 inn=6: s1+s2_fv=0.971 -> adj_fv=0.970  (delta=-0.034  away_rpg=3.72  home_rpg=4.50  expected=8.22 vs avg=8.89)
2026-05-16 23:21:04,466 DEBUG signal_engine runtime debug rollup detail kind=inference_fallback count=12 game=SF@ATH line=9.5 inning=7 state=T7|outs=0|score=6-1|runners=6 source_key=po95 example=inference fallback SF@ATH line=9.5: cell=7_1_7_T_0_0 level=1 label=bases_empty (line_mode=exact src=po95)
2026-05-16 23:21:04,466 DEBUG signal_engine runtime debug rollup detail kind=stage2_adj count=12 game=SF@ATH line=9.5 inning=7 state=T7|outs=0|score=6-1|runners=6 source_key=Sutter Health Park example=Stage-2 adj SF@ATH line=9.5 inn=7: fv=0.783 -> 0.790  (delta=+0.040  weather_source='weather_v2:open-meteo:ok:usable'  park='Sutter Health Park'  temp_bin='65-79F'  wind_bin='in_6to9')
2026-05-16 23:21:04,466 DEBUG signal_engine runtime debug rollup detail kind=stage3_adj count=12 game=SF@ATH line=9.5 inning=7 state=T7|outs=0|score=6-1|runners=6 source_key=SF-ATH|2026-05-17 example=Stage-3 adj SF@ATH line=9.5 inn=7: s1+s2_fv=0.790 -> adj_fv=0.786  (delta=-0.023  away_rpg=3.72  home_rpg=4.50  expected=8.22 vs avg=8.89)
2026-05-16 23:21:04,466 DEBUG signal_engine runtime debug rollup detail kind=inference_fallback count=12 game=SF@ATH line=8.5 inning=7 state=T7|outs=0|score=6-1|runners=6 source_key=po85 example=inference fallback SF@ATH line=8.5: cell=7_1_7_T_0_0 level=1 label=bases_empty (line_mode=exact src=po85)
2026-05-16 23:21:04,466 DEBUG signal_engine runtime debug rollup detail kind=stage2_adj count=11 game=SF@ATH line=8.5 inning=7 state=T7|outs=0|score=6-1|runners=6 source_key=Sutter Health Park example=Stage-2 adj SF@ATH line=8.5 inn=7: fv=0.944 -> 0.950  (delta=+0.122  weather_source='weather_v2:open-meteo:ok:usable'  park='Sutter Health Park'  temp_bin='65-79F'  wind_bin='in_6to9')
2026-05-16 23:21:04,466 DEBUG signal_engine runtime debug rollup detail kind=stage3_adj count=11 game=SF@ATH line=8.5 inning=7 state=T7|outs=0|score=6-1|runners=6 source_key=SF-ATH|2026-05-17 example=Stage-3 adj SF@ATH line=8.5 inn=7: s1+s2_fv=0.950 -> adj_fv=0.949  (delta=-0.023  away_rpg=3.72  home_rpg=4.50  expected=8.22 vs avg=8.89)
2026-05-16 23:21:35,230 DEBUG signal_engine Skip SF@ATH line=9.5: blowout/blowout-adjacent gate (trailing=1 lead=5 inn=7 blowout_min=6 adj_min=4 mode=enforce arm=strict_block relax_pass=False) -- Poisson FV unreliable when trailing team shut out late
2026-05-16 23:21:35,316 DEBUG signal_engine Tape capture skip_2026-05-16_825007_9.5_156251: trades_5s=0 trades_30s=0 signed_30s=None ltp_ask_gap_3=-0.0039 stale=277.23s raw_n=100 fetch_ok=True
2026-05-16 23:21:35,428 DEBUG signal_engine Family B capture skip_2026-05-16_825007_9.5_156251: ask_touch=42.0 bid_touch=42.0 imb1=0.5 imb5=0.1722 depth_below=0 depth_at=0 book_ok=True
2026-05-16 23:21:35,430 DEBUG signal_engine Family C capture skip_2026-05-16_825007_9.5_156251: ask_v5=-0.001956 ask_v30=-0.00715 mid_drift=-0.11 spread_ratio=0.7429 ask_vol=0.061718 buffer_n=120 window_30s_n=12
2026-05-16 23:21:48,274 DEBUG signal_engine Skip LAD@LAA line=11.5: pace=(9.0/9inn) insufficient for line=11.5 (total=6 inn=6)
2026-05-16 23:21:48,513 DEBUG signal_engine Tape capture skip_2026-05-16_824038_11.5_156304: trades_5s=0 trades_30s=0 signed_30s=None ltp_ask_gap_3=0.1261 stale=290.273s raw_n=100 fetch_ok=True
2026-05-16 23:21:48,630 DEBUG signal_engine Family B capture skip_2026-05-16_824038_11.5_156304: ask_touch=4649.0 bid_touch=4649.0 imb1=0.5 imb5=0.5157 depth_below=4649.0 depth_at=4649.0 book_ok=True
2026-05-16 23:21:48,632 DEBUG signal_engine Family C capture skip_2026-05-16_824038_11.5_156304: ask_v5=0.007744 ask_v30=0.000645 mid_drift=0.0 spread_ratio=2.5946 ask_vol=0.010836 buffer_n=120 window_30s_n=12
2026-05-16 23:21:55,977 DEBUG signal_engine Skip LAD@LAA line=10.5: inning 6 setup-reliever dead zone (rn=2.5 >= threshold 2.5) -- 5yr backtest: 63% WR on 1569 bets
2026-05-16 23:21:56,079 DEBUG signal_engine Tape capture skip_2026-05-16_824038_10.5_156329: trades_5s=0 trades_30s=0 signed_30s=None ltp_ask_gap_3=0.0061 stale=297.978s raw_n=100 fetch_ok=True
2026-05-16 23:21:56,194 DEBUG signal_engine Family B capture skip_2026-05-16_824038_10.5_156329: ask_touch=8.0 bid_touch=4523.71 imb1=0.9982 imb5=0.4903 depth_below=0 depth_at=0 book_ok=True
2026-05-16 23:21:56,197 DEBUG signal_engine Family C capture skip_2026-05-16_824038_10.5_156329: ask_v5=-0.001925 ask_v30=-0.000645 mid_drift=-0.01 spread_ratio=0.75 ask_vol=0.017645 buffer_n=120 window_30s_n=12
2026-05-16 23:21:56,298 DEBUG signal_engine Tape capture skip_2026-05-16_824038_9.5_156330: trades_5s=0 trades_30s=0 signed_30s=None ltp_ask_gap_3=-0.1539 stale=298.199s raw_n=100 fetch_ok=True
2026-05-16 23:21:56,411 DEBUG signal_engine Family B capture skip_2026-05-16_824038_9.5_156330: ask_touch=21.0 bid_touch=42.0 imb1=0.6667 imb5=0.7047 depth_below=0 depth_at=0 book_ok=True
2026-05-16 23:21:56,414 DEBUG signal_engine Family C capture skip_2026-05-16_824038_9.5_156330: ask_v5=0.0 ask_v30=0.00032 mid_drift=0.005 spread_ratio=0.9818 ask_vol=0.017299 buffer_n=120 window_30s_n=12
2026-05-16 23:21:56,419 DEBUG signal_engine Skip LAD@LAA line=8.5: Gate 8f saturation (base_fv=1.000 >= threshold=0.990) ask=0.980 | market CONFIRMS (ask>=0.85, likely real run)
2026-05-16 23:21:56,608 DEBUG signal_engine Tape capture skip_2026-05-16_824038_8.5_156332: trades_5s=0 trades_30s=0 signed_30s=None ltp_ask_gap_3=-0.2539 stale=298.419s raw_n=100 fetch_ok=True
2026-05-16 23:21:56,809 DEBUG signal_engine Family B capture skip_2026-05-16_824038_8.5_156332: ask_touch=79.93 bid_touch=5.0 imb1=0.0589 imb5=0.3053 depth_below=0 depth_at=0 book_ok=True
2026-05-16 23:21:56,811 DEBUG signal_engine Family C capture skip_2026-05-16_824038_8.5_156332: ask_v5=0.0 ask_v30=0.0 mid_drift=0.0 spread_ratio=1.1034 ask_vol=0.012673 buffer_n=120 window_30s_n=12
2026-05-16 23:22:01,543 DEBUG signal_engine tick_buffer health: 91 line_states, 91 nonempty, len min/median/max=120/120/120, newest_age max=22397.9s, oldest_age max=22954.9s
2026-05-16 23:22:27,252 DEBUG signal_engine Skip SF@ATH line=9.5: blowout/blowout-adjacent gate (trailing=1 lead=5 inn=7 blowout_min=6 adj_min=4 mode=enforce arm=strict_block relax_pass=False) -- Poisson FV unreliable when trailing team shut out late
2026-05-16 23:22:27,359 DEBUG signal_engine Tape capture skip_2026-05-16_825007_9.5_156448: trades_5s=0 trades_30s=0 signed_30s=None ltp_ask_gap_3=0.0361 stale=329.252s raw_n=100 fetch_ok=True
2026-05-16 23:22:27,466 DEBUG signal_engine Family B capture skip_2026-05-16_825007_9.5_156448: ask_touch=21.0 bid_touch=134.0 imb1=0.8645 imb5=0.5677 depth_below=0 depth_at=0 book_ok=True
2026-05-16 23:22:27,467 DEBUG signal_engine Family C capture skip_2026-05-16_825007_9.5_156448: ask_v5=-0.005833 ask_v30=-0.00032 mid_drift=-0.005 spread_ratio=0.875 ask_vol=0.011934 buffer_n=120 window_30s_n=12
2026-05-16 23:22:27,470 DEBUG signal_engine Gate 8e conditional relax APPLIED SF@ATH line=8.5 (mode=enforce arm=enforce trail=1 lead=5 inn=7 ask=0.850 rn=1.50)
2026-05-16 23:22:27,570 DEBUG signal_engine Tape capture skip_2026-05-16_825007_8.5_156453: trades_5s=0 trades_30s=0 signed_30s=None ltp_ask_gap_3=-0.1239 stale=329.47s raw_n=100 fetch_ok=True
2026-05-16 23:22:27,680 DEBUG signal_engine Family B capture skip_2026-05-16_825007_8.5_156453: ask_touch=521.0 bid_touch=8.0 imb1=0.0151 imb5=0.0661 depth_below=0 depth_at=0 book_ok=True
2026-05-16 23:22:27,682 DEBUG signal_engine Family C capture skip_2026-05-16_825007_8.5_156453: ask_v5=0.0 ask_v30=-0.000322 mid_drift=-0.005 spread_ratio=0.931 ask_vol=0.009003 buffer_n=120 window_30s_n=12
2026-05-16 23:22:45,375 INFO live_engine Calibrated-stake [SHADOW] SF@ATH line=8.5 calibrated_edge=-0.0724 multiplier=0.500 base=$10.00 -> stake=$10.00 (shadow only -- stake unchanged)
2026-05-16 23:22:45,378 INFO live_engine EV policy [SHADOW] SF@ATH line=8.5 allow=True p_win=0.717 p_fill=0.681 ev_if_filled=-0.04 ev_per_stake=-0.0027
2026-05-16 23:22:45,379 INFO live_engine Daily budget $100 reached -- deployed $100  reserved $0  remaining $0  needed $10.00  skipping SF@ATH line=8.5
2026-05-16 23:22:48,052 INFO live_engine Skip SF@ATH line=8.5: fresh execution book invalid (bid=0.110 ask=0.760 spread=0.650 max=0.200)
2026-05-16 23:23:11,198 DEBUG signal_engine Skip SF@ATH line=8.5: blowout/blowout-adjacent gate (trailing=1 lead=5 inn=7 blowout_min=6 adj_min=4 mode=enforce arm=strict_block relax_pass=False) -- Poisson FV unreliable when trailing team shut out late
2026-05-16 23:23:11,298 DEBUG signal_engine Tape capture skip_2026-05-16_825007_8.5_156623: trades_5s=0 trades_30s=0 signed_30s=None ltp_ask_gap_3=0.0461 stale=373.198s raw_n=100 fetch_ok=True
2026-05-16 23:23:11,406 DEBUG signal_engine Family B capture skip_2026-05-16_825007_8.5_156623: ask_touch=8.0 bid_touch=20.0 imb1=0.7143 imb5=0.4945 depth_below=0 depth_at=0 book_ok=True
2026-05-16 23:23:11,409 DEBUG signal_engine Family C capture skip_2026-05-16_825007_8.5_156623: ask_v5=-0.042951 ask_v30=-0.004831 mid_drift=-0.15 spread_ratio=0.3051 ask_vol=0.071287 buffer_n=120 window_30s_n=12
2026-05-16 23:25:01,834 DEBUG signal_engine Skip LAD@LAA line=10.5: inning 6 setup-reliever dead zone (rn=2.5 >= threshold 2.5) -- 5yr backtest: 63% WR on 1569 bets
2026-05-16 23:25:01,959 DEBUG signal_engine Tape capture skip_2026-05-16_824038_10.5_157021: trades_5s=0 trades_30s=0 signed_30s=None ltp_ask_gap_3=0.1161 stale=483.833s raw_n=100 fetch_ok=True
2026-05-16 23:25:02,069 DEBUG signal_engine Family B capture skip_2026-05-16_824038_10.5_157021: ask_touch=508.0 bid_touch=10834.85 imb1=0.9552 imb5=0.4985 depth_below=0 depth_at=0 book_ok=True
2026-05-16 23:25:02,071 DEBUG signal_engine Family C capture skip_2026-05-16_824038_10.5_157021: ask_v5=0.0 ask_v30=-0.008424 mid_drift=-0.075 spread_ratio=0.2384 ask_vol=0.128405 buffer_n=120 window_30s_n=12
2026-05-16 23:25:02,072 DEBUG signal_engine Skip LAD@LAA line=8.5: Gate 8f saturation (base_fv=1.000 >= threshold=0.990) ask=0.910 | market CONFIRMS (ask>=0.85, likely real run)
2026-05-16 23:25:02,152 DEBUG signal_engine Tape capture skip_2026-05-16_824038_8.5_157024: trades_5s=0 trades_30s=0 signed_30s=None ltp_ask_gap_3=-0.1839 stale=484.073s raw_n=100 fetch_ok=True
2026-05-16 23:25:02,262 DEBUG signal_engine Family B capture skip_2026-05-16_824038_8.5_157024: ask_touch=500.0 bid_touch=3.83 imb1=0.0076 imb5=0.4477 depth_below=500.0 depth_at=500.0 book_ok=True
2026-05-16 23:25:02,263 DEBUG signal_engine Family C capture skip_2026-05-16_824038_8.5_157024: ask_v5=-0.005517 ask_v30=-0.001929 mid_drift=-0.03 spread_ratio=0.2 ask_vol=0.022156 buffer_n=120 window_30s_n=12
2026-05-16 23:25:02,452 DEBUG signal_engine Tape capture skip_2026-05-16_824038_9.5_157025: trades_5s=0 trades_30s=0 signed_30s=None ltp_ask_gap_3=-0.2313 stale=184.265s raw_n=100 fetch_ok=True
2026-05-16 23:25:02,568 DEBUG signal_engine Family B capture skip_2026-05-16_824038_9.5_157025: ask_touch=21590.98 bid_touch=21225.38 imb1=0.4957 imb5=0.5152 depth_below=0 depth_at=0 book_ok=True
2026-05-16 23:25:02,575 DEBUG signal_engine Family C capture skip_2026-05-16_824038_9.5_157025: ask_v5=0.0 ask_v30=-0.00348 mid_drift=-0.075 spread_ratio=0.7579 ask_vol=0.046213 buffer_n=120 window_30s_n=12
2026-05-16 23:25:07,390 INFO live_engine Calibrated-stake [SHADOW] LAD@LAA line=9.5 calibrated_edge=-0.0917 multiplier=0.500 base=$10.00 -> stake=$10.00 (shadow only -- stake unchanged)
2026-05-16 23:25:07,392 INFO live_engine EV policy [SHADOW] LAD@LAA line=9.5 allow=False p_win=0.707 p_fill=0.699 ev_if_filled=-0.83 ev_per_stake=-0.0577
2026-05-16 23:25:07,393 INFO live_engine Daily budget $100 reached -- deployed $100  reserved $0  remaining $0  needed $10.00  skipping LAD@LAA line=9.5
2026-05-16 23:25:10,064 INFO live_engine Calibrated-stake [SHADOW] LAD@LAA line=9.5 calibrated_edge=-0.0917 multiplier=0.500 base=$10.00 -> stake=$10.00 (shadow only -- stake unchanged)
2026-05-16 23:25:10,067 INFO live_engine EV policy [SHADOW] LAD@LAA line=9.5 allow=False p_win=0.706 p_fill=0.699 ev_if_filled=-0.83 ev_per_stake=-0.0578
2026-05-16 23:25:10,067 INFO live_engine Daily budget $100 reached -- deployed $100  reserved $0  remaining $0  needed $10.00  skipping LAD@LAA line=9.5
2026-05-16 23:25:12,736 INFO live_engine Calibrated-stake [SHADOW] LAD@LAA line=9.5 calibrated_edge=-0.0917 multiplier=0.500 base=$10.00 -> stake=$10.00 (shadow only -- stake unchanged)
2026-05-16 23:25:12,737 INFO live_engine EV policy [SHADOW] LAD@LAA line=9.5 allow=False p_win=0.707 p_fill=0.699 ev_if_filled=-0.82 ev_per_stake=-0.0577
2026-05-16 23:25:12,738 INFO live_engine Daily budget $100 reached -- deployed $100  reserved $0  remaining $0  needed $10.00  skipping LAD@LAA line=9.5
2026-05-16 23:25:15,411 INFO live_engine Calibrated-stake [SHADOW] LAD@LAA line=9.5 calibrated_edge=-0.0917 multiplier=0.500 base=$10.00 -> stake=$10.00 (shadow only -- stake unchanged)
2026-05-16 23:25:15,413 INFO live_engine EV policy [SHADOW] LAD@LAA line=9.5 allow=False p_win=0.706 p_fill=0.699 ev_if_filled=-0.83 ev_per_stake=-0.0578
2026-05-16 23:25:15,414 INFO live_engine Daily budget $100 reached -- deployed $100  reserved $0  remaining $0  needed $10.00  skipping LAD@LAA line=9.5
2026-05-16 23:25:18,085 INFO live_engine Calibrated-stake [SHADOW] LAD@LAA line=9.5 calibrated_edge=-0.0917 multiplier=0.500 base=$10.00 -> stake=$10.00 (shadow only -- stake unchanged)
2026-05-16 23:25:18,088 INFO live_engine EV policy [SHADOW] LAD@LAA line=9.5 allow=False p_win=0.702 p_fill=0.700 ev_if_filled=-0.76 ev_per_stake=-0.0530
2026-05-16 23:25:18,089 INFO live_engine Daily budget $100 reached -- deployed $100  reserved $0  remaining $0  needed $10.00  skipping LAD@LAA line=9.5
2026-05-16 23:25:25,897 INFO live_engine Calibrated-stake [SHADOW] LAD@LAA line=9.5 calibrated_edge=-0.0917 multiplier=0.500 base=$10.00 -> stake=$10.00 (shadow only -- stake unchanged)
2026-05-16 23:25:25,900 INFO live_engine EV policy [SHADOW] LAD@LAA line=9.5 allow=False p_win=0.709 p_fill=0.703 ev_if_filled=-0.79 ev_per_stake=-0.0554
2026-05-16 23:25:25,901 INFO live_engine Daily budget $100 reached -- deployed $100  reserved $0  remaining $0  needed $10.00  skipping LAD@LAA line=9.5
2026-05-16 23:25:28,571 INFO live_engine Calibrated-stake [SHADOW] LAD@LAA line=9.5 calibrated_edge=-0.0917 multiplier=0.500 base=$10.00 -> stake=$10.00 (shadow only -- stake unchanged)
2026-05-16 23:25:28,573 INFO live_engine EV policy [SHADOW] LAD@LAA line=9.5 allow=False p_win=0.710 p_fill=0.703 ev_if_filled=-0.79 ev_per_stake=-0.0553
2026-05-16 23:25:28,574 INFO live_engine Daily budget $100 reached -- deployed $100  reserved $0  remaining $0  needed $10.00  skipping LAD@LAA line=9.5
2026-05-16 23:25:31,290 INFO live_engine Calibrated-stake [SHADOW] LAD@LAA line=9.5 calibrated_edge=-0.0917 multiplier=0.500 base=$10.00 -> stake=$10.00 (shadow only -- stake unchanged)
2026-05-16 23:25:31,291 INFO live_engine EV policy [SHADOW] LAD@LAA line=9.5 allow=False p_win=0.708 p_fill=0.703 ev_if_filled=-0.81 ev_per_stake=-0.0568
2026-05-16 23:25:31,291 INFO live_engine Daily budget $100 reached -- deployed $100  reserved $0  remaining $0  needed $10.00  skipping LAD@LAA line=9.5
2026-05-16 23:25:34,048 INFO live_engine Calibrated-stake [SHADOW] LAD@LAA line=9.5 calibrated_edge=-0.0917 multiplier=0.500 base=$10.00 -> stake=$10.00 (shadow only -- stake unchanged)
2026-05-16 23:25:34,052 INFO live_engine EV policy [SHADOW] LAD@LAA line=9.5 allow=False p_win=0.691 p_fill=0.705 ev_if_filled=-0.41 ev_per_stake=-0.0288
2026-05-16 23:25:34,053 INFO live_engine Daily budget $100 reached -- deployed $100  reserved $0  remaining $0  needed $10.00  skipping LAD@LAA line=9.5
2026-05-16 23:26:02,337 INFO live_engine Calibrated-stake [SHADOW] LAD@LAA line=9.5 calibrated_edge=-0.0917 multiplier=0.500 base=$10.00 -> stake=$10.00 (shadow only -- stake unchanged)
2026-05-16 23:26:02,340 INFO live_engine EV policy [SHADOW] LAD@LAA line=9.5 allow=False p_win=0.710 p_fill=0.703 ev_if_filled=-0.79 ev_per_stake=-0.0553
2026-05-16 23:26:02,340 INFO live_engine Daily budget $100 reached -- deployed $100  reserved $0  remaining $0  needed $10.00  skipping LAD@LAA line=9.5
2026-05-16 23:26:04,973 DEBUG signal_engine Skip LAD@LAA line=10.5: inning 6 setup-reliever dead zone (rn=2.5 >= threshold 2.5) -- 5yr backtest: 63% WR on 1569 bets
2026-05-16 23:26:05,190 DEBUG signal_engine Tape capture skip_2026-05-16_824038_10.5_157261: trades_5s=0 trades_30s=0 signed_30s=None ltp_ask_gap_3=-0.0413 stale=246.972s raw_n=100 fetch_ok=True
2026-05-16 23:26:05,306 DEBUG signal_engine Family B capture skip_2026-05-16_824038_10.5_157261: ask_touch=16954.08 bid_touch=4636.8 imb1=0.2148 imb5=0.315 depth_below=0 depth_at=0 book_ok=True
2026-05-16 23:26:05,310 DEBUG signal_engine Family C capture skip_2026-05-16_824038_10.5_157261: ask_v5=0.0 ask_v30=0.0 mid_drift=0.0 spread_ratio=0.7059 ask_vol=0.008528 buffer_n=120 window_30s_n=12
2026-05-16 23:26:05,400 DEBUG signal_engine Tape capture skip_2026-05-16_824038_9.5_157266: trades_5s=0 trades_30s=0 signed_30s=None ltp_ask_gap_3=-0.2113 stale=247.314s raw_n=100 fetch_ok=True
2026-05-16 23:26:05,515 DEBUG signal_engine Family B capture skip_2026-05-16_824038_9.5_157266: ask_touch=520.0 bid_touch=4649.0 imb1=0.8994 imb5=0.1722 depth_below=0 depth_at=0 book_ok=True
2026-05-16 23:26:05,518 DEBUG signal_engine Family C capture skip_2026-05-16_824038_9.5_157266: ask_v5=-0.001772 ask_v30=-0.000348 mid_drift=0.04 spread_ratio=0.48 ask_vol=0.003892 buffer_n=120 window_30s_n=12
2026-05-16 23:26:05,521 DEBUG signal_engine Skip LAD@LAA line=8.5: Gate 8f saturation (base_fv=1.000 >= threshold=0.990) ask=0.930 | market CONFIRMS (ask>=0.85, likely real run)
2026-05-16 23:26:05,614 DEBUG signal_engine Tape capture skip_2026-05-16_824038_8.5_157268: trades_5s=0 trades_30s=0 signed_30s=None ltp_ask_gap_3=-0.2039 stale=547.521s raw_n=100 fetch_ok=True
2026-05-16 23:26:05,727 DEBUG signal_engine Family B capture skip_2026-05-16_824038_8.5_157268: ask_touch=8.0 bid_touch=3.83 imb1=0.3238 imb5=0.416 depth_below=0 depth_at=0 book_ok=True
2026-05-16 23:26:05,730 DEBUG signal_engine Family C capture skip_2026-05-16_824038_8.5_157268: ask_v5=-0.001709 ask_v30=-0.000692 mid_drift=-0.01 spread_ratio=0.6923 ask_vol=0.013027 buffer_n=120 window_30s_n=12
2026-05-16 23:26:07,988 INFO live_engine Skip LAD@LAA line=9.5: fresh execution book invalid (bid=0.530 ask=0.790 spread=0.260 max=0.200)
2026-05-16 23:26:33,769 INFO live_engine Calibrated-stake [SHADOW] LAD@LAA line=9.5 calibrated_edge=-0.0721 multiplier=0.500 base=$10.00 -> stake=$10.00 (shadow only -- stake unchanged)
2026-05-16 23:26:33,770 INFO live_engine EV policy [SHADOW] LAD@LAA line=9.5 allow=False p_win=0.671 p_fill=0.710 ev_if_filled=-0.93 ev_per_stake=-0.0663
2026-05-16 23:26:33,770 INFO live_engine Daily budget $100 reached -- deployed $100  reserved $0  remaining $0  needed $10.00  skipping LAD@LAA line=9.5
2026-05-16 23:26:36,525 INFO live_engine Calibrated-stake [SHADOW] LAD@LAA line=9.5 calibrated_edge=-0.0521 multiplier=0.500 base=$10.00 -> stake=$10.00 (shadow only -- stake unchanged)
2026-05-16 23:26:36,527 INFO live_engine EV policy [SHADOW] LAD@LAA line=9.5 allow=False p_win=0.644 p_fill=0.712 ev_if_filled=-0.93 ev_per_stake=-0.0661
2026-05-16 23:26:36,528 INFO live_engine Daily budget $100 reached -- deployed $100  reserved $0  remaining $0  needed $10.00  skipping LAD@LAA line=9.5
2026-05-16 23:26:41,782 INFO live_engine Calibrated-stake [SHADOW] LAD@LAA line=9.5 calibrated_edge=-0.0421 multiplier=0.500 base=$10.00 -> stake=$10.00 (shadow only -- stake unchanged)
2026-05-16 23:26:41,783 INFO live_engine EV policy [SHADOW] LAD@LAA line=9.5 allow=False p_win=0.635 p_fill=0.712 ev_if_filled=-1.05 ev_per_stake=-0.0748
2026-05-16 23:26:41,783 INFO live_engine Daily budget $100 reached -- deployed $100  reserved $0  remaining $0  needed $10.00  skipping LAD@LAA line=9.5
2026-05-16 23:26:44,470 INFO live_engine Calibrated-stake [SHADOW] LAD@LAA line=9.5 calibrated_edge=-0.0421 multiplier=0.500 base=$10.00 -> stake=$10.00 (shadow only -- stake unchanged)
2026-05-16 23:26:44,473 INFO live_engine EV policy [SHADOW] LAD@LAA line=9.5 allow=False p_win=0.635 p_fill=0.712 ev_if_filled=-1.06 ev_per_stake=-0.0755
2026-05-16 23:26:44,473 INFO live_engine Daily budget $100 reached -- deployed $100  reserved $0  remaining $0  needed $10.00  skipping LAD@LAA line=9.5
2026-05-16 23:26:47,133 INFO live_engine Calibrated-stake [SHADOW] LAD@LAA line=9.5 calibrated_edge=-0.0421 multiplier=0.500 base=$10.00 -> stake=$10.00 (shadow only -- stake unchanged)
2026-05-16 23:26:47,135 INFO live_engine EV policy [SHADOW] LAD@LAA line=9.5 allow=False p_win=0.633 p_fill=0.710 ev_if_filled=-1.08 ev_per_stake=-0.0765
2026-05-16 23:26:47,135 INFO live_engine Daily budget $100 reached -- deployed $100  reserved $0  remaining $0  needed $10.00  skipping LAD@LAA line=9.5
2026-05-16 23:26:49,809 INFO live_engine Calibrated-stake [SHADOW] LAD@LAA line=9.5 calibrated_edge=-0.0421 multiplier=0.500 base=$10.00 -> stake=$10.00 (shadow only -- stake unchanged)
2026-05-16 23:26:49,811 INFO live_engine EV policy [SHADOW] LAD@LAA line=9.5 allow=False p_win=0.631 p_fill=0.713 ev_if_filled=-0.99 ev_per_stake=-0.0705
2026-05-16 23:26:49,811 INFO live_engine Daily budget $100 reached -- deployed $100  reserved $0  remaining $0  needed $10.00  skipping LAD@LAA line=9.5
2026-05-16 23:26:52,477 INFO live_engine Calibrated-stake [SHADOW] LAD@LAA line=9.5 calibrated_edge=-0.0421 multiplier=0.500 base=$10.00 -> stake=$10.00 (shadow only -- stake unchanged)
2026-05-16 23:26:52,481 INFO live_engine EV policy [SHADOW] LAD@LAA line=9.5 allow=False p_win=0.631 p_fill=0.713 ev_if_filled=-0.98 ev_per_stake=-0.0700
2026-05-16 23:26:52,482 INFO live_engine Daily budget $100 reached -- deployed $100  reserved $0  remaining $0  needed $10.00  skipping LAD@LAA line=9.5
2026-05-16 23:26:55,148 INFO live_engine Calibrated-stake [SHADOW] LAD@LAA line=9.5 calibrated_edge=-0.0421 multiplier=0.500 base=$10.00 -> stake=$10.00 (shadow only -- stake unchanged)
2026-05-16 23:26:55,151 INFO live_engine EV policy [SHADOW] LAD@LAA line=9.5 allow=False p_win=0.635 p_fill=0.712 ev_if_filled=-1.05 ev_per_stake=-0.0750
2026-05-16 23:26:55,151 INFO live_engine Daily budget $100 reached -- deployed $100  reserved $0  remaining $0  needed $10.00  skipping LAD@LAA line=9.5
2026-05-16 23:26:57,838 INFO live_engine Calibrated-stake [SHADOW] LAD@LAA line=9.5 calibrated_edge=-0.0421 multiplier=0.500 base=$10.00 -> stake=$10.00 (shadow only -- stake unchanged)
2026-05-16 23:26:57,840 INFO live_engine EV policy [SHADOW] LAD@LAA line=9.5 allow=False p_win=0.637 p_fill=0.714 ev_if_filled=-1.03 ev_per_stake=-0.0736
2026-05-16 23:26:57,841 INFO live_engine Daily budget $100 reached -- deployed $100  reserved $0  remaining $0  needed $10.00  skipping LAD@LAA line=9.5
2026-05-16 23:27:00,518 INFO live_engine Calibrated-stake [SHADOW] LAD@LAA line=9.5 calibrated_edge=-0.0421 multiplier=0.500 base=$10.00 -> stake=$10.00 (shadow only -- stake unchanged)
2026-05-16 23:27:00,520 INFO live_engine EV policy [SHADOW] LAD@LAA line=9.5 allow=False p_win=0.638 p_fill=0.716 ev_if_filled=-1.01 ev_per_stake=-0.0724
2026-05-16 23:27:00,521 INFO live_engine Daily budget $100 reached -- deployed $100  reserved $0  remaining $0  needed $10.00  skipping LAD@LAA line=9.5
2026-05-16 23:27:01,328 DEBUG mlb_poly_monitor Polling 28 token books (2 active games)
2026-05-16 23:27:03,204 INFO live_engine Calibrated-stake [SHADOW] LAD@LAA line=9.5 calibrated_edge=-0.0421 multiplier=0.500 base=$10.00 -> stake=$10.00 (shadow only -- stake unchanged)
2026-05-16 23:27:03,206 INFO live_engine EV policy [SHADOW] LAD@LAA line=9.5 allow=False p_win=0.638 p_fill=0.716 ev_if_filled=-1.01 ev_per_stake=-0.0725
2026-05-16 23:27:03,207 INFO live_engine Daily budget $100 reached -- deployed $100  reserved $0  remaining $0  needed $10.00  skipping LAD@LAA line=9.5
2026-05-16 23:27:03,212 DEBUG mlb_poly_monitor Wrote 28 tick snapshots
2026-05-16 23:27:05,780 DEBUG signal_engine Skip LAD@LAA line=9.5: extreme edge in any inning (edge=0.223 > threshold=0.220  inn=6) - phantom-run risk
2026-05-16 23:27:05,873 DEBUG signal_engine Tape capture skip_2026-05-16_824038_9.5_157473: trades_5s=0 trades_30s=0 signed_30s=None ltp_ask_gap_3=-0.1513 stale=307.778s raw_n=100 fetch_ok=True
2026-05-16 23:27:06,004 DEBUG signal_engine Family B capture skip_2026-05-16_824038_9.5_157473: ask_touch=8.0 bid_touch=18594.37 imb1=0.9996 imb5=0.5081 depth_below=8.0 depth_at=8.0 book_ok=True
2026-05-16 23:27:06,005 DEBUG signal_engine Family C capture skip_2026-05-16_824038_9.5_157473: ask_v5=-0.001858 ask_v30=-0.000681 mid_drift=0.0 spread_ratio=0.4248 ask_vol=0.004264 buffer_n=120 window_30s_n=12
2026-05-16 23:29:42,682 INFO live_engine Calibrated-stake [SHADOW] LAD@LAA line=9.5 calibrated_edge=-0.0422 multiplier=0.500 base=$10.00 -> stake=$10.00 (shadow only -- stake unchanged)
2026-05-16 23:29:42,684 INFO live_engine EV policy [SHADOW] LAD@LAA line=9.5 allow=False p_win=0.687 p_fill=0.636 ev_if_filled=-0.32 ev_per_stake=-0.0205
2026-05-16 23:29:42,684 INFO live_engine Daily budget $100 reached -- deployed $100  reserved $0  remaining $0  needed $10.00  skipping LAD@LAA line=9.5
2026-05-16 23:29:42,689 DEBUG signal_engine Skip LAD@LAA line=8.5: Gate 8f saturation (base_fv=1.000 >= threshold=0.990) ask=0.900 | market CONFIRMS (ask>=0.85, likely real run)
2026-05-16 23:29:42,888 DEBUG signal_engine Tape capture skip_2026-05-16_824038_8.5_158041: trades_5s=0 trades_30s=0 signed_30s=None ltp_ask_gap_3=-0.5467 stale=163.689s raw_n=100 fetch_ok=True
2026-05-16 23:29:43,004 DEBUG signal_engine Family B capture skip_2026-05-16_824038_8.5_158041: ask_touch=42.0 bid_touch=10.0 imb1=0.1923 imb5=0.3588 depth_below=0 depth_at=0 book_ok=True
2026-05-16 23:29:43,007 DEBUG signal_engine Family C capture skip_2026-05-16_824038_8.5_158041: ask_v5=-0.003775 ask_v30=0.000324 mid_drift=0.005 spread_ratio=0.8972 ask_vol=0.01505 buffer_n=120 window_30s_n=12
2026-05-16 23:29:45,168 DEBUG signal_engine Skip LAD@LAA line=9.5: extreme edge in any inning (edge=0.220 > threshold=0.220  inn=7) - phantom-run risk
2026-05-16 23:29:45,260 DEBUG signal_engine Tape capture skip_2026-05-16_824038_9.5_158050: trades_5s=0 trades_30s=0 signed_30s=None ltp_ask_gap_3=-0.1513 stale=467.166s raw_n=100 fetch_ok=True
2026-05-16 23:29:45,366 DEBUG signal_engine Family B capture skip_2026-05-16_824038_9.5_158050: ask_touch=8.0 bid_touch=42.0 imb1=0.84 imb5=0.6119 depth_below=0 depth_at=0 book_ok=True
2026-05-16 23:29:45,367 DEBUG signal_engine Family C capture skip_2026-05-16_824038_9.5_158050: ask_v5=-0.001914 ask_v30=-0.000325 mid_drift=-0.03 spread_ratio=2.087 ask_vol=0.002887 buffer_n=120 window_30s_n=12
2026-05-16 23:30:47,000 INFO live_engine Calibrated-stake [SHADOW] LAD@LAA line=9.5 calibrated_edge=-0.0422 multiplier=0.500 base=$10.00 -> stake=$10.00 (shadow only -- stake unchanged)
2026-05-16 23:30:47,001 INFO live_engine EV policy [SHADOW] LAD@LAA line=9.5 allow=False p_win=0.693 p_fill=0.638 ev_if_filled=-0.38 ev_per_stake=-0.0239
2026-05-16 23:30:47,002 INFO live_engine Daily budget $100 reached -- deployed $100  reserved $0  remaining $0  needed $10.00  skipping LAD@LAA line=9.5
2026-05-16 23:30:49,686 INFO live_engine Calibrated-stake [SHADOW] LAD@LAA line=9.5 calibrated_edge=-0.0422 multiplier=0.500 base=$10.00 -> stake=$10.00 (shadow only -- stake unchanged)
2026-05-16 23:30:49,690 INFO live_engine EV policy [SHADOW] LAD@LAA line=9.5 allow=False p_win=0.692 p_fill=0.638 ev_if_filled=-0.39 ev_per_stake=-0.0246
2026-05-16 23:30:49,691 INFO live_engine Daily budget $100 reached -- deployed $100  reserved $0  remaining $0  needed $10.00  skipping LAD@LAA line=9.5
2026-05-16 23:30:52,357 DEBUG live_engine Skip LAD@LAA line=9.5: cannot place resting limit while preserving min edge (ask=0.730 bid=0.720 fv=0.940)
2026-05-16 23:30:55,042 DEBUG live_engine Skip LAD@LAA line=9.5: cannot place resting limit while preserving min edge (ask=0.730 bid=0.720 fv=0.940)
2026-05-16 23:30:57,712 DEBUG live_engine Skip LAD@LAA line=9.5: cannot place resting limit while preserving min edge (ask=0.730 bid=0.720 fv=0.940)
2026-05-16 23:31:00,387 INFO live_engine Calibrated-stake [SHADOW] LAD@LAA line=9.5 calibrated_edge=-0.0422 multiplier=0.500 base=$10.00 -> stake=$10.00 (shadow only -- stake unchanged)
2026-05-16 23:31:00,389 INFO live_engine EV policy [SHADOW] LAD@LAA line=9.5 allow=False p_win=0.694 p_fill=0.640 ev_if_filled=-0.36 ev_per_stake=-0.0228
2026-05-16 23:31:00,390 INFO live_engine Daily budget $100 reached -- deployed $100  reserved $0  remaining $0  needed $10.00  skipping LAD@LAA line=9.5
2026-05-16 23:31:03,063 INFO live_engine Calibrated-stake [SHADOW] LAD@LAA line=9.5 calibrated_edge=-0.0622 multiplier=0.500 base=$10.00 -> stake=$10.00 (shadow only -- stake unchanged)
2026-05-16 23:31:03,066 INFO live_engine EV policy [SHADOW] LAD@LAA line=9.5 allow=True p_win=0.723 p_fill=0.646 ev_if_filled=-0.23 ev_per_stake=-0.0146
2026-05-16 23:31:03,067 INFO live_engine Daily budget $100 reached -- deployed $100  reserved $0  remaining $0  needed $10.00  skipping LAD@LAA line=9.5
2026-05-16 23:31:05,748 INFO live_engine Calibrated-stake [SHADOW] LAD@LAA line=9.5 calibrated_edge=-0.0622 multiplier=0.500 base=$10.00 -> stake=$10.00 (shadow only -- stake unchanged)
2026-05-16 23:31:05,750 INFO live_engine EV policy [SHADOW] LAD@LAA line=9.5 allow=True p_win=0.723 p_fill=0.646 ev_if_filled=-0.23 ev_per_stake=-0.0146
2026-05-16 23:31:05,751 INFO live_engine Daily budget $100 reached -- deployed $100  reserved $0  remaining $0  needed $10.00  skipping LAD@LAA line=9.5
2026-05-16 23:31:08,427 INFO live_engine Calibrated-stake [SHADOW] LAD@LAA line=9.5 calibrated_edge=-0.0622 multiplier=0.500 base=$10.00 -> stake=$10.00 (shadow only -- stake unchanged)
2026-05-16 23:31:08,427 INFO live_engine EV policy [SHADOW] LAD@LAA line=9.5 allow=True p_win=0.723 p_fill=0.646 ev_if_filled=-0.23 ev_per_stake=-0.0146
2026-05-16 23:31:08,428 INFO live_engine Daily budget $100 reached -- deployed $100  reserved $0  remaining $0  needed $10.00  skipping LAD@LAA line=9.5
2026-05-16 23:31:11,119 INFO live_engine Calibrated-stake [SHADOW] LAD@LAA line=9.5 calibrated_edge=-0.0622 multiplier=0.500 base=$10.00 -> stake=$10.00 (shadow only -- stake unchanged)
2026-05-16 23:31:11,123 INFO live_engine EV policy [SHADOW] LAD@LAA line=9.5 allow=True p_win=0.722 p_fill=0.646 ev_if_filled=-0.24 ev_per_stake=-0.0154
2026-05-16 23:31:11,124 INFO live_engine Daily budget $100 reached -- deployed $100  reserved $0  remaining $0  needed $10.00  skipping LAD@LAA line=9.5
2026-05-16 23:31:13,817 INFO live_engine Calibrated-stake [SHADOW] LAD@LAA line=9.5 calibrated_edge=-0.0622 multiplier=0.500 base=$10.00 -> stake=$10.00 (shadow only -- stake unchanged)
2026-05-16 23:31:13,820 INFO live_engine EV policy [SHADOW] LAD@LAA line=9.5 allow=True p_win=0.723 p_fill=0.646 ev_if_filled=-0.23 ev_per_stake=-0.0146
2026-05-16 23:31:13,821 INFO live_engine Daily budget $100 reached -- deployed $100  reserved $0  remaining $0  needed $10.00  skipping LAD@LAA line=9.5
2026-05-16 23:31:16,558 INFO live_engine Calibrated-stake [SHADOW] LAD@LAA line=9.5 calibrated_edge=-0.0622 multiplier=0.500 base=$10.00 -> stake=$10.00 (shadow only -- stake unchanged)
2026-05-16 23:31:16,560 INFO live_engine EV policy [SHADOW] LAD@LAA line=9.5 allow=True p_win=0.723 p_fill=0.646 ev_if_filled=-0.24 ev_per_stake=-0.0152
2026-05-16 23:31:16,561 INFO live_engine Daily budget $100 reached -- deployed $100  reserved $0  remaining $0  needed $10.00  skipping LAD@LAA line=9.5
2026-05-16 23:31:19,228 INFO live_engine Calibrated-stake [SHADOW] LAD@LAA line=9.5 calibrated_edge=-0.0622 multiplier=0.500 base=$10.00 -> stake=$10.00 (shadow only -- stake unchanged)
2026-05-16 23:31:19,229 INFO live_engine EV policy [SHADOW] LAD@LAA line=9.5 allow=True p_win=0.705 p_fill=0.636 ev_if_filled=-0.07 ev_per_stake=-0.0046
2026-05-16 23:31:19,230 INFO live_engine Daily budget $100 reached -- deployed $100  reserved $0  remaining $0  needed $10.00  skipping LAD@LAA line=9.5
2026-05-16 23:31:21,898 INFO live_engine Calibrated-stake [SHADOW] LAD@LAA line=9.5 calibrated_edge=-0.0622 multiplier=0.500 base=$10.00 -> stake=$10.00 (shadow only -- stake unchanged)
2026-05-16 23:31:21,901 INFO live_engine EV policy [SHADOW] LAD@LAA line=9.5 allow=True p_win=0.709 p_fill=0.631 ev_if_filled=-0.29 ev_per_stake=-0.0180
2026-05-16 23:31:21,902 INFO live_engine Daily budget $100 reached -- deployed $100  reserved $0  remaining $0  needed $10.00  skipping LAD@LAA line=9.5
2026-05-16 23:31:24,684 DEBUG signal_engine Tape capture skip_2026-05-16_824038_9.5_158390: trades_5s=0 trades_30s=0 signed_30s=None ltp_ask_gap_3=-0.4467 stale=265.463s raw_n=100 fetch_ok=True
2026-05-16 23:31:24,793 DEBUG signal_engine Family B capture skip_2026-05-16_824038_9.5_158390: ask_touch=49.0 bid_touch=42.0 imb1=0.4615 imb5=0.6578 depth_below=0 depth_at=0 book_ok=True
2026-05-16 23:31:24,797 DEBUG signal_engine Family C capture skip_2026-05-16_824038_9.5_158390: ask_v5=0.009357 ask_v30=0.002369 mid_drift=-0.02 spread_ratio=4.56 ask_vol=0.01832 buffer_n=120 window_30s_n=12
2026-05-16 23:32:18,837 DEBUG signal_engine Skip LAD@LAA line=8.5: Gate 8f saturation (base_fv=1.000 >= threshold=0.990) ask=0.860 | market CONFIRMS (ask>=0.85, likely real run)
2026-05-16 23:32:18,916 DEBUG signal_engine Tape capture skip_2026-05-16_824038_8.5_158576: trades_5s=0 trades_30s=0 signed_30s=None ltp_ask_gap_3=-0.5067 stale=319.837s raw_n=100 fetch_ok=True
2026-05-16 23:32:19,032 DEBUG signal_engine Family B capture skip_2026-05-16_824038_8.5_158576: ask_touch=8.83 bid_touch=20.0 imb1=0.6937 imb5=0.3586 depth_below=0 depth_at=0 book_ok=True
2026-05-16 23:32:19,035 DEBUG signal_engine Family C capture skip_2026-05-16_824038_8.5_158576: ask_v5=0.0 ask_v30=-0.000324 mid_drift=-0.015 spread_ratio=0.6942 ask_vol=0.020226 buffer_n=120 window_30s_n=12
2026-05-16 23:32:19,041 DEBUG signal_engine Skip LAD@LAA line=9.5: extreme edge in any inning (edge=0.234 > threshold=0.220  inn=7) - phantom-run risk
2026-05-16 23:32:19,115 DEBUG signal_engine Tape capture skip_2026-05-16_824038_9.5_158578: trades_5s=0 trades_30s=0 signed_30s=None ltp_ask_gap_3=-0.3367 stale=320.038s raw_n=100 fetch_ok=True
2026-05-16 23:32:19,263 DEBUG signal_engine Family B capture skip_2026-05-16_824038_9.5_158578: ask_touch=520.0 bid_touch=4512.26 imb1=0.8967 imb5=0.3168 depth_below=0 depth_at=0 book_ok=True
2026-05-16 23:32:19,268 DEBUG signal_engine Family C capture skip_2026-05-16_824038_9.5_158578: ask_v5=0.0 ask_v30=-0.000322 mid_drift=-0.005 spread_ratio=0.72 ask_vol=0.005774 buffer_n=120 window_30s_n=12
2026-05-16 23:33:10,288 INFO live_engine Calibrated-stake [SHADOW] LAD@LAA line=9.5 calibrated_edge=-0.0327 multiplier=0.500 base=$10.00 -> stake=$10.00 (shadow only -- stake unchanged)
2026-05-16 23:33:10,290 INFO live_engine EV policy [SHADOW] LAD@LAA line=9.5 allow=True p_win=0.661 p_fill=0.660 ev_if_filled=0.17 ev_per_stake=0.0112
2026-05-16 23:33:10,290 INFO live_engine Daily budget $100 reached -- deployed $100  reserved $0  remaining $0  needed $10.00  skipping LAD@LAA line=9.5
2026-05-16 23:33:13,007 INFO live_engine Calibrated-stake [SHADOW] LAD@LAA line=9.5 calibrated_edge=-0.0227 multiplier=0.500 base=$10.00 -> stake=$10.00 (shadow only -- stake unchanged)
2026-05-16 23:33:13,010 INFO live_engine EV policy [SHADOW] LAD@LAA line=9.5 allow=True p_win=0.659 p_fill=0.656 ev_if_filled=-0.17 ev_per_stake=-0.0109
2026-05-16 23:33:13,010 INFO live_engine Daily budget $100 reached -- deployed $100  reserved $0  remaining $0  needed $10.00  skipping LAD@LAA line=9.5
2026-05-16 23:33:51,578 DEBUG signal_engine Skip LAD@LAA line=8.5: Gate 8f saturation (base_fv=1.000 >= threshold=0.990) ask=0.860 | market CONFIRMS (ask>=0.85, likely real run)
2026-05-16 23:33:51,668 DEBUG signal_engine Tape capture skip_2026-05-16_824038_8.5_158924: trades_5s=0 trades_30s=0 signed_30s=None ltp_ask_gap_3=-0.5067 stale=412.578s raw_n=100 fetch_ok=True
2026-05-16 23:33:51,795 DEBUG signal_engine Family B capture skip_2026-05-16_824038_8.5_158924: ask_touch=521.0 bid_touch=197.0 imb1=0.2744 imb5=0.0918 depth_below=0 depth_at=0 book_ok=True
2026-05-16 23:33:51,796 DEBUG signal_engine Family C capture skip_2026-05-16_824038_8.5_158924: ask_v5=0.0 ask_v30=0.000324 mid_drift=-0.01 spread_ratio=0.9231 ask_vol=0.007385 buffer_n=120 window_30s_n=12
2026-05-16 23:33:51,800 DEBUG signal_engine Skip LAD@LAA line=9.5: extreme edge in any inning (edge=0.231 > threshold=0.220  inn=7) - phantom-run risk
2026-05-16 23:33:51,875 DEBUG signal_engine Tape capture skip_2026-05-16_824038_9.5_158925: trades_5s=0 trades_30s=0 signed_30s=None ltp_ask_gap_3=-0.3267 stale=412.797s raw_n=100 fetch_ok=True
2026-05-16 23:33:52,003 DEBUG signal_engine Family B capture skip_2026-05-16_824038_9.5_158925: ask_touch=42.0 bid_touch=257.0 imb1=0.8595 imb5=0.4789 depth_below=0 depth_at=0 book_ok=True
2026-05-16 23:33:52,008 DEBUG signal_engine Family C capture skip_2026-05-16_824038_9.5_158925: ask_v5=0.0 ask_v30=-0.000322 mid_drift=-0.025 spread_ratio=1.1111 ask_vol=0.009003 buffer_n=120 window_30s_n=12
2026-05-16 23:35:34,442 INFO live_engine Calibrated-stake [SHADOW] LAD@LAA line=9.5 calibrated_edge=-0.0230 multiplier=0.500 base=$10.00 -> stake=$10.00 (shadow only -- stake unchanged)
2026-05-16 23:35:34,443 INFO live_engine EV policy [SHADOW] LAD@LAA line=9.5 allow=True p_win=0.668 p_fill=0.679 ev_if_filled=-0.03 ev_per_stake=-0.0021
2026-05-16 23:35:34,443 INFO live_engine Daily budget $100 reached -- deployed $100  reserved $0  remaining $0  needed $10.00  skipping LAD@LAA line=9.5
2026-05-16 23:35:42,255 INFO live_engine Calibrated-stake [SHADOW] LAD@LAA line=9.5 calibrated_edge=-0.0130 multiplier=0.500 base=$10.00 -> stake=$10.00 (shadow only -- stake unchanged)
2026-05-16 23:35:42,258 INFO live_engine EV policy [SHADOW] LAD@LAA line=9.5 allow=True p_win=0.653 p_fill=0.676 ev_if_filled=-0.11 ev_per_stake=-0.0072
2026-05-16 23:35:42,258 INFO live_engine Daily budget $100 reached -- deployed $100  reserved $0  remaining $0  needed $10.00  skipping LAD@LAA line=9.5
2026-05-16 23:35:47,482 INFO live_engine Calibrated-stake [SHADOW] LAD@LAA line=9.5 calibrated_edge=-0.0130 multiplier=0.500 base=$10.00 -> stake=$10.00 (shadow only -- stake unchanged)
2026-05-16 23:35:47,486 INFO live_engine EV policy [SHADOW] LAD@LAA line=9.5 allow=True p_win=0.653 p_fill=0.676 ev_if_filled=-0.10 ev_per_stake=-0.0070
2026-05-16 23:35:47,487 INFO live_engine Daily budget $100 reached -- deployed $100  reserved $0  remaining $0  needed $10.00  skipping LAD@LAA line=9.5
2026-05-16 23:35:50,165 INFO live_engine Calibrated-stake [SHADOW] LAD@LAA line=9.5 calibrated_edge=-0.0130 multiplier=0.500 base=$10.00 -> stake=$10.00 (shadow only -- stake unchanged)
2026-05-16 23:35:50,166 INFO live_engine EV policy [SHADOW] LAD@LAA line=9.5 allow=True p_win=0.657 p_fill=0.676 ev_if_filled=-0.19 ev_per_stake=-0.0131
2026-05-16 23:35:50,166 INFO live_engine Daily budget $100 reached -- deployed $100  reserved $0  remaining $0  needed $10.00  skipping LAD@LAA line=9.5
2026-05-16 23:36:00,592 INFO live_engine Calibrated-stake [SHADOW] LAD@LAA line=9.5 calibrated_edge=-0.0130 multiplier=0.500 base=$10.00 -> stake=$10.00 (shadow only -- stake unchanged)
2026-05-16 23:36:00,594 INFO live_engine EV policy [SHADOW] LAD@LAA line=9.5 allow=True p_win=0.639 p_fill=0.617 ev_if_filled=-0.32 ev_per_stake=-0.0200
2026-05-16 23:36:00,594 INFO live_engine Daily budget $100 reached -- deployed $100  reserved $0  remaining $0  needed $10.00  skipping LAD@LAA line=9.5
2026-05-16 23:36:03,265 INFO live_engine Calibrated-stake [SHADOW] LAD@LAA line=9.5 calibrated_edge=-0.0130 multiplier=0.500 base=$10.00 -> stake=$10.00 (shadow only -- stake unchanged)
2026-05-16 23:36:03,267 INFO live_engine EV policy [SHADOW] LAD@LAA line=9.5 allow=True p_win=0.635 p_fill=0.617 ev_if_filled=-0.23 ev_per_stake=-0.0142
2026-05-16 23:36:03,267 INFO live_engine Daily budget $100 reached -- deployed $100  reserved $0  remaining $0  needed $10.00  skipping LAD@LAA line=9.5
2026-05-16 23:36:39,388 INFO live_engine Calibrated-stake [SHADOW] LAD@LAA line=9.5 calibrated_edge=-0.0330 multiplier=0.500 base=$10.00 -> stake=$10.00 (shadow only -- stake unchanged)
2026-05-16 23:36:39,389 INFO live_engine EV policy [SHADOW] LAD@LAA line=9.5 allow=True p_win=0.665 p_fill=0.616 ev_if_filled=-0.23 ev_per_stake=-0.0139
2026-05-16 23:36:39,389 INFO live_engine Daily budget $100 reached -- deployed $100  reserved $0  remaining $0  needed $10.00  skipping LAD@LAA line=9.5
2026-05-16 23:36:42,108 INFO live_engine Calibrated-stake [SHADOW] LAD@LAA line=9.5 calibrated_edge=-0.0430 multiplier=0.500 base=$10.00 -> stake=$10.00 (shadow only -- stake unchanged)
2026-05-16 23:36:42,111 INFO live_engine EV policy [SHADOW] LAD@LAA line=9.5 allow=True p_win=0.665 p_fill=0.612 ev_if_filled=-0.07 ev_per_stake=-0.0041
2026-05-16 23:36:42,111 INFO live_engine Daily budget $100 reached -- deployed $100  reserved $0  remaining $0  needed $10.00  skipping LAD@LAA line=9.5
2026-05-16 23:38:29,715 DEBUG signal_engine Skip LAD@LAA line=8.5: Gate 8f saturation (base_fv=1.000 >= threshold=0.990) ask=0.800 | market AMBIGUOUS
2026-05-16 23:38:29,907 DEBUG signal_engine Tape capture skip_2026-05-16_824038_8.5_159975: trades_5s=0 trades_30s=0 signed_30s=None ltp_ask_gap_3=-0.3833 stale=88.715s raw_n=100 fetch_ok=True
2026-05-16 23:38:30,016 DEBUG signal_engine Family B capture skip_2026-05-16_824038_8.5_159975: ask_touch=500.0 bid_touch=18775.84 imb1=0.9741 imb5=0.6825 depth_below=0 depth_at=0 book_ok=True
2026-05-16 23:38:30,019 DEBUG signal_engine Family C capture skip_2026-05-16_824038_8.5_159975: ask_v5=0.00193 ask_v30=0.0 mid_drift=0.0 spread_ratio=1.1613 ask_vol=0.011645 buffer_n=120 window_30s_n=12
2026-05-16 23:39:55,300 DEBUG mlb_poly_monitor Polling 28 token books (2 active games)
2026-05-16 23:39:57,049 DEBUG mlb_poly_monitor Wrote 28 tick snapshots
2026-05-16 23:41:02,455 DEBUG signal_engine Skip LAD@LAA line=8.5: Gate 8f saturation (base_fv=1.000 >= threshold=0.990) ask=0.920 | market CONFIRMS (ask>=0.85, likely real run)
2026-05-16 23:41:02,555 DEBUG signal_engine Tape capture skip_2026-05-16_824038_8.5_160507: trades_5s=0 trades_30s=0 signed_30s=None ltp_ask_gap_3=-0.5033 stale=241.455s raw_n=100 fetch_ok=True
2026-05-16 23:41:02,666 DEBUG signal_engine Family B capture skip_2026-05-16_824038_8.5_160507: ask_touch=26.35 bid_touch=100.0 imb1=0.7915 imb5=0.13 depth_below=0 depth_at=0 book_ok=True
2026-05-16 23:41:02,670 DEBUG signal_engine Family C capture skip_2026-05-16_824038_8.5_160507: ask_v5=0.02136 ask_v30=0.004676 mid_drift=0.055 spread_ratio=2.375 ask_vol=0.035032 buffer_n=120 window_30s_n=12
2026-05-16 23:42:04,218 DEBUG signal_engine Skip LAD@LAA line=8.5: Gate 8f saturation (base_fv=1.000 >= threshold=0.990) ask=0.780 | market AMBIGUOUS
2026-05-16 23:42:04,320 DEBUG signal_engine Tape capture skip_2026-05-16_824038_8.5_160741: trades_5s=0 trades_30s=0 signed_30s=None ltp_ask_gap_3=-0.3633 stale=303.217s raw_n=100 fetch_ok=True
2026-05-16 23:42:04,434 DEBUG signal_engine Family B capture skip_2026-05-16_824038_8.5_160741: ask_touch=505.0 bid_touch=4232.44 imb1=0.8934 imb5=0.5253 depth_below=0 depth_at=0 book_ok=True
2026-05-16 23:42:04,436 DEBUG signal_engine Family C capture skip_2026-05-16_824038_8.5_160741: ask_v5=0.0 ask_v30=-0.000325 mid_drift=-0.005 spread_ratio=1.0169 ask_vol=0.002887 buffer_n=120 window_30s_n=12
2026-05-16 23:44:35,975 DEBUG mlb_poly_monitor Schedule refreshed for 2026-05-16: 15 games (2 live, 13 final; unchanged)
2026-05-16 23:47:06,683 DEBUG signal_engine Skip SF@ATH line=8.5: blowout/blowout-adjacent gate (trailing=1 lead=5 inn=8 blowout_min=6 adj_min=4 mode=enforce arm=strict_block relax_pass=False) -- Poisson FV unreliable when trailing team shut out late
2026-05-16 23:47:06,913 DEBUG signal_engine Tape capture skip_2026-05-16_825007_8.5_161922: trades_5s=0 trades_30s=100 signed_30s=7129.3286 ltp_ask_gap_3=0.218 stale=9.684s raw_n=100 fetch_ok=True
2026-05-16 23:47:07,026 DEBUG signal_engine Family B capture skip_2026-05-16_825007_8.5_161922: ask_touch=5502.56 bid_touch=46.51 imb1=0.0084 imb5=0.5339 depth_below=0 depth_at=0 book_ok=True
2026-05-16 23:47:07,027 DEBUG signal_engine Family C capture skip_2026-05-16_825007_8.5_161922: ask_v5=0.0 ask_v30=0.001626 mid_drift=0.045 spread_ratio=0.8333 ask_vol=0.101698 buffer_n=120 window_30s_n=12
2026-05-16 23:47:42,954 DEBUG signal_engine Skip LAD@LAA line=8.5: Gate 8f saturation (base_fv=1.000 >= threshold=0.990) ask=0.740 | market AMBIGUOUS
2026-05-16 23:47:43,148 DEBUG signal_engine Tape capture skip_2026-05-16_824038_8.5_162058: trades_5s=0 trades_30s=0 signed_30s=None ltp_ask_gap_3=0.088 stale=45.954s raw_n=100 fetch_ok=True
2026-05-16 23:47:43,262 DEBUG signal_engine Family B capture skip_2026-05-16_824038_8.5_162058: ask_touch=21.0 bid_touch=100.0 imb1=0.8264 imb5=0.4373 depth_below=0 depth_at=0 book_ok=True
2026-05-16 23:47:43,265 DEBUG signal_engine Family C capture skip_2026-05-16_824038_8.5_162058: ask_v5=0.0 ask_v30=0.0 mid_drift=0.0 spread_ratio=1.0 ask_vol=0.0 buffer_n=120 window_30s_n=12
2026-05-16 23:48:42,137 DEBUG signal_engine Skip LAD@LAA line=9.5: extreme edge in any inning (edge=0.249 > threshold=0.220  inn=8) - phantom-run risk
2026-05-16 23:48:42,341 DEBUG signal_engine Tape capture skip_2026-05-16_824038_9.5_162289: trades_5s=0 trades_30s=0 signed_30s=None ltp_ask_gap_3=0.228 stale=105.134s raw_n=100 fetch_ok=True
2026-05-16 23:48:42,451 DEBUG signal_engine Family B capture skip_2026-05-16_824038_9.5_162289: ask_touch=5455.0 bid_touch=4432.76 imb1=0.4483 imb5=0.4897 depth_below=0 depth_at=0 book_ok=True
2026-05-16 23:48:42,452 DEBUG signal_engine Family C capture skip_2026-05-16_824038_9.5_162289: ask_v5=0.0 ask_v30=0.002604 mid_drift=0.07 spread_ratio=0.18 ask_vol=0.109306 buffer_n=120 window_30s_n=12
2026-05-16 23:50:48,120 DEBUG signal_engine Skip LAD@LAA line=8.5: Gate 8f saturation (base_fv=1.000 >= threshold=0.990) ask=0.800 | market AMBIGUOUS
2026-05-16 23:50:48,200 DEBUG signal_engine Tape capture skip_2026-05-16_824038_8.5_162777: trades_5s=0 trades_30s=0 signed_30s=None ltp_ask_gap_3=0.028 stale=231.12s raw_n=100 fetch_ok=True
2026-05-16 23:50:48,319 DEBUG signal_engine Family B capture skip_2026-05-16_824038_8.5_162777: ask_touch=66.0 bid_touch=20.0 imb1=0.2326 imb5=0.8193 depth_below=0 depth_at=0 book_ok=True
2026-05-16 23:50:48,322 DEBUG signal_engine Family C capture skip_2026-05-16_824038_8.5_162777: ask_v5=0.0 ask_v30=-0.000325 mid_drift=-0.005 spread_ratio=1.0714 ask_vol=0.010299 buffer_n=120 window_30s_n=12
2026-05-16 23:51:06,224 DEBUG signal_engine runtime debug rollup: events=1030 unique_keys=35 by_kind={'inference_fallback': 372, 'stage2_adj': 329, 'stage3_adj': 329}
2026-05-16 23:51:06,224 DEBUG signal_engine runtime debug rollup detail kind=inference_fallback count=72 game=LAD@LAA line=9.5 inning=6 state=B6|outs=0|score=6-2|runners=2 source_key=po95 example=inference fallback LAD@LAA line=9.5: cell=6_3_6_B_0_0 level=1 label=bases_empty (line_mode=exact src=po95)
2026-05-16 23:51:06,224 DEBUG signal_engine runtime debug rollup detail kind=stage2_adj count=72 game=LAD@LAA line=9.5 inning=6 state=B6|outs=0|score=6-2|runners=2 source_key=Angel Stadium example=Stage-2 adj LAD@LAA line=9.5 inn=6: fv=0.966 -> 0.966  (delta=-0.014  weather_source='weather_v2:open-meteo:ok:usable'  park='Angel Stadium'  temp_bin='65-79F'  wind_bin='out_6to9')
2026-05-16 23:51:06,224 DEBUG signal_engine runtime debug rollup detail kind=stage3_adj count=72 game=LAD@LAA line=9.5 inning=6 state=B6|outs=0|score=6-2|runners=2 source_key=LAD-LAA|2026-05-17 example=Stage-3 adj LAD@LAA line=9.5 inn=6: s1+s2_fv=0.966 -> adj_fv=0.963  (delta=-0.079  away_rpg=4.42  home_rpg=3.60  expected=8.02 vs avg=8.89)
2026-05-16 23:51:06,224 DEBUG signal_engine runtime debug rollup detail kind=inference_fallback count=72 game=LAD@LAA line=8.5 inning=6 state=B6|outs=0|score=6-2|runners=2 source_key=po85 example=inference fallback LAD@LAA line=8.5: cell=6_3_6_B_0_0 level=1 label=bases_empty (line_mode=exact src=po85)
2026-05-16 23:51:06,224 DEBUG signal_engine runtime debug rollup detail kind=stage2_adj count=60 game=LAD@LAA line=9.5 inning=7 state=T7|outs=0|score=6-2|runners=0 source_key=Angel Stadium example=Stage-2 adj LAD@LAA line=9.5 inn=7: fv=0.944 -> 0.943  (delta=-0.014  weather_source='weather_v2:open-meteo:ok:usable'  park='Angel Stadium'  temp_bin='65-79F'  wind_bin='out_6to9')
2026-05-16 23:51:06,224 DEBUG signal_engine runtime debug rollup detail kind=stage3_adj count=60 game=LAD@LAA line=9.5 inning=7 state=T7|outs=0|score=6-2|runners=0 source_key=LAD-LAA|2026-05-17 example=Stage-3 adj LAD@LAA line=9.5 inn=7: s1+s2_fv=0.943 -> adj_fv=0.940  (delta=-0.053  away_rpg=4.42  home_rpg=3.60  expected=8.02 vs avg=8.89)
2026-05-16 23:51:06,224 DEBUG signal_engine runtime debug rollup detail kind=stage2_adj count=45 game=LAD@LAA line=9.5 inning=7 state=T7|outs=2|score=6-2|runners=0 source_key=Angel Stadium example=Stage-2 adj LAD@LAA line=9.5 inn=7: fv=0.916 -> 0.915  (delta=-0.014  weather_source='weather_v2:open-meteo:ok:usable'  park='Angel Stadium'  temp_bin='65-79F'  wind_bin='out_6to9')
2026-05-16 23:51:06,224 DEBUG signal_engine runtime debug rollup detail kind=stage3_adj count=45 game=LAD@LAA line=9.5 inning=7 state=T7|outs=2|score=6-2|runners=0 source_key=LAD-LAA|2026-05-17 example=Stage-3 adj LAD@LAA line=9.5 inn=7: s1+s2_fv=0.915 -> adj_fv=0.911  (delta=-0.053  away_rpg=4.42  home_rpg=3.60  expected=8.02 vs avg=8.89)
2026-05-16 23:51:06,224 DEBUG signal_engine runtime debug rollup detail kind=stage2_adj count=36 game=LAD@LAA line=9.5 inning=7 state=T7|outs=1|score=6-2|runners=0 source_key=Angel Stadium example=Stage-2 adj LAD@LAA line=9.5 inn=7: fv=0.929 -> 0.928  (delta=-0.014  weather_source='weather_v2:open-meteo:ok:usable'  park='Angel Stadium'  temp_bin='65-79F'  wind_bin='out_6to9')
2026-05-16 23:51:06,224 DEBUG signal_engine runtime debug rollup detail kind=stage3_adj count=36 game=LAD@LAA line=9.5 inning=7 state=T7|outs=1|score=6-2|runners=0 source_key=LAD-LAA|2026-05-17 example=Stage-3 adj LAD@LAA line=9.5 inn=7: s1+s2_fv=0.928 -> adj_fv=0.924  (delta=-0.053  away_rpg=4.42  home_rpg=3.60  expected=8.02 vs avg=8.89)
2026-05-16 23:51:06,224 DEBUG signal_engine runtime debug rollup detail kind=inference_fallback count=36 game=LAD@LAA line=9.5 inning=7 state=T7|outs=2|score=6-2|runners=1 source_key=po95 example=inference fallback LAD@LAA line=9.5: cell=7_2_7_T_2_0 level=1 label=bases_empty (line_mode=exact src=po95)
2026-05-16 23:51:06,224 DEBUG signal_engine runtime debug rollup detail kind=stage2_adj count=36 game=LAD@LAA line=9.5 inning=7 state=T7|outs=2|score=6-2|runners=1 source_key=Angel Stadium example=Stage-2 adj LAD@LAA line=9.5 inn=7: fv=0.916 -> 0.915  (delta=-0.014  weather_source='weather_v2:open-meteo:ok:usable'  park='Angel Stadium'  temp_bin='65-79F'  wind_bin='out_6to9')
2026-05-16 23:51:06,224 DEBUG signal_engine runtime debug rollup detail kind=stage3_adj count=36 game=LAD@LAA line=9.5 inning=7 state=T7|outs=2|score=6-2|runners=1 source_key=LAD-LAA|2026-05-17 example=Stage-3 adj LAD@LAA line=9.5 inn=7: s1+s2_fv=0.915 -> adj_fv=0.911  (delta=-0.053  away_rpg=4.42  home_rpg=3.60  expected=8.02 vs avg=8.89)
2026-05-16 23:51:06,224 DEBUG signal_engine runtime debug rollup detail kind=inference_fallback count=34 game=LAD@LAA line=8.5 inning=7 state=T7|outs=2|score=6-2|runners=1 source_key=po85 example=inference fallback LAD@LAA line=8.5: cell=7_2_7_T_2_0 level=1 label=bases_empty (line_mode=exact src=po85)
2026-05-16 23:51:06,224 DEBUG signal_engine runtime debug rollup detail kind=inference_fallback count=24 game=LAD@LAA line=8.5 inning=6 state=B6|outs=1|score=6-2|runners=2 source_key=po85 example=inference fallback LAD@LAA line=8.5: cell=6_3_6_B_1_0 level=1 label=bases_empty (line_mode=exact src=po85)
2026-05-16 23:51:06,224 DEBUG signal_engine runtime debug rollup detail kind=inference_fallback count=24 game=LAD@LAA line=9.5 inning=6 state=B6|outs=1|score=6-2|runners=2 source_key=po95 example=inference fallback LAD@LAA line=9.5: cell=6_3_6_B_1_0 level=1 label=bases_empty (line_mode=exact src=po95)
2026-05-16 23:51:06,224 DEBUG signal_engine runtime debug rollup detail kind=stage2_adj count=24 game=LAD@LAA line=9.5 inning=6 state=B6|outs=1|score=6-2|runners=2 source_key=Angel Stadium example=Stage-2 adj LAD@LAA line=9.5 inn=6: fv=0.957 -> 0.957  (delta=-0.014  weather_source='weather_v2:open-meteo:ok:usable'  park='Angel Stadium'  temp_bin='65-79F'  wind_bin='out_6to9')
2026-05-16 23:51:06,224 DEBUG signal_engine runtime debug rollup detail kind=stage3_adj count=24 game=LAD@LAA line=9.5 inning=6 state=B6|outs=1|score=6-2|runners=2 source_key=LAD-LAA|2026-05-17 example=Stage-3 adj LAD@LAA line=9.5 inn=6: s1+s2_fv=0.957 -> adj_fv=0.953  (delta=-0.079  away_rpg=4.42  home_rpg=3.60  expected=8.02 vs avg=8.89)
2026-05-16 23:51:06,224 DEBUG signal_engine runtime debug rollup detail kind=inference_fallback count=24 game=LAD@LAA line=8.5 inning=6 state=B6|outs=2|score=6-2|runners=2 source_key=po85 example=inference fallback LAD@LAA line=8.5: cell=6_3_6_B_2_0 level=1 label=bases_empty (line_mode=exact src=po85)
2026-05-16 23:51:06,224 DEBUG signal_engine runtime debug rollup detail kind=inference_fallback count=24 game=LAD@LAA line=8.5 inning=8 state=T8|outs=0|score=6-2|runners=1 source_key=po85 example=inference fallback LAD@LAA line=8.5: cell=7_2_8_T_0_0 level=1 label=bases_empty (line_mode=exact src=po85)
2026-05-16 23:51:06,224 DEBUG signal_engine runtime debug rollup detail kind=inference_fallback count=21 game=SF@ATH line=8.5 inning=7 state=T7|outs=0|score=6-1|runners=6 source_key=po85 example=inference fallback SF@ATH line=8.5: cell=7_1_7_T_0_0 level=1 label=bases_empty (line_mode=exact src=po85)
2026-05-16 23:51:06,224 DEBUG signal_engine runtime debug rollup detail kind=stage2_adj count=20 game=SF@ATH line=8.5 inning=7 state=T7|outs=0|score=6-1|runners=6 source_key=Sutter Health Park example=Stage-2 adj SF@ATH line=8.5 inn=7: fv=0.944 -> 0.950  (delta=+0.122  weather_source='weather_v2:open-meteo:ok:usable'  park='Sutter Health Park'  temp_bin='65-79F'  wind_bin='in_6to9')
2026-05-16 23:51:06,224 DEBUG signal_engine runtime debug rollup detail kind=stage3_adj count=20 game=SF@ATH line=8.5 inning=7 state=T7|outs=0|score=6-1|runners=6 source_key=SF-ATH|2026-05-17 example=Stage-3 adj SF@ATH line=8.5 inn=7: s1+s2_fv=0.950 -> adj_fv=0.949  (delta=-0.023  away_rpg=3.72  home_rpg=4.50  expected=8.22 vs avg=8.89)
2026-05-16 23:51:06,224 DEBUG signal_engine runtime debug rollup detail kind=inference_fallback count=19 game=LAD@LAA line=9.5 inning=6 state=B6|outs=2|score=6-2|runners=2 source_key=po95 example=inference fallback LAD@LAA line=9.5: cell=6_3_6_B_2_0 level=1 label=bases_empty (line_mode=exact src=po95)
2026-05-16 23:51:06,224 DEBUG signal_engine runtime debug rollup detail kind=stage2_adj count=19 game=LAD@LAA line=9.5 inning=6 state=B6|outs=2|score=6-2|runners=2 source_key=Angel Stadium example=Stage-2 adj LAD@LAA line=9.5 inn=6: fv=0.948 -> 0.947  (delta=-0.014  weather_source='weather_v2:open-meteo:ok:usable'  park='Angel Stadium'  temp_bin='65-79F'  wind_bin='out_6to9')
2026-05-16 23:51:06,224 DEBUG signal_engine runtime debug rollup detail kind=stage3_adj count=19 game=LAD@LAA line=9.5 inning=6 state=B6|outs=2|score=6-2|runners=2 source_key=LAD-LAA|2026-05-17 example=Stage-3 adj LAD@LAA line=9.5 inn=6: s1+s2_fv=0.947 -> adj_fv=0.943  (delta=-0.079  away_rpg=4.42  home_rpg=3.60  expected=8.02 vs avg=8.89)
2026-05-16 23:51:06,224 DEBUG signal_engine runtime debug rollup detail kind=inference_fallback count=8 game=SF@ATH line=9.5 inning=7 state=T7|outs=0|score=6-1|runners=6 source_key=po95 example=inference fallback SF@ATH line=9.5: cell=7_1_7_T_0_0 level=1 label=bases_empty (line_mode=exact src=po95)
2026-05-16 23:51:06,224 DEBUG signal_engine runtime debug rollup detail kind=stage2_adj count=8 game=SF@ATH line=9.5 inning=7 state=T7|outs=0|score=6-1|runners=6 source_key=Sutter Health Park example=Stage-2 adj SF@ATH line=9.5 inn=7: fv=0.783 -> 0.790  (delta=+0.040  weather_source='weather_v2:open-meteo:ok:usable'  park='Sutter Health Park'  temp_bin='65-79F'  wind_bin='in_6to9')
2026-05-16 23:51:06,224 DEBUG signal_engine runtime debug rollup detail kind=stage3_adj count=8 game=SF@ATH line=9.5 inning=7 state=T7|outs=0|score=6-1|runners=6 source_key=SF-ATH|2026-05-17 example=Stage-3 adj SF@ATH line=9.5 inn=7: s1+s2_fv=0.790 -> adj_fv=0.786  (delta=-0.023  away_rpg=3.72  home_rpg=4.50  expected=8.22 vs avg=8.89)
2026-05-16 23:51:06,224 DEBUG signal_engine runtime debug rollup detail kind=inference_fallback count=8 game=LAD@LAA line=8.5 inning=8 state=T8|outs=1|score=6-2|runners=2 source_key=po85 example=inference fallback LAD@LAA line=8.5: cell=7_2_8_T_1_0 level=1 label=bases_empty (line_mode=exact src=po85)
2026-05-16 23:51:06,224 DEBUG signal_engine runtime debug rollup detail kind=inference_fallback count=6 game=SF@ATH line=8.5 inning=7 state=T7|outs=1|score=6-1|runners=6 source_key=po85 example=inference fallback SF@ATH line=8.5: cell=7_1_7_T_1_0 level=1 label=bases_empty (line_mode=exact src=po85)
2026-05-16 23:51:06,224 DEBUG signal_engine runtime debug rollup detail kind=stage2_adj count=6 game=SF@ATH line=8.5 inning=7 state=T7|outs=1|score=6-1|runners=6 source_key=Sutter Health Park example=Stage-2 adj SF@ATH line=8.5 inn=7: fv=0.929 -> 0.936  (delta=+0.122  weather_source='weather_v2:open-meteo:ok:usable'  park='Sutter Health Park'  temp_bin='65-79F'  wind_bin='in_6to9')
2026-05-16 23:51:06,224 DEBUG signal_engine runtime debug rollup detail kind=stage3_adj count=6 game=SF@ATH line=8.5 inning=7 state=T7|outs=1|score=6-1|runners=6 source_key=SF-ATH|2026-05-17 example=Stage-3 adj SF@ATH line=8.5 inn=7: s1+s2_fv=0.936 -> adj_fv=0.935  (delta=-0.023  away_rpg=3.72  home_rpg=4.50  expected=8.22 vs avg=8.89)
2026-05-16 23:51:06,224 DEBUG signal_engine runtime debug rollup detail kind=stage2_adj count=3 game=LAD@LAA line=9.5 inning=8 state=T8|outs=0|score=6-2|runners=0 source_key=Angel Stadium example=Stage-2 adj LAD@LAA line=9.5 inn=8: fv=0.854 -> 0.852  (delta=-0.014  weather_source='weather_v2:open-meteo:ok:usable'  park='Angel Stadium'  temp_bin='65-79F'  wind_bin='out_6to9')
2026-05-16 23:51:06,224 DEBUG signal_engine runtime debug rollup detail kind=stage3_adj count=3 game=LAD@LAA line=9.5 inning=8 state=T8|outs=0|score=6-2|runners=0 source_key=LAD-LAA|2026-05-17 example=Stage-3 adj LAD@LAA line=9.5 inn=8: s1+s2_fv=0.852 -> adj_fv=0.849  (delta=-0.026  away_rpg=4.42  home_rpg=3.60  expected=8.02 vs avg=8.89)
2026-05-16 23:52:02,658 WARNING signal_engine tick_buffer health: 91 line_states, 91 nonempty, len min/median/max=120/120/120, newest_age max=24199.0s, oldest_age max=24756.1s
2026-05-16 23:52:52,276 DEBUG mlb_poly_monitor Polling 28 token books (2 active games)
2026-05-16 23:52:54,035 DEBUG mlb_poly_monitor Wrote 28 tick snapshots
2026-05-16 23:53:17,166 DEBUG signal_engine Skip SF@ATH line=9.5: pace=(7.9/9inn) insufficient for line=9.5 (total=7 inn=8)
2026-05-16 23:53:17,387 DEBUG signal_engine Tape capture skip_2026-05-16_825007_9.5_163336: trades_5s=0 trades_30s=0 signed_30s=None ltp_ask_gap_3=-0.543 stale=77.166s raw_n=100 fetch_ok=True
2026-05-16 23:53:17,509 DEBUG signal_engine Family B capture skip_2026-05-16_825007_9.5_163336: ask_touch=None bid_touch=36.18 imb1=None imb5=None depth_below=None depth_at=None book_ok=True
2026-05-16 23:53:17,515 DEBUG signal_engine Family C capture skip_2026-05-16_825007_9.5_163336: ask_v5=-0.001947 ask_v30=-0.000324 mid_drift=0.265 spread_ratio=0.2193 ask_vol=0.006325 buffer_n=120 window_30s_n=6
2026-05-16 23:54:23,871 DEBUG signal_engine Skip SF@ATH line=10.5: Gate 8f saturation (base_fv=1.000 >= threshold=0.990) ask=0.600 | market CONTRADICTS (ask<0.70, phantom pattern)
2026-05-16 23:54:24,064 DEBUG signal_engine Tape capture skip_2026-05-16_825007_10.5_163526: trades_5s=0 trades_30s=0 signed_30s=None ltp_ask_gap_3=-0.173 stale=143.868s raw_n=100 fetch_ok=True
2026-05-16 23:54:24,179 DEBUG signal_engine Family B capture skip_2026-05-16_825007_10.5_163526: ask_touch=4649.0 bid_touch=4649.0 imb1=0.5 imb5=0.4879 depth_below=4649.0 depth_at=4649.0 book_ok=True
2026-05-16 23:54:24,180 DEBUG signal_engine Family C capture skip_2026-05-16_825007_10.5_163526: ask_v5=0.013522 ask_v30=0.001947 mid_drift=-0.015 spread_ratio=4.2667 ask_vol=0.030251 buffer_n=120 window_30s_n=12
2026-05-16 23:54:52,348 DEBUG signal_engine Skip LAD@LAA line=9.5: Gate 8f saturation (base_fv=1.000 >= threshold=0.990) ask=0.980 | market CONFIRMS (ask>=0.85, likely real run)
2026-05-16 23:54:52,534 DEBUG signal_engine Tape capture skip_2026-05-16_824038_9.5_163618: trades_5s=0 trades_30s=0 signed_30s=None ltp_ask_gap_3=-0.553 stale=172.347s raw_n=100 fetch_ok=True
2026-05-16 23:54:52,656 DEBUG signal_engine Family B capture skip_2026-05-16_824038_9.5_163618: ask_touch=None bid_touch=1200.0 imb1=None imb5=None depth_below=None depth_at=None book_ok=True
2026-05-16 23:54:52,658 DEBUG signal_engine Family C capture skip_2026-05-16_824038_9.5_163618: ask_v5=0.064291 ask_v30=0.014474 mid_drift=0.43 spread_ratio=0.9863 ask_vol=0.162786 buffer_n=120 window_30s_n=12
2026-05-16 23:55:10,600 DEBUG signal_engine Skip LAD@LAA line=10.5: Gate 8f saturation (base_fv=1.000 >= threshold=0.990) ask=0.980 | market CONFIRMS (ask>=0.85, likely real run)
2026-05-16 23:55:10,789 DEBUG signal_engine Tape capture skip_2026-05-16_824038_10.5_163661: trades_5s=0 trades_30s=0 signed_30s=None ltp_ask_gap_3=-0.553 stale=190.601s raw_n=100 fetch_ok=True
2026-05-16 23:55:10,905 DEBUG signal_engine Family B capture skip_2026-05-16_824038_10.5_163661: ask_touch=4.78 bid_touch=8.14 imb1=0.63 imb5=0.7625 depth_below=0 depth_at=0 book_ok=True
2026-05-16 23:55:10,906 DEBUG signal_engine Family C capture skip_2026-05-16_824038_10.5_163661: ask_v5=0.0 ask_v30=0.019317 mid_drift=0.61 spread_ratio=0.3229 ask_vol=0.253322 buffer_n=120 window_30s_n=12
2026-05-16 23:55:44,234 DEBUG signal_engine Skip SF@ATH line=9.5: Gate 8f saturation (base_fv=1.000 >= threshold=0.990) ask=0.999 | market CONFIRMS (ask>=0.85, likely real run)
2026-05-16 23:55:44,347 DEBUG signal_engine Tape capture skip_2026-05-16_825007_9.5_163734: trades_5s=0 trades_30s=0 signed_30s=None ltp_ask_gap_3=-0.572 stale=224.231s raw_n=100 fetch_ok=True
2026-05-16 23:55:44,478 DEBUG signal_engine Family B capture skip_2026-05-16_825007_9.5_163734: ask_touch=40.0 bid_touch=242.67 imb1=0.8585 imb5=0.9702 depth_below=40.0 depth_at=40.0 book_ok=True
2026-05-16 23:55:44,480 DEBUG signal_engine Family C capture skip_2026-05-16_825007_9.5_163734: ask_v5=None ask_v30=None mid_drift=None spread_ratio=None ask_vol=None buffer_n=120 window_30s_n=1
2026-05-16 23:56:10,229 DEBUG signal_engine Tape capture skip_2026-05-16_824038_10.5_163801: trades_5s=0 trades_30s=0 signed_30s=None ltp_ask_gap_3=-0.483 stale=250.14s raw_n=100 fetch_ok=True
2026-05-16 23:56:10,339 DEBUG signal_engine Family B capture skip_2026-05-16_824038_10.5_163801: ask_touch=91.0 bid_touch=83.0 imb1=0.477 imb5=0.3905 depth_below=0 depth_at=0 book_ok=True
2026-05-16 23:56:10,342 DEBUG signal_engine Family C capture skip_2026-05-16_824038_10.5_163801: ask_v5=-0.009761 ask_v30=-0.002257 mid_drift=-0.055 spread_ratio=0.2037 ask_vol=0.023779 buffer_n=120 window_30s_n=11
2026-05-16 23:56:56,466 DEBUG signal_engine Skip LAD@LAA line=9.5: Gate 8f saturation (base_fv=1.000 >= threshold=0.990) ask=0.990 | market CONFIRMS (ask>=0.85, likely real run)
2026-05-16 23:56:56,555 DEBUG signal_engine Tape capture skip_2026-05-16_824038_9.5_163913: trades_5s=0 trades_30s=0 signed_30s=None ltp_ask_gap_3=-0.563 stale=296.465s raw_n=100 fetch_ok=True
2026-05-16 23:56:56,674 DEBUG signal_engine Family B capture skip_2026-05-16_824038_9.5_163913: ask_touch=45.0 bid_touch=1000.0 imb1=0.9569 imb5=0.9613 depth_below=45.0 depth_at=45.0 book_ok=True
2026-05-16 23:56:56,678 DEBUG signal_engine Family C capture skip_2026-05-16_824038_9.5_163913: ask_v5=None ask_v30=None mid_drift=None spread_ratio=None ask_vol=None buffer_n=120 window_30s_n=1
2026-05-16 23:57:45,572 DEBUG signal_engine Tape capture skip_2026-05-16_824038_9.5_164034: trades_5s=0 trades_30s=0 signed_30s=None ltp_ask_gap_3=-0.463 stale=345.476s raw_n=100 fetch_ok=True
2026-05-16 23:57:45,688 DEBUG signal_engine Family B capture skip_2026-05-16_824038_9.5_164034: ask_touch=21.0 bid_touch=19.91 imb1=0.4867 imb5=0.0884 depth_below=0 depth_at=0 book_ok=True
2026-05-16 23:57:45,692 DEBUG signal_engine Family C capture skip_2026-05-16_824038_9.5_164034: ask_v5=-0.001954 ask_v30=-0.002273 mid_drift=-0.035 spread_ratio=0.3333 ask_vol=0.036253 buffer_n=120 window_30s_n=8
2026-05-16 23:59:38,362 DEBUG signal_engine Skip LAD@LAA line=11.5: Gate 8f saturation (base_fv=1.000 >= threshold=0.990) ask=0.660 | market CONTRADICTS (ask<0.70, phantom pattern)
2026-05-16 23:59:38,568 DEBUG signal_engine Tape capture skip_2026-05-16_824038_11.5_164230: trades_5s=0 trades_30s=0 signed_30s=None ltp_ask_gap_3=-0.1267 stale=157.36s raw_n=100 fetch_ok=True
2026-05-16 23:59:38,684 DEBUG signal_engine Family B capture skip_2026-05-16_824038_11.5_164230: ask_touch=542.0 bid_touch=8.0 imb1=0.0145 imb5=0.4799 depth_below=0 depth_at=0 book_ok=True
2026-05-16 23:59:38,687 DEBUG signal_engine Family C capture skip_2026-05-16_824038_11.5_164230: ask_v5=-0.02348 ask_v30=-0.00065 mid_drift=-0.01 spread_ratio=0.6606 ask_vol=0.038248 buffer_n=120 window_30s_n=12
2026-05-17 00:00:29,847 DEBUG signal_engine Skip SF@ATH line=9.5: Gate 8f saturation (base_fv=1.000 >= threshold=0.990) ask=0.999 | market CONFIRMS (ask>=0.85, likely real run)
2026-05-17 00:00:30,040 DEBUG signal_engine Tape capture skip_2026-05-16_825007_9.5_164321: trades_5s=0 trades_30s=0 signed_30s=None ltp_ask_gap_3=-0.4657 stale=208.844s raw_n=100 fetch_ok=True
2026-05-17 00:00:30,160 DEBUG signal_engine Family B capture skip_2026-05-16_825007_9.5_164321: ask_touch=146.56 bid_touch=243.0 imb1=0.6238 imb5=0.925 depth_below=146.56 depth_at=146.56 book_ok=True
2026-05-17 00:00:30,164 DEBUG signal_engine Family C capture skip_2026-05-16_825007_9.5_164321: ask_v5=None ask_v30=None mid_drift=None spread_ratio=None ask_vol=None buffer_n=120 window_30s_n=1
2026-05-17 00:00:35,333 DEBUG signal_engine Skip SF@ATH line=9.5: Gate 8f saturation (base_fv=1.000 >= threshold=0.990) ask=0.999 | market CONFIRMS (ask>=0.85, likely real run)
2026-05-17 00:00:35,434 DEBUG signal_engine Tape capture skip_2026-05-16_825007_9.5_164331: trades_5s=0 trades_30s=0 signed_30s=None ltp_ask_gap_3=-0.4657 stale=214.332s raw_n=100 fetch_ok=True
2026-05-17 00:00:35,548 DEBUG signal_engine Family B capture skip_2026-05-16_825007_9.5_164331: ask_touch=146.56 bid_touch=243.0 imb1=0.6238 imb5=0.925 depth_below=146.56 depth_at=146.56 book_ok=True
2026-05-17 00:00:35,552 DEBUG signal_engine Family C capture skip_2026-05-16_825007_9.5_164331: ask_v5=0.0 ask_v30=None mid_drift=None spread_ratio=1.0 ask_vol=0.0 buffer_n=120 window_30s_n=3
2026-05-17 00:01:06,273 DEBUG signal_engine Skip LAD@LAA line=11.5: Gate 8f saturation (base_fv=1.000 >= threshold=0.990) ask=0.999 | market CONFIRMS (ask>=0.85, likely real run)
2026-05-17 00:01:06,379 DEBUG signal_engine Tape capture skip_2026-05-16_824038_11.5_164393: trades_5s=0 trades_30s=0 signed_30s=None ltp_ask_gap_3=-0.4657 stale=245.272s raw_n=100 fetch_ok=True
2026-05-17 00:01:06,497 DEBUG signal_engine Family B capture skip_2026-05-16_824038_11.5_164393: ask_touch=22.0 bid_touch=379.5 imb1=0.9452 imb5=0.9961 depth_below=22.0 depth_at=22.0 book_ok=True
2026-05-17 00:01:06,499 DEBUG signal_engine Family C capture skip_2026-05-16_824038_11.5_164393: ask_v5=0.0 ask_v30=None mid_drift=None spread_ratio=1.5806 ask_vol=0.0 buffer_n=120 window_30s_n=7
2026-05-17 00:02:02,811 DEBUG signal_engine Skip LAD@LAA line=9.5: Gate 8f saturation (base_fv=1.000 >= threshold=0.990) ask=0.999 | market CONFIRMS (ask>=0.85, likely real run)
2026-05-17 00:02:03,000 DEBUG signal_engine Tape capture skip_2026-05-16_824038_9.5_164483: trades_5s=0 trades_30s=0 signed_30s=None ltp_ask_gap_3=-0.4657 stale=301.807s raw_n=100 fetch_ok=True
2026-05-17 00:02:03,120 DEBUG signal_engine Family B capture skip_2026-05-16_824038_9.5_164483: ask_touch=87.0 bid_touch=1888.67 imb1=0.956 imb5=0.9598 depth_below=87.0 depth_at=87.0 book_ok=True
2026-05-17 00:02:03,122 DEBUG signal_engine Family C capture skip_2026-05-16_824038_9.5_164483: ask_v5=None ask_v30=None mid_drift=None spread_ratio=None ask_vol=None buffer_n=120 window_30s_n=1
2026-05-17 00:02:10,848 DEBUG signal_engine Skip LAD@LAA line=10.5: Gate 8f saturation (base_fv=1.000 >= threshold=0.990) ask=0.999 | market CONFIRMS (ask>=0.85, likely real run)
2026-05-17 00:02:11,052 DEBUG signal_engine Tape capture skip_2026-05-16_824038_10.5_164502: trades_5s=0 trades_30s=100 signed_30s=5114.4613 ltp_ask_gap_3=-0.3297 stale=10.846s raw_n=100 fetch_ok=True
2026-05-17 00:02:11,167 DEBUG signal_engine Family B capture skip_2026-05-16_824038_10.5_164502: ask_touch=174.94 bid_touch=3824.03 imb1=0.9563 imb5=0.962 depth_below=174.94 depth_at=174.94 book_ok=True
2026-05-17 00:02:11,169 DEBUG signal_engine Family C capture skip_2026-05-16_824038_10.5_164502: ask_v5=None ask_v30=None mid_drift=None spread_ratio=None ask_vol=None buffer_n=120 window_30s_n=1
2026-05-17 00:05:44,390 DEBUG mlb_poly_monitor Polling 28 token books (2 active games)
2026-05-17 00:05:46,142 DEBUG mlb_poly_monitor Wrote 28 tick snapshots
2026-05-17 00:07:44,242 DEBUG mlb_poly_monitor Schedule state-change rollup for 2026-05-16: changes_total=400 changes_since_last_log=25 games=15 live=2 final=13 states=live=7|final=6:115, live=5|final=1:72, live=2|final=13:41, live=5|final=2:30
2026-05-17 00:15:55,660 INFO mlb_poly_monitor STOP monitoring game 825007 (SF@ATH, state=Final)
2026-05-17 00:15:56,965 INFO signal_engine SETTLED [2026-05-16_825007_7.5_0010] SF@ATH O/U 7.5 OVER  final=6-4 (total=10 vs line=7.5)  WON  profit=$3.51
2026-05-17 00:15:56,977 INFO live_engine === ORDER LIFECYCLE SUMMARY (2026-05-16) -- placed=10 filled=10 (100%) never_filled=0 other_cancel=0 reserved_on_misses=$0.00 ===
2026-05-17 00:15:56,977 INFO live_engine === GAME SUMMARY (2026-05-16) ===
2026-05-17 00:15:56,977 INFO live_engine   BAL@WSH  final=3-13 (total=16) | O8.5(FILL,W,+6.13)  O10.5(FILL,W,+4.28)
2026-05-17 00:15:56,977 INFO live_engine   CHC@CWS  final=3-8 (total=11) | O7.5(FILL,W,+3.16)  O9.5(FILL,W,+3.33)
2026-05-17 00:15:56,977 INFO live_engine   CIN@CLE  final=4-7 (total=11) | O7.5(FILL,W,+2.50)
2026-05-17 00:15:56,977 INFO live_engine   NYY@NYM  final=3-6 (total=9) | O7.5(FILL,W,+5.38)  O9.5(FILL,L,-10.00)
2026-05-17 00:15:56,978 INFO live_engine   SD@SEA  final=7-4 (total=11) | O7.5(FILL,W,+3.51)
2026-05-17 00:15:56,978 INFO live_engine   SF@ATH  final=6-4 (total=10) | O7.5(FILL,W,+3.51)
2026-05-17 00:15:56,978 INFO live_engine   TEX@HOU  final=1-4 (total=5) | O6.5(FILL,L,-9.99)
2026-05-17 00:15:56,978 INFO live_engine SETTLED [2026-05-16_825007_7.5_0010] SF@ATH O/U 7.5 WIN | status=filled  FILLED  profit=+3.51 | final_total=10 (needed 7.5) | fv=0.967  limit=0.740  edge=0.217  S2=+0.052  S3=-0.034  ask_drop_5s=+0.000
2026-05-17 00:18:34,447 DEBUG mlb_poly_monitor Polling 14 token books (1 active games)
2026-05-17 00:18:35,371 DEBUG mlb_poly_monitor Wrote 14 tick snapshots
2026-05-17 00:18:38,034 DEBUG signal_engine Skip LAD@LAA line=11.5: crossed/locked book (bid=0.990 ask=0.990)
2026-05-17 00:21:03,047 DEBUG signal_engine Skip LAD@LAA line=11.5: crossed/locked book (bid=0.990 ask=0.990)
2026-05-17 00:21:08,107 DEBUG signal_engine runtime debug rollup: events=238 unique_keys=13 by_kind={'inference_fallback': 190, 'stage2_adj': 24, 'stage3_adj': 24}
2026-05-17 00:21:08,107 DEBUG signal_engine runtime debug rollup detail kind=inference_fallback count=53 game=LAD@LAA line=10.5 inning=8 state=T8|outs=2|score=6-2|runners=3 source_key=po105 example=inference fallback LAD@LAA line=10.5: cell=9_2_8_B_0_0 level=3 label=same_inning_any_half_outs (line_mode=exact src=po105)
2026-05-17 00:21:08,107 DEBUG signal_engine runtime debug rollup detail kind=inference_fallback count=52 game=LAD@LAA line=8.5 inning=8 state=T8|outs=1|score=6-2|runners=2 source_key=po85 example=inference fallback LAD@LAA line=8.5: cell=7_2_8_T_1_0 level=1 label=bases_empty (line_mode=exact src=po85)
2026-05-17 00:21:08,107 DEBUG signal_engine runtime debug rollup detail kind=inference_fallback count=32 game=LAD@LAA line=8.5 inning=8 state=T8|outs=1|score=6-2|runners=3 source_key=po85 example=inference fallback LAD@LAA line=8.5: cell=7_2_8_T_1_0 level=1 label=bases_empty (line_mode=exact src=po85)
2026-05-17 00:21:08,107 DEBUG signal_engine runtime debug rollup detail kind=inference_fallback count=22 game=LAD@LAA line=9.5 inning=8 state=T8|outs=2|score=6-2|runners=3 source_key=po95 example=inference fallback LAD@LAA line=9.5: cell=8_2_8_T_0_0 level=2 label=same_inning_half_any_outs (line_mode=exact src=po95)
2026-05-17 00:21:08,107 DEBUG signal_engine runtime debug rollup detail kind=stage2_adj count=19 game=LAD@LAA line=10.5 inning=8 state=T8|outs=2|score=6-2|runners=3 source_key=Angel Stadium example=Stage-2 adj LAD@LAA line=10.5 inn=8: fv=0.854 -> 0.847  (delta=-0.056  weather_source='weather_v2:open-meteo:ok:usable'  park='Angel Stadium'  temp_bin='65-79F'  wind_bin='out_6to9')
2026-05-17 00:21:08,107 DEBUG signal_engine runtime debug rollup detail kind=stage3_adj count=19 game=LAD@LAA line=10.5 inning=8 state=T8|outs=2|score=6-2|runners=3 source_key=LAD-LAA|2026-05-17 example=Stage-3 adj LAD@LAA line=10.5 inn=8: s1+s2_fv=0.847 -> adj_fv=0.843  (delta=-0.026  away_rpg=4.42  home_rpg=3.60  expected=8.02 vs avg=8.89)
2026-05-17 00:21:08,107 DEBUG signal_engine runtime debug rollup detail kind=inference_fallback count=13 game=LAD@LAA line=11.5 inning=8 state=T8|outs=2|score=9-2|runners=0 source_key=po115 example=inference fallback LAD@LAA line=11.5: cell=10_2_8_B_0_0 level=3 label=same_inning_any_half_outs (line_mode=exact src=po115)
2026-05-17 00:21:08,107 DEBUG signal_engine runtime debug rollup detail kind=inference_fallback count=11 game=LAD@LAA line=9.5 inning=8 state=T8|outs=2|score=10-2|runners=0 source_key=po95 example=inference fallback LAD@LAA line=9.5: cell=10_2_8_B_0_0 level=3 label=same_inning_any_half_outs (line_mode=exact src=po95)
2026-05-17 00:21:08,107 DEBUG signal_engine runtime debug rollup detail kind=stage2_adj count=5 game=LAD@LAA line=9.5 inning=8 state=T8|outs=2|score=6-2|runners=3 source_key=Angel Stadium example=Stage-2 adj LAD@LAA line=9.5 inn=8: fv=0.783 -> 0.780  (delta=-0.014  weather_source='weather_v2:open-meteo:ok:usable'  park='Angel Stadium'  temp_bin='65-79F'  wind_bin='out_6to9')
2026-05-17 00:21:08,108 DEBUG signal_engine runtime debug rollup detail kind=stage3_adj count=5 game=LAD@LAA line=9.5 inning=8 state=T8|outs=2|score=6-2|runners=3 source_key=LAD-LAA|2026-05-17 example=Stage-3 adj LAD@LAA line=9.5 inn=8: s1+s2_fv=0.780 -> adj_fv=0.776  (delta=-0.026  away_rpg=4.42  home_rpg=3.60  expected=8.02 vs avg=8.89)
2026-05-17 00:21:08,108 DEBUG signal_engine runtime debug rollup detail kind=inference_fallback count=4 game=LAD@LAA line=10.5 inning=8 state=T8|outs=2|score=10-2|runners=0 source_key=po105 example=inference fallback LAD@LAA line=10.5: cell=10_2_8_B_0_0 level=3 label=same_inning_any_half_outs (line_mode=exact src=po105)
2026-05-17 00:21:08,108 DEBUG signal_engine runtime debug rollup detail kind=inference_fallback count=2 game=LAD@LAA line=11.5 inning=8 state=T8|outs=2|score=10-2|runners=0 source_key=po115 example=inference fallback LAD@LAA line=11.5: cell=10_2_8_B_0_0 level=3 label=same_inning_any_half_outs (line_mode=exact src=po115)
2026-05-17 00:21:08,108 DEBUG signal_engine runtime debug rollup detail kind=inference_fallback count=1 game=LAD@LAA line=9.5 inning=8 state=T8|outs=1|score=6-2|runners=3 source_key=po95 example=inference fallback LAD@LAA line=9.5: cell=8_2_8_T_1_0 level=1 label=bases_empty (line_mode=exact src=po95)
2026-05-17 00:22:04,116 DEBUG signal_engine Skip LAD@LAA line=11.5: crossed/locked book (bid=0.990 ask=0.990)
2026-05-17 00:22:04,124 WARNING signal_engine tick_buffer health: 91 line_states, 91 nonempty, len min/median/max=120/120/120, newest_age max=26000.4s, oldest_age max=26557.5s
2026-05-17 00:23:35,585 INFO mlb_poly_monitor Retiring book polling for LAD@LAA game=824038 line=11.5 side=over_yes token=539712789995... cooldown=120s (retire_count=1) after 6 retirable failures | source=gamma status=200 error=gamma_invalid_price:1
2026-05-17 00:23:35,636 INFO mlb_poly_monitor Retiring book polling for LAD@LAA game=824038 line=11.5 side=under_no token=829407367765... cooldown=120s (retire_count=1) after 6 retirable failures | source=gamma status=200 error=gamma_invalid_price:0
2026-05-17 00:25:50,872 DEBUG mlb_poly_monitor Retiring book polling for LAD@LAA game=824038 line=11.5 side=over_yes token=539712789995... cooldown=240s (retire_count=2) after 6 retirable failures | source=gamma status=200 error=gamma_invalid_price:1
2026-05-17 00:25:50,927 DEBUG mlb_poly_monitor Retiring book polling for LAD@LAA game=824038 line=11.5 side=under_no token=829407367765... cooldown=240s (retire_count=2) after 6 retirable failures | source=gamma status=200 error=gamma_invalid_price:0
2026-05-17 00:30:06,113 DEBUG mlb_poly_monitor Retiring book polling for LAD@LAA game=824038 line=11.5 side=over_yes token=539712789995... cooldown=480s (retire_count=3) after 6 retirable failures | source=gamma status=200 error=gamma_invalid_price:1
2026-05-17 00:30:06,167 DEBUG mlb_poly_monitor Retiring book polling for LAD@LAA game=824038 line=11.5 side=under_no token=829407367765... cooldown=480s (retire_count=3) after 6 retirable failures | source=gamma status=200 error=gamma_invalid_price:0
2026-05-17 00:31:59,572 DEBUG mlb_poly_monitor Polling 12 token books (1 active games)
2026-05-17 00:32:00,348 DEBUG mlb_poly_monitor Wrote 12 tick snapshots
2026-05-17 00:35:46,941 DEBUG mlb_poly_monitor Schedule refreshed for 2026-05-16: 15 games (1 live, 14 final; unchanged)
2026-05-17 00:38:24,511 INFO mlb_poly_monitor Retiring book polling for LAD@LAA game=824038 line=11.5 side=under_no token=829407367765... cooldown=120s (retire_count=1) after 6 retirable failures | source=gamma status=200 error=gamma_invalid_price:0
2026-05-17 00:39:04,025 INFO mlb_poly_monitor Retiring book polling for LAD@LAA game=824038 line=11.5 side=over_yes token=539712789995... cooldown=120s (retire_count=1) after 6 retirable failures | source=gamma status=200 error=gamma_invalid_price:1
2026-05-17 00:39:52,070 INFO mlb_poly_monitor STOP monitoring game 824038 (LAD@LAA, state=Final)
2026-05-17 00:39:52,079 INFO live_engine === ORDER LIFECYCLE SUMMARY (2026-05-16) -- placed=10 filled=10 (100%) never_filled=0 other_cancel=0 reserved_on_misses=$0.00 ===
2026-05-17 00:39:52,079 INFO live_engine === GAME SUMMARY (2026-05-16) ===
2026-05-17 00:39:52,079 INFO live_engine   BAL@WSH  final=3-13 (total=16) | O8.5(FILL,W,+6.13)  O10.5(FILL,W,+4.28)
2026-05-17 00:39:52,079 INFO live_engine   CHC@CWS  final=3-8 (total=11) | O7.5(FILL,W,+3.16)  O9.5(FILL,W,+3.33)
2026-05-17 00:39:52,079 INFO live_engine   CIN@CLE  final=4-7 (total=11) | O7.5(FILL,W,+2.50)
2026-05-17 00:39:52,079 INFO live_engine   NYY@NYM  final=3-6 (total=9) | O7.5(FILL,W,+5.38)  O9.5(FILL,L,-10.00)
2026-05-17 00:39:52,079 INFO live_engine   SD@SEA  final=7-4 (total=11) | O7.5(FILL,W,+3.51)
2026-05-17 00:39:52,079 INFO live_engine   SF@ATH  final=6-4 (total=10) | O7.5(FILL,W,+3.51)
2026-05-17 00:39:52,079 INFO live_engine   TEX@HOU  final=1-4 (total=5) | O6.5(FILL,L,-9.99)
2026-05-17 00:39:52,079 INFO mlb_poly_monitor All scheduled games are final and no active monitors remain; exiting.
2026-05-17 00:39:52,079 INFO mlb_poly_monitor === MONITOR ROLLUP (2026-05-16) schedule_refreshes=1008 changes=411 failures=0 poll_cycles=8269 tick_snapshots=427628 discovery_no_new_cycles=74 discovery_no_new_games_attempted=74 retired_book_keys=4 retire_events=6 runtime=31711s ===
2026-05-17 00:39:52,079 INFO mlb_poly_monitor MONITOR SCHEDULE ROLLUP (2026-05-16) state_change_buckets=live=7|final=6:115, live=5|final=1:72, live=2|final=13:44, live=5|final=2:30, live=4|final=2:22, live=4|final=3:19
2026-05-17 00:39:52,080 INFO mlb_poly_monitor   retired_book BAL@WSH game=822737 line=8.5 side=over_yes count=2 last_cooldown=240s source=gamma status=200 error=gamma_invalid_price:1 token=107337453495...
2026-05-17 00:39:52,080 INFO mlb_poly_monitor   retired_book BAL@WSH game=822737 line=8.5 side=under_no count=2 last_cooldown=240s source=gamma status=200 error=gamma_invalid_price:0 token=796123197447...
2026-05-17 00:39:52,080 INFO mlb_poly_monitor   retired_book LAD@LAA game=824038 line=11.5 side=over_yes count=1 last_cooldown=120s source=gamma status=200 error=gamma_invalid_price:1 token=539712789995...
2026-05-17 00:39:52,080 INFO mlb_poly_monitor   retired_book LAD@LAA game=824038 line=11.5 side=under_no count=1 last_cooldown=120s source=gamma status=200 error=gamma_invalid_price:0 token=829407367765...
2026-05-17 00:39:52,091 INFO live_engine === ORDER LIFECYCLE SUMMARY (2026-05-16) -- placed=10 filled=10 (100%) never_filled=0 other_cancel=0 reserved_on_misses=$0.00 ===
2026-05-17 00:39:52,091 INFO live_engine === GAME SUMMARY (2026-05-16) ===
2026-05-17 00:39:52,091 INFO live_engine   BAL@WSH  final=3-13 (total=16) | O8.5(FILL,W,+6.13)  O10.5(FILL,W,+4.28)
2026-05-17 00:39:52,091 INFO live_engine   CHC@CWS  final=3-8 (total=11) | O7.5(FILL,W,+3.16)  O9.5(FILL,W,+3.33)
2026-05-17 00:39:52,092 INFO live_engine   CIN@CLE  final=4-7 (total=11) | O7.5(FILL,W,+2.50)
2026-05-17 00:39:52,092 INFO live_engine   NYY@NYM  final=3-6 (total=9) | O7.5(FILL,W,+5.38)  O9.5(FILL,L,-10.00)
2026-05-17 00:39:52,092 INFO live_engine   SD@SEA  final=7-4 (total=11) | O7.5(FILL,W,+3.51)
2026-05-17 00:39:52,092 INFO live_engine   SF@ATH  final=6-4 (total=10) | O7.5(FILL,W,+3.51)
2026-05-17 00:39:52,092 INFO live_engine   TEX@HOU  final=1-4 (total=5) | O6.5(FILL,L,-9.99)
2026-05-17 00:39:52,092 INFO live_engine === SHADOW RISK ORDER SUMMARY (2026-05-16; diagnostics only, not gates) ===
2026-05-17 00:39:52,092 INFO live_engine   high_edge (edge>0.220): placed=0 filled=0 missed=0 open=0 fill_rate=n/a filled_W/L=0/0 signal_W/L=0/0 pnl=$0.00 reserved_missed=$0.00
2026-05-17 00:39:52,092 INFO live_engine   ltp_ask_gap (abs(ask-ltp)>0.500): placed=2 filled=2 missed=0 open=0 fill_rate=100% filled_W/L=2/0 signal_W/L=2/0 pnl=$5.83 reserved_missed=$0.00
2026-05-17 00:39:52,092 INFO live_engine   fv_saturation (base_fv>=0.990): placed=0 filled=0 missed=0 open=0 fill_rate=n/a filled_W/L=0/0 signal_W/L=0/0 pnl=$0.00 reserved_missed=$0.00
2026-05-17 00:39:52,092 INFO live_engine   phantom_high (phantom_risk=high): placed=0 filled=0 missed=0 open=0 fill_rate=n/a filled_W/L=0/0 signal_W/L=0/0 pnl=$0.00 reserved_missed=$0.00
2026-05-17 00:39:52,092 INFO live_engine   phantom_high_current_negative (phantom=high & current_edge<0): placed=0 filled=0 missed=0 open=0 fill_rate=n/a filled_W/L=0/0 signal_W/L=0/0 pnl=$0.00 reserved_missed=$0.00
2026-05-17 00:39:52,093 INFO live_engine   current_state_positive (current_edge>=0): placed=8 filled=8 missed=0 open=0 fill_rate=100% filled_W/L=6/2 signal_W/L=6/2 pnl=$1.40 reserved_missed=$0.00
2026-05-17 00:39:52,093 INFO live_engine === SHADOW FEATURE SUMMARY (2026-05-16; diagnostics only, not gates) ===
2026-05-17 00:39:52,093 INFO live_engine   regime:low_ask_high_edge (ask<0.70 & edge>0.20): placed=1 filled=1 missed=0 open=0 fill_rate=100% filled_W/L=1/0 signal_W/L=1/0 pnl=$5.38 roi=54% avg_ask=0.65 avg_edge=0.2092 avg_cur_edge=0.0975 avg_phantom=0.3255 avg_rn=3.5
2026-05-17 00:39:52,093 INFO live_engine   regime:runs_needed_exact_3p5 (runs_needed=3.5): placed=1 filled=1 missed=0 open=0 fill_rate=100% filled_W/L=1/0 signal_W/L=1/0 pnl=$5.38 roi=54% avg_ask=0.65 avg_edge=0.2092 avg_cur_edge=0.0975 avg_phantom=0.3255 avg_rn=3.5
2026-05-17 00:39:52,093 INFO live_engine   regime:home_skip_bottom9_risk (home-leading late state may skip bottom 9th): placed=0 filled=0 missed=0 open=0 fill_rate=n/a filled_W/L=0/0 signal_W/L=0/0 pnl=$0.00 roi=n/a avg_ask=None avg_edge=None avg_cur_edge=None avg_phantom=None avg_rn=None
2026-05-17 00:39:52,093 INFO live_engine   current_phantom_combo:current_edge<0.03|phantom_medium (current_edge x phantom: current_edge<0.03|phantom_medium): placed=3 filled=3 missed=0 open=0 fill_rate=100% filled_W/L=2/1 signal_W/L=2/1 pnl=$0.41 roi=1% avg_ask=0.7067 avg_edge=0.1719 avg_cur_edge=-0.0392 avg_phantom=0.5423 avg_rn=1.8333
2026-05-17 00:39:52,093 INFO live_engine   current_phantom_combo:current_edge>=0.08|phantom_low (current_edge x phantom: current_edge>=0.08|phantom_low): placed=7 filled=7 missed=0 open=0 fill_rate=100% filled_W/L=6/1 signal_W/L=6/1 pnl=$11.40 roi=16% avg_ask=0.76 avg_edge=0.1928 avg_cur_edge=0.1108 avg_phantom=0.2789 avg_rn=2.2143
2026-05-17 00:39:52,093 INFO live_engine   inning_runs_needed_combo:inn_5|rn_<=1.5 (inning x runs_needed: inn_5|rn_<=1.5): placed=1 filled=1 missed=0 open=0 fill_rate=100% filled_W/L=1/0 signal_W/L=1/0 pnl=$2.50 roi=25% avg_ask=0.81 avg_edge=0.1739 avg_cur_edge=0.1266 avg_phantom=0.2244 avg_rn=1.5
2026-05-17 00:39:52,093 INFO live_engine   inning_runs_needed_combo:inn_6|rn_<=1.5 (inning x runs_needed: inn_6|rn_<=1.5): placed=2 filled=2 missed=0 open=0 fill_rate=100% filled_W/L=2/0 signal_W/L=2/0 pnl=$6.84 roi=34% avg_ask=0.76 avg_edge=0.208 avg_cur_edge=0.1177 avg_phantom=0.2919 avg_rn=1.5
2026-05-17 00:39:52,093 INFO live_engine   inning_runs_needed_combo:inn_7|rn_1.5-2.5 (inning x runs_needed: inn_7|rn_1.5-2.5): placed=1 filled=1 missed=0 open=0 fill_rate=100% filled_W/L=1/0 signal_W/L=1/0 pnl=$6.13 roi=61% avg_ask=0.63 avg_edge=0.1711 avg_cur_edge=-0.0525 avg_phantom=0.58 avg_rn=2.5
2026-05-17 00:39:52,093 INFO live_engine   inning_runs_needed_combo:inn_7|rn_<=1.5 (inning x runs_needed: inn_7|rn_<=1.5): placed=2 filled=2 missed=0 open=0 fill_rate=100% filled_W/L=1/1 signal_W/L=1/1 pnl=$-5.72 roi=-29% avg_ask=0.745 avg_edge=0.1723 avg_cur_edge=-0.0326 avg_phantom=0.5235 avg_rn=1.5
2026-05-17 00:39:52,093 INFO live_engine   inning_runs_needed_combo:inn_<=4|rn_1.5-2.5 (inning x runs_needed: inn_<=4|rn_1.5-2.5): placed=3 filled=3 missed=0 open=0 fill_rate=100% filled_W/L=2/1 signal_W/L=2/1 pnl=$-3.32 roi=-11% avg_ask=0.78 avg_edge=0.1836 avg_cur_edge=0.1053 avg_phantom=0.273 avg_rn=2.5
2026-05-17 00:39:52,093 INFO live_engine   inning_runs_needed_combo:inn_<=4|rn_2.5-3.5 (inning x runs_needed: inn_<=4|rn_2.5-3.5): placed=1 filled=1 missed=0 open=0 fill_rate=100% filled_W/L=1/0 signal_W/L=1/0 pnl=$5.38 roi=54% avg_ask=0.65 avg_edge=0.2092 avg_cur_edge=0.0975 avg_phantom=0.3255 avg_rn=3.5
2026-05-17 00:39:52,093 INFO live_engine   bottom9_home_lead_context:home_batting_no_late_lead|pa_11-18 (bottom9/home-lead context: home_batting_no_late_lead|pa_11-18): placed=1 filled=1 missed=0 open=0 fill_rate=100% filled_W/L=1/0 signal_W/L=1/0 pnl=$4.28 roi=43% avg_ask=0.74 avg_edge=0.16 avg_cur_edge=-0.0686 avg_phantom=0.6122 avg_rn=1.5
2026-05-17 00:39:52,093 INFO live_engine   bottom9_home_lead_context:home_batting_no_late_lead|pa_19+ (bottom9/home-lead context: home_batting_no_late_lead|pa_19+): placed=5 filled=5 missed=0 open=0 fill_rate=100% filled_W/L=4/1 signal_W/L=4/1 pnl=$4.56 roi=9% avg_ask=0.752 avg_edge=0.1939 avg_cur_edge=0.114 avg_phantom=0.2757 avg_rn=2.3
2026-05-17 00:39:52,093 INFO live_engine   bottom9_home_lead_context:no_home_late_lead|pa_19+ (bottom9/home-lead context: no_home_late_lead|pa_19+): placed=4 filled=4 missed=0 open=0 fill_rate=100% filled_W/L=3/1 signal_W/L=3/1 pnl=$2.97 roi=7% avg_ask=0.735 avg_edge=0.184 avg_cur_edge=0.0392 avg_phantom=0.3972 avg_rn=2.0
2026-05-17 00:39:52,094 INFO live_engine === CURRENT-STATE EDGE BAND SUMMARY (2026-05-16; score-event trades; diagnostics only, not gates) ===
2026-05-17 00:39:52,094 INFO live_engine   current_edge_lt_0p03 (current_edge<0.030): placed=3 filled=3 missed=0 open=0 fill_rate=100% filled_W/L=2/1 signal_W/L=2/1 pnl=$0.41 roi=1% avg_edge=-0.0392 avg_ask=0.7067 avg_phantom=0.5423
2026-05-17 00:39:52,094 INFO live_engine   current_edge_0p03_to_0p08 (0.030<=current_edge<0.080): placed=0 filled=0 missed=0 open=0 fill_rate=n/a filled_W/L=0/0 signal_W/L=0/0 pnl=$0.00 roi=n/a avg_edge=None avg_ask=None avg_phantom=None
2026-05-17 00:39:52,094 INFO live_engine   current_edge_gte_0p08 (current_edge>=0.080): placed=7 filled=7 missed=0 open=0 fill_rate=100% filled_W/L=6/1 signal_W/L=6/1 pnl=$11.40 roi=16% avg_edge=0.1108 avg_ask=0.76 avg_phantom=0.2789
2026-05-17 00:39:52,094 INFO live_engine   missing (current_edge missing): placed=0 filled=0 missed=0 open=0 fill_rate=n/a filled_W/L=0/0 signal_W/L=0/0 pnl=$0.00 roi=n/a avg_edge=None avg_ask=None avg_phantom=None
2026-05-17 00:39:53,426 INFO live_engine Active-date final scrape complete for 2026-05-16. Tail: Failed:             0 | Run manifest:       C:\Users\micha\Desktop\github\NHL-BOT\baseball\data\manifests\runs\run_20260517T043953Z.json | ========================================================================
2026-05-17 00:39:54,681 INFO live_engine Daily human-review report written: json=C:\Users\micha\Desktop\github\NHL-BOT\baseball\data\analysis_output\daily_human_review\2026-05-16_human_review.json markdown=C:\Users\micha\Desktop\github\NHL-BOT\baseball\data\analysis_output\daily_human_review\2026-05-16_human_review.md
2026-05-17 00:39:55,932 INFO build_calibration_opportunity_training_table Wrote C:\Users\micha\Desktop\github\NHL-BOT\baseball\data\analysis_output\calibration_opportunity_training\calibration_opportunity_training_table.jsonl
2026-05-17 00:39:55,933 INFO build_calibration_opportunity_training_table Wrote C:\Users\micha\Desktop\github\NHL-BOT\baseball\data\analysis_output\calibration_opportunity_training\calibration_opportunity_training_table.csv
2026-05-17 00:39:55,933 INFO build_calibration_opportunity_training_table Wrote C:\Users\micha\Desktop\github\NHL-BOT\baseball\data\analysis_output\calibration_opportunity_training\calibration_opportunity_training_table_manifest.json
2026-05-17 00:39:55,933 INFO build_calibration_opportunity_training_table Rows: source=5079 output=1350 final_labels=1347 score_confirmations=743 selected_inferred_rows=2826 current_support_backfill_rows=2059 score_event_repeat_policy=dedupe collapsed=3729
2026-05-17 00:39:55,967 INFO live_engine Model maturity input table refreshed through 2026-05-16.
2026-05-17 00:39:56,141 INFO live_engine Model maturity report written: json=C:\Users\micha\Desktop\github\NHL-BOT\baseball\data\analysis_output\model_maturity\model_maturity_report.json markdown=C:\Users\micha\Desktop\github\NHL-BOT\baseball\data\analysis_output\model_maturity\model_maturity_report.md
2026-05-17 00:39:56,142 INFO live_engine Final session state saved after run exit.
